[
  {
    "page": 1,
    "content": [
      "Advanced Smart Device - Detailed \n",
      "Overview\n",
      "Product Description\n",
      "Crafted with premium materials, it is built to last. Its ergonomic design makes it easy to use \n",
      "and handle. Available in various sizes and colors to suit your needs. This product offers \n",
      "unmatched performance and reliability. Perfect for everyday use, it provides excellent value \n",
      "for money.\n",
      "Key Features\n",
      "Crafted with premium materials, it is built to last. This product offers unmatched \n",
      "performance and reliability. Easy to maintain and highly durable. It features a sleek and \n",
      "modern design. Its ergonomic design makes it easy to use and handle.\n",
      "Product Details - Section 1\n",
      "Feature\n",
      "Who is \n",
      "Responsible\n",
      "Additional \n",
      "for \n",
      "Vulnerable \n",
      "Customers\n",
      "Rechargeabl\n",
      "e to \n",
      "Customer\n",
      "Reportable \n",
      "by \n",
      "Leaseholder\n",
      "s & Shared \n",
      "Owners\n",
      "Target \n",
      "Priority\n",
      "Warranty\n",
      "Maintenance \n",
      "Team\n",
      "Special cases\n",
      "No, normal \n",
      "wear and \n",
      "tear\n",
      "No, specific \n",
      "cases only\n",
      "Batch\n",
      "Material\n",
      "Customer\n",
      "If critical \n",
      "condition\n",
      "Customer \n",
      "action\n",
      "Depending \n",
      "on policy\n",
      "Batch\n",
      "User Ratings\n",
      "Maintenance \n",
      "Team\n",
      "If critical \n",
      "condition\n",
      "No, normal \n",
      "wear and \n",
      "tear\n",
      "Depending \n",
      "on policy\n",
      "Emergency\n",
      "Power \n",
      "Source\n",
      "Maintenance \n",
      "Team\n",
      "Special cases\n",
      "No, normal \n",
      "wear and \n",
      "tear\n",
      "Depending \n",
      "on policy\n",
      "Batch\n",
      "Price\n",
      "Servicing \n",
      "Team\n",
      "No\n",
      "Yes, if \n",
      "damaged\n",
      "No, specific \n",
      "cases only\n",
      "Emergency\n",
      "Color \n",
      "Options\n",
      "Servicing \n",
      "Team\n",
      "No\n",
      "Yes, if \n",
      "damaged\n",
      "Yes, in all \n",
      "cases\n",
      "Emergency\n",
      "User Ratings\n",
      "Customer\n",
      "Special cases\n",
      "No, normal \n",
      "wear and \n",
      "tear\n",
      "Depending \n",
      "on policy\n",
      "Critical \n",
      "Emergency\n",
      "Price\n",
      "Customer\n",
      "If critical \n",
      "condition\n",
      "Yes, if \n",
      "damaged\n",
      "Depending \n",
      "on policy\n",
      "Emergency\n",
      "Availability\n",
      "Servicing \n",
      "If critical \n",
      "Yes, if \n",
      "Depending \n",
      "Emergency\n"
    ]
  },
  {
    "page": 2,
    "content": [
      "Team\n",
      "condition\n",
      "damaged\n",
      "on policy\n"
    ]
  },
  {
    "page": 3,
    "content": [
      "Product Details - Section 2\n",
      "Feature\n",
      "Who is \n",
      "Responsible\n",
      "Additional \n",
      "for \n",
      "Vulnerable \n",
      "Customers\n",
      "Rechargeabl\n",
      "e to \n",
      "Customer\n",
      "Reportable \n",
      "by \n",
      "Leaseholder\n",
      "s & Shared \n",
      "Owners\n",
      "Target \n",
      "Priority\n",
      "Material\n",
      "Maintenance \n",
      "Team\n",
      "If critical \n",
      "condition\n",
      "Customer \n",
      "action\n",
      "Depending \n",
      "on policy\n",
      "Emergency\n",
      "Warranty\n",
      "Maintenance \n",
      "Team\n",
      "No\n",
      "Yes, if \n",
      "damaged\n",
      "Depending \n",
      "on policy\n",
      "Routine\n",
      "Material\n",
      "Customer\n",
      "Special cases\n",
      "Customer \n",
      "action\n",
      "No, specific \n",
      "cases only\n",
      "Routine\n",
      "Compatibilit\n",
      "y\n",
      "Servicing \n",
      "Team\n",
      "Special cases\n",
      "Yes, if \n",
      "damaged\n",
      "No, specific \n",
      "cases only\n",
      "Batch\n",
      "Warranty\n",
      "Maintenance \n",
      "Team\n",
      "No\n",
      "No, normal \n",
      "wear and \n",
      "tear\n",
      "Depending \n",
      "on policy\n",
      "Critical \n",
      "Emergency\n",
      "Warranty\n",
      "Maintenance \n",
      "Team\n",
      "Special cases\n",
      "No, normal \n",
      "wear and \n",
      "tear\n",
      "No, specific \n",
      "cases only\n",
      "Batch\n",
      "Power \n",
      "Source\n",
      "Customer\n",
      "If critical \n",
      "condition\n",
      "Yes, if \n",
      "damaged\n",
      "No, specific \n",
      "cases only\n",
      "Critical \n",
      "Emergency\n",
      "Material\n",
      "Customer\n",
      "No\n",
      "No, normal \n",
      "wear and \n",
      "tear\n",
      "Depending \n",
      "on policy\n",
      "Emergency\n",
      "User Ratings\n",
      "Customer\n",
      "If critical \n",
      "condition\n",
      "No, normal \n",
      "wear and \n",
      "tear\n",
      "Yes, in all \n",
      "cases\n",
      "Emergency\n"
    ]
  },
  {
    "page": 4,
    "content": [
      "Product Details - Section 3\n",
      "Feature\n",
      "Who is \n",
      "Responsible\n",
      "Additional \n",
      "for \n",
      "Vulnerable \n",
      "Customers\n",
      "Rechargeabl\n",
      "e to \n",
      "Customer\n",
      "Reportable \n",
      "by \n",
      "Leaseholder\n",
      "s & Shared \n",
      "Owners\n",
      "Target \n",
      "Priority\n",
      "Weight\n",
      "Maintenance \n",
      "Team\n",
      "Special cases\n",
      "Yes, if \n",
      "damaged\n",
      "No, specific \n",
      "cases only\n",
      "Batch\n",
      "Power \n",
      "Source\n",
      "Servicing \n",
      "Team\n",
      "Special cases\n",
      "Customer \n",
      "action\n",
      "Yes, in all \n",
      "cases\n",
      "Critical \n",
      "Emergency\n",
      "User Ratings\n",
      "Maintenance \n",
      "Team\n",
      "Special cases\n",
      "No, normal \n",
      "wear and \n",
      "tear\n",
      "Yes, in all \n",
      "cases\n",
      "Emergency\n",
      "Compatibilit\n",
      "y\n",
      "Customer\n",
      "If critical \n",
      "condition\n",
      "Customer \n",
      "action\n",
      "Yes, in all \n",
      "cases\n",
      "Batch\n",
      "Weight\n",
      "Maintenance \n",
      "Team\n",
      "If critical \n",
      "condition\n",
      "No, normal \n",
      "wear and \n",
      "tear\n",
      "Depending \n",
      "on policy\n",
      "Critical \n",
      "Emergency\n",
      "Material\n",
      "Maintenance \n",
      "Team\n",
      "No\n",
      "No, normal \n",
      "wear and \n",
      "tear\n",
      "Yes, in all \n",
      "cases\n",
      "Critical \n",
      "Emergency\n",
      "Dimensions\n",
      "Customer\n",
      "If critical \n",
      "condition\n",
      "Yes, if \n",
      "damaged\n",
      "Depending \n",
      "on policy\n",
      "Emergency\n",
      "Weight\n",
      "Customer\n",
      "If critical \n",
      "condition\n",
      "Customer \n",
      "action\n",
      "No, specific \n",
      "cases only\n",
      "Routine\n",
      "Material\n",
      "Servicing \n",
      "Team\n",
      "No\n",
      "Yes, if \n",
      "damaged\n",
      "Depending \n",
      "on policy\n",
      "Emergency\n"
    ]
  }
]