[
  {
    "page": 1,
    "content": [
      "Advanced Smart Device - Detailed \n",
      "Overview\n",
      "Product Description\n",
      "This item has received rave reviews from customers worldwide. This product offers \n",
      "unmatched performance and reliability. Available in various sizes and colors to suit your \n",
      "needs. Perfect for everyday use, it provides excellent value for money. It features a sleek and \n",
      "modern design.\n",
      "Key Features\n",
      "This product offers unmatched performance and reliability. Available in various sizes and \n",
      "colors to suit your needs. Easy to maintain and highly durable. It features a sleek and \n",
      "modern design. It is environmentally friendly and energy-efficient.\n",
      "Product Details - Section 1\n",
      "Feature\n",
      "Who is \n",
      "Responsible\n",
      "Additional \n",
      "for \n",
      "Vulnerable \n",
      "Customers\n",
      "Rechargeabl\n",
      "e to \n",
      "Customer\n",
      "Reportable \n",
      "by \n",
      "Leaseholder\n",
      "s & Shared \n",
      "Owners\n",
      "Target \n",
      "Priority\n",
      "Availability\n",
      "Servicing \n",
      "Team\n",
      "No\n",
      "Yes, if \n",
      "damaged\n",
      "Depending \n",
      "on policy\n",
      "Batch\n",
      "Power \n",
      "Source\n",
      "Maintenance \n",
      "Team\n",
      "If critical \n",
      "condition\n",
      "No, normal \n",
      "wear and \n",
      "tear\n",
      "No, specific \n",
      "cases only\n",
      "Routine\n",
      "Availability\n",
      "Maintenance \n",
      "Team\n",
      "If critical \n",
      "condition\n",
      "Customer \n",
      "action\n",
      "Depending \n",
      "on policy\n",
      "Routine\n",
      "Price\n",
      "Customer\n",
      "Special cases\n",
      "Yes, if \n",
      "damaged\n",
      "Depending \n",
      "on policy\n",
      "Emergency\n",
      "Price\n",
      "Servicing \n",
      "Team\n",
      "No\n",
      "Yes, if \n",
      "damaged\n",
      "Depending \n",
      "on policy\n",
      "Critical \n",
      "Emergency\n",
      "Dimensions\n",
      "Maintenance \n",
      "Team\n",
      "If critical \n",
      "condition\n",
      "No, normal \n",
      "wear and \n",
      "tear\n",
      "No, specific \n",
      "cases only\n",
      "Batch\n",
      "Price\n",
      "Maintenance \n",
      "Team\n",
      "Special cases\n",
      "No, normal \n",
      "wear and \n",
      "tear\n",
      "No, specific \n",
      "cases only\n",
      "Emergency\n",
      "User Ratings\n",
      "Maintenance \n",
      "Team\n",
      "If critical \n",
      "condition\n",
      "Customer \n",
      "action\n",
      "Yes, in all \n",
      "cases\n",
      "Emergency\n",
      "Compatibilit\n",
      "y\n",
      "Servicing \n",
      "Team\n",
      "Special cases\n",
      "No, normal \n",
      "wear and \n",
      "Depending \n",
      "on policy\n",
      "Critical \n",
      "Emergency\n"
    ]
  },
  {
    "page": 2,
    "content": [
      "tear\n"
    ]
  },
  {
    "page": 3,
    "content": [
      "Product Details - Section 2\n",
      "Feature\n",
      "Who is \n",
      "Responsible\n",
      "Additional \n",
      "for \n",
      "Vulnerable \n",
      "Customers\n",
      "Rechargeabl\n",
      "e to \n",
      "Customer\n",
      "Reportable \n",
      "by \n",
      "Leaseholder\n",
      "s & Shared \n",
      "Owners\n",
      "Target \n",
      "Priority\n",
      "Availability\n",
      "Customer\n",
      "No\n",
      "Customer \n",
      "action\n",
      "Depending \n",
      "on policy\n",
      "Critical \n",
      "Emergency\n",
      "Price\n",
      "Customer\n",
      "Special cases\n",
      "Yes, if \n",
      "damaged\n",
      "No, specific \n",
      "cases only\n",
      "Critical \n",
      "Emergency\n",
      "Availability\n",
      "Servicing \n",
      "Team\n",
      "No\n",
      "Yes, if \n",
      "damaged\n",
      "Yes, in all \n",
      "cases\n",
      "Emergency\n",
      "User Ratings\n",
      "Customer\n",
      "No\n",
      "No, normal \n",
      "wear and \n",
      "tear\n",
      "No, specific \n",
      "cases only\n",
      "Emergency\n",
      "Material\n",
      "Servicing \n",
      "Team\n",
      "No\n",
      "Customer \n",
      "action\n",
      "Yes, in all \n",
      "cases\n",
      "Batch\n",
      "Color \n",
      "Options\n",
      "Servicing \n",
      "Team\n",
      "If critical \n",
      "condition\n",
      "Customer \n",
      "action\n",
      "Depending \n",
      "on policy\n",
      "Routine\n",
      "Availability\n",
      "Maintenance \n",
      "Team\n",
      "If critical \n",
      "condition\n",
      "No, normal \n",
      "wear and \n",
      "tear\n",
      "No, specific \n",
      "cases only\n",
      "Batch\n",
      "Color \n",
      "Options\n",
      "Customer\n",
      "No\n",
      "No, normal \n",
      "wear and \n",
      "tear\n",
      "Depending \n",
      "on policy\n",
      "Critical \n",
      "Emergency\n",
      "Material\n",
      "Servicing \n",
      "Team\n",
      "No\n",
      "Customer \n",
      "action\n",
      "Yes, in all \n",
      "cases\n",
      "Emergency\n"
    ]
  },
  {
    "page": 4,
    "content": [
      "Product Details - Section 3\n",
      "Feature\n",
      "Who is \n",
      "Responsible\n",
      "Additional \n",
      "for \n",
      "Vulnerable \n",
      "Customers\n",
      "Rechargeabl\n",
      "e to \n",
      "Customer\n",
      "Reportable \n",
      "by \n",
      "Leaseholder\n",
      "s & Shared \n",
      "Owners\n",
      "Target \n",
      "Priority\n",
      "User Ratings\n",
      "Customer\n",
      "If critical \n",
      "condition\n",
      "Customer \n",
      "action\n",
      "Yes, in all \n",
      "cases\n",
      "Routine\n",
      "Power \n",
      "Source\n",
      "Customer\n",
      "No\n",
      "Yes, if \n",
      "damaged\n",
      "Depending \n",
      "on policy\n",
      "Batch\n",
      "Dimensions\n",
      "Servicing \n",
      "Team\n",
      "If critical \n",
      "condition\n",
      "No, normal \n",
      "wear and \n",
      "tear\n",
      "No, specific \n",
      "cases only\n",
      "Critical \n",
      "Emergency\n",
      "Power \n",
      "Source\n",
      "Maintenance \n",
      "Team\n",
      "If critical \n",
      "condition\n",
      "Yes, if \n",
      "damaged\n",
      "Depending \n",
      "on policy\n",
      "Routine\n",
      "Power \n",
      "Source\n",
      "Servicing \n",
      "Team\n",
      "Special cases\n",
      "Yes, if \n",
      "damaged\n",
      "No, specific \n",
      "cases only\n",
      "Critical \n",
      "Emergency\n",
      "Power \n",
      "Source\n",
      "Customer\n",
      "Special cases\n",
      "No, normal \n",
      "wear and \n",
      "tear\n",
      "Depending \n",
      "on policy\n",
      "Emergency\n",
      "Power \n",
      "Source\n",
      "Maintenance \n",
      "Team\n",
      "If critical \n",
      "condition\n",
      "No, normal \n",
      "wear and \n",
      "tear\n",
      "No, specific \n",
      "cases only\n",
      "Emergency\n",
      "User Ratings\n",
      "Servicing \n",
      "Team\n",
      "If critical \n",
      "condition\n",
      "Yes, if \n",
      "damaged\n",
      "No, specific \n",
      "cases only\n",
      "Batch\n",
      "Dimensions\n",
      "Maintenance \n",
      "Team\n",
      "If critical \n",
      "condition\n",
      "No, normal \n",
      "wear and \n",
      "tear\n",
      "No, specific \n",
      "cases only\n",
      "Critical \n",
      "Emergency\n"
    ]
  }
]