[
  {
    "pagenum": 1,
    "content1": [
      "Advanced Smart Device - Detailed \n",
      "Overview\n",
      "Product Description\n",
      "This item has received rave reviews from customers worldwide. This product offers \n",
      "unmatched performance and reliability. Available in various sizes and colors to suit your \n",
      "needs. Perfect for everyday use, it provides excellent value for money. It features a sleek and \n",
      "modern design.\n",
      "Key Features\n",
      "This product offers unmatched performance and reliability. Available in various sizes and \n",
      "colors to suit your needs. Easy to maintain and highly durable. It features a sleek and \n",
      "modern design. It is environmentally friendly and energy-efficient.\n",
      "Product Details - Section 1\n"
    ],
    "table": {
      "columns": [
        "Feature",
        "Who is Responsible",
        "Additional for Vulnerable Customers",
        "Rechargeable to Customer",
        "Reportable by Leaseholders & Shared Owners",
        "Target Priority"
      ],
      "rows": [
        {
          "Feature": "Availability",
          "Who is Responsible": "Servicing Team",
          "Additional for Vulnerable Customers": "No",
          "Rechargeable to Customer": "Yes, if damaged",
          "Reportable by Leaseholders & Shared Owners": "Depending on policy",
          "Target Priority": "Batch"
        },
        {
          "Feature": "Power Source",
          "Who is Responsible": "Maintenance Team",
          "Additional for Vulnerable Customers": "If critical condition",
          "Rechargeable to Customer": "No, normal wear and tear",
          "Reportable by Leaseholders & Shared Owners": "No, specific cases only",
          "Target Priority": "Routine"
        },
        {
          "Feature": "Availability",
          "Who is Responsible": "Maintenance Team",
          "Additional for Vulnerable Customers": "If critical condition",
          "Rechargeable to Customer": "Customer action",
          "Reportable by Leaseholders & Shared Owners": "Depending on policy",
          "Target Priority": "Routine"
        },
        {
          "Feature": "Price",
          "Who is Responsible": "Customer",
          "Additional for Vulnerable Customers": "Special cases",
          "Rechargeable to Customer": "Yes, if damaged",
          "Reportable by Leaseholders & Shared Owners": "Depending on policy",
          "Target Priority": "Emergency"
        },
        {
          "Feature": "Price",
          "Who is Responsible": "Servicing Team",
          "Additional for Vulnerable Customers": "No",
          "Rechargeable to Customer": "Yes, if damaged",
          "Reportable by Leaseholders & Shared Owners": "Depending on policy",
          "Target Priority": "Critical Emergency"
        },
        {
          "Feature": "Dimensions",
          "Who is Responsible": "Maintenance Team",
          "Additional for Vulnerable Customers": "If critical condition",
          "Rechargeable to Customer": "No, normal wear and tear",
          "Reportable by Leaseholders & Shared Owners": "No, specific cases only",
          "Target Priority": "Batch"
        },
        {
          "Feature": "Price",
          "Who is Responsible": "Maintenance Team",
          "Additional for Vulnerable Customers": "Special cases",
          "Rechargeable to Customer": "No, normal wear and tear",
          "Reportable by Leaseholders & Shared Owners": "No, specific cases only",
          "Target Priority": "Emergency"
        },
        {
          "Feature": "User Ratings",
          "Who is Responsible": "Maintenance Team",
          "Additional for Vulnerable Customers": "If critical condition",
          "Rechargeable to Customer": "Customer action",
          "Reportable by Leaseholders & Shared Owners": "Yes, in all cases",
          "Target Priority": "Emergency"
        },
        {
          "Feature": "Compatibility",
          "Who is Responsible": "Servicing Team",
          "Additional for Vulnerable Customers": "Special cases",
          "Rechargeable to Customer": "No, normal wear and tear",
          "Reportable by Leaseholders & Shared Owners": "Depending on policy",
          "Target Priority": "Critical Emergency"
        }
      ]
    },
    "content2": []
  },
  {
    "pagebreak": "pagebreak"
  },
  {
    "pagenum": 2,
    "content1": [],
    "content2": [
      "tear\n"
    ]
  },
  {
    "pagebreak": "pagebreak"
  },
  {
    "pagenum": 3,
    "content1": [
      "Product Details - Section 2\n"
    ],
    "table": {
      "columns": [
        "Feature",
        "Who is Responsible",
        "Additional for Vulnerable Customers",
        "Rechargeable to Customer",
        "Reportable by Leaseholders & Shared Owners",
        "Target Priority"
      ],
      "rows": [
        {
          "Feature": "Availability",
          "Who is Responsible": "Servicing Team",
          "Additional for Vulnerable Customers": "No",
          "Rechargeable to Customer": "Yes, if damaged",
          "Reportable by Leaseholders & Shared Owners": "Depending on policy",
          "Target Priority": "Batch"
        },
        {
          "Feature": "Power Source",
          "Who is Responsible": "Maintenance Team",
          "Additional for Vulnerable Customers": "If critical condition",
          "Rechargeable to Customer": "No, normal wear and tear",
          "Reportable by Leaseholders & Shared Owners": "No, specific cases only",
          "Target Priority": "Routine"
        },
        {
          "Feature": "Availability",
          "Who is Responsible": "Maintenance Team",
          "Additional for Vulnerable Customers": "If critical condition",
          "Rechargeable to Customer": "Customer action",
          "Reportable by Leaseholders & Shared Owners": "Depending on policy",
          "Target Priority": "Routine"
        },
        {
          "Feature": "Price",
          "Who is Responsible": "Customer",
          "Additional for Vulnerable Customers": "Special cases",
          "Rechargeable to Customer": "Yes, if damaged",
          "Reportable by Leaseholders & Shared Owners": "Depending on policy",
          "Target Priority": "Emergency"
        },
        {
          "Feature": "Price",
          "Who is Responsible": "Servicing Team",
          "Additional for Vulnerable Customers": "No",
          "Rechargeable to Customer": "Yes, if damaged",
          "Reportable by Leaseholders & Shared Owners": "Depending on policy",
          "Target Priority": "Critical Emergency"
        },
        {
          "Feature": "Dimensions",
          "Who is Responsible": "Maintenance Team",
          "Additional for Vulnerable Customers": "If critical condition",
          "Rechargeable to Customer": "No, normal wear and tear",
          "Reportable by Leaseholders & Shared Owners": "No, specific cases only",
          "Target Priority": "Batch"
        },
        {
          "Feature": "Price",
          "Who is Responsible": "Maintenance Team",
          "Additional for Vulnerable Customers": "Special cases",
          "Rechargeable to Customer": "No, normal wear and tear",
          "Reportable by Leaseholders & Shared Owners": "No, specific cases only",
          "Target Priority": "Emergency"
        },
        {
          "Feature": "User Ratings",
          "Who is Responsible": "Maintenance Team",
          "Additional for Vulnerable Customers": "If critical condition",
          "Rechargeable to Customer": "Customer action",
          "Reportable by Leaseholders & Shared Owners": "Yes, in all cases",
          "Target Priority": "Emergency"
        },
        {
          "Feature": "Compatibility",
          "Who is Responsible": "Servicing Team",
          "Additional for Vulnerable Customers": "Special cases",
          "Rechargeable to Customer": "No, normal wear and tear",
          "Reportable by Leaseholders & Shared Owners": "Depending on policy",
          "Target Priority": "Critical Emergency"
        }
      ]
    },
    "content2": []
  },
  {
    "pagebreak": "pagebreak"
  },
  {
    "pagenum": 4,
    "content1": [
      "Product Details - Section 3\n"
    ],
    "table": {
      "columns": [
        "Feature",
        "Who is Responsible",
        "Additional for Vulnerable Customers",
        "Rechargeable to Customer",
        "Reportable by Leaseholders & Shared Owners",
        "Target Priority"
      ],
      "rows": [
        {
          "Feature": "Availability",
          "Who is Responsible": "Servicing Team",
          "Additional for Vulnerable Customers": "No",
          "Rechargeable to Customer": "Yes, if damaged",
          "Reportable by Leaseholders & Shared Owners": "Depending on policy",
          "Target Priority": "Batch"
        },
        {
          "Feature": "Power Source",
          "Who is Responsible": "Maintenance Team",
          "Additional for Vulnerable Customers": "If critical condition",
          "Rechargeable to Customer": "No, normal wear and tear",
          "Reportable by Leaseholders & Shared Owners": "No, specific cases only",
          "Target Priority": "Routine"
        },
        {
          "Feature": "Availability",
          "Who is Responsible": "Maintenance Team",
          "Additional for Vulnerable Customers": "If critical condition",
          "Rechargeable to Customer": "Customer action",
          "Reportable by Leaseholders & Shared Owners": "Depending on policy",
          "Target Priority": "Routine"
        },
        {
          "Feature": "Price",
          "Who is Responsible": "Customer",
          "Additional for Vulnerable Customers": "Special cases",
          "Rechargeable to Customer": "Yes, if damaged",
          "Reportable by Leaseholders & Shared Owners": "Depending on policy",
          "Target Priority": "Emergency"
        },
        {
          "Feature": "Price",
          "Who is Responsible": "Servicing Team",
          "Additional for Vulnerable Customers": "No",
          "Rechargeable to Customer": "Yes, if damaged",
          "Reportable by Leaseholders & Shared Owners": "Depending on policy",
          "Target Priority": "Critical Emergency"
        },
        {
          "Feature": "Dimensions",
          "Who is Responsible": "Maintenance Team",
          "Additional for Vulnerable Customers": "If critical condition",
          "Rechargeable to Customer": "No, normal wear and tear",
          "Reportable by Leaseholders & Shared Owners": "No, specific cases only",
          "Target Priority": "Batch"
        },
        {
          "Feature": "Price",
          "Who is Responsible": "Maintenance Team",
          "Additional for Vulnerable Customers": "Special cases",
          "Rechargeable to Customer": "No, normal wear and tear",
          "Reportable by Leaseholders & Shared Owners": "No, specific cases only",
          "Target Priority": "Emergency"
        },
        {
          "Feature": "User Ratings",
          "Who is Responsible": "Maintenance Team",
          "Additional for Vulnerable Customers": "If critical condition",
          "Rechargeable to Customer": "Customer action",
          "Reportable by Leaseholders & Shared Owners": "Yes, in all cases",
          "Target Priority": "Emergency"
        },
        {
          "Feature": "Compatibility",
          "Who is Responsible": "Servicing Team",
          "Additional for Vulnerable Customers": "Special cases",
          "Rechargeable to Customer": "No, normal wear and tear",
          "Reportable by Leaseholders & Shared Owners": "Depending on policy",
          "Target Priority": "Critical Emergency"
        }
      ]
    },
    "content2": []
  },
  {
    "pagebreak": "pagebreak"
  }
]