[
  {
    "page": 1,
    "content": [
      "Compact Smart Device - Detailed \n",
      "Overview\n",
      "Product Description\n",
      "Easy to maintain and highly durable. Available in various sizes and colors to suit your needs. \n",
      "It features a sleek and modern design. Its ergonomic design makes it easy to use and handle. \n",
      "This item has received rave reviews from customers worldwide.\n",
      "Key Features\n",
      "Easy to maintain and highly durable. This product offers unmatched performance and \n",
      "reliability. Its ergonomic design makes it easy to use and handle. Designed with the latest \n",
      "technology, it ensures top-notch quality. Crafted with premium materials, it is built to last.\n",
      "Product Details - Section 1\n",
      "Feature\n",
      "Who is \n",
      "Responsible\n",
      "Additional \n",
      "for \n",
      "Vulnerable \n",
      "Customers\n",
      "Rechargeabl\n",
      "e to \n",
      "Customer\n",
      "Reportable \n",
      "by \n",
      "Leaseholder\n",
      "s & Shared \n",
      "Owners\n",
      "Target \n",
      "Priority\n",
      "Price\n",
      "Customer\n",
      "If critical \n",
      "condition\n",
      "No, normal \n",
      "wear and \n",
      "tear\n",
      "Yes, in all \n",
      "cases\n",
      "Batch\n",
      "User Ratings\n",
      "Customer\n",
      "No\n",
      "Yes, if \n",
      "damaged\n",
      "Depending \n",
      "on policy\n",
      "Critical \n",
      "Emergency\n",
      "User Ratings\n",
      "Maintenance \n",
      "Team\n",
      "If critical \n",
      "condition\n",
      "Yes, if \n",
      "damaged\n",
      "Depending \n",
      "on policy\n",
      "Routine\n",
      "Material\n",
      "Servicing \n",
      "Team\n",
      "No\n",
      "Yes, if \n",
      "damaged\n",
      "Depending \n",
      "on policy\n",
      "Critical \n",
      "Emergency\n",
      "Power \n",
      "Source\n",
      "Servicing \n",
      "Team\n",
      "If critical \n",
      "condition\n",
      "No, normal \n",
      "wear and \n",
      "tear\n",
      "Yes, in all \n",
      "cases\n",
      "Routine\n",
      "Material\n",
      "Maintenance \n",
      "Team\n",
      "No\n",
      "No, normal \n",
      "wear and \n",
      "tear\n",
      "Depending \n",
      "on policy\n",
      "Routine\n",
      "Power \n",
      "Source\n",
      "Customer\n",
      "No\n",
      "Yes, if \n",
      "damaged\n",
      "Depending \n",
      "on policy\n",
      "Batch\n",
      "Material\n",
      "Maintenance \n",
      "Team\n",
      "If critical \n",
      "condition\n",
      "Customer \n",
      "action\n",
      "Yes, in all \n",
      "cases\n",
      "Emergency\n",
      "Material\n",
      "Maintenance \n",
      "Team\n",
      "If critical \n",
      "condition\n",
      "No, normal \n",
      "wear and \n",
      "tear\n",
      "Yes, in all \n",
      "cases\n",
      "Critical \n",
      "Emergency\n"
    ]
  },
  {
    "page": 3,
    "content": [
      "Product Details - Section 2\n",
      "Feature\n",
      "Who is \n",
      "Responsible\n",
      "Additional \n",
      "for \n",
      "Vulnerable \n",
      "Customers\n",
      "Rechargeabl\n",
      "e to \n",
      "Customer\n",
      "Reportable \n",
      "by \n",
      "Leaseholder\n",
      "s & Shared \n",
      "Owners\n",
      "Target \n",
      "Priority\n",
      "User Ratings\n",
      "Customer\n",
      "No\n",
      "Yes, if \n",
      "damaged\n",
      "No, specific \n",
      "cases only\n",
      "Batch\n",
      "Warranty\n",
      "Customer\n",
      "If critical \n",
      "condition\n",
      "Customer \n",
      "action\n",
      "No, specific \n",
      "cases only\n",
      "Batch\n",
      "Material\n",
      "Maintenance \n",
      "Team\n",
      "If critical \n",
      "condition\n",
      "No, normal \n",
      "wear and \n",
      "tear\n",
      "Yes, in all \n",
      "cases\n",
      "Critical \n",
      "Emergency\n",
      "Dimensions\n",
      "Customer\n",
      "If critical \n",
      "condition\n",
      "No, normal \n",
      "wear and \n",
      "tear\n",
      "No, specific \n",
      "cases only\n",
      "Critical \n",
      "Emergency\n",
      "Warranty\n",
      "Customer\n",
      "No\n",
      "No, normal \n",
      "wear and \n",
      "tear\n",
      "Yes, in all \n",
      "cases\n",
      "Routine\n",
      "Color \n",
      "Options\n",
      "Customer\n",
      "If critical \n",
      "condition\n",
      "Yes, if \n",
      "damaged\n",
      "Depending \n",
      "on policy\n",
      "Routine\n",
      "Power \n",
      "Source\n",
      "Maintenance \n",
      "Team\n",
      "No\n",
      "Customer \n",
      "action\n",
      "Depending \n",
      "on policy\n",
      "Emergency\n",
      "Color \n",
      "Options\n",
      "Servicing \n",
      "Team\n",
      "If critical \n",
      "condition\n",
      "No, normal \n",
      "wear and \n",
      "tear\n",
      "Yes, in all \n",
      "cases\n",
      "Emergency\n",
      "Compatibilit\n",
      "y\n",
      "Customer\n",
      "Special cases\n",
      "Customer \n",
      "action\n",
      "No, specific \n",
      "cases only\n",
      "Critical \n",
      "Emergency\n"
    ]
  },
  {
    "page": 4,
    "content": [
      "Product Details - Section 3\n",
      "Feature\n",
      "Who is \n",
      "Responsible\n",
      "Additional \n",
      "for \n",
      "Vulnerable \n",
      "Customers\n",
      "Rechargeabl\n",
      "e to \n",
      "Customer\n",
      "Reportable \n",
      "by \n",
      "Leaseholder\n",
      "s & Shared \n",
      "Owners\n",
      "Target \n",
      "Priority\n",
      "User Ratings\n",
      "Servicing \n",
      "Team\n",
      "If critical \n",
      "condition\n",
      "Customer \n",
      "action\n",
      "No, specific \n",
      "cases only\n",
      "Emergency\n",
      "Price\n",
      "Customer\n",
      "No\n",
      "Customer \n",
      "action\n",
      "No, specific \n",
      "cases only\n",
      "Routine\n",
      "Price\n",
      "Servicing \n",
      "Team\n",
      "Special cases\n",
      "Customer \n",
      "action\n",
      "No, specific \n",
      "cases only\n",
      "Routine\n",
      "Power \n",
      "Source\n",
      "Customer\n",
      "Special cases\n",
      "Yes, if \n",
      "damaged\n",
      "Yes, in all \n",
      "cases\n",
      "Routine\n",
      "Warranty\n",
      "Servicing \n",
      "Team\n",
      "Special cases\n",
      "Yes, if \n",
      "damaged\n",
      "Yes, in all \n",
      "cases\n",
      "Routine\n",
      "Compatibilit\n",
      "y\n",
      "Servicing \n",
      "Team\n",
      "No\n",
      "No, normal \n",
      "wear and \n",
      "tear\n",
      "Yes, in all \n",
      "cases\n",
      "Batch\n",
      "Color \n",
      "Options\n",
      "Customer\n",
      "No\n",
      "Customer \n",
      "action\n",
      "Depending \n",
      "on policy\n",
      "Critical \n",
      "Emergency\n",
      "Dimensions\n",
      "Customer\n",
      "Special cases\n",
      "No, normal \n",
      "wear and \n",
      "tear\n",
      "No, specific \n",
      "cases only\n",
      "Emergency\n",
      "Warranty\n",
      "Servicing \n",
      "Team\n",
      "No\n",
      "Customer \n",
      "action\n",
      "Depending \n",
      "on policy\n",
      "Emergency\n"
    ]
  }
]