[
  {
    "pagenum": 1,
    "content1": [
      "Product Catalog - Document 10\n",
      "Product 1\n",
      "Amazing Equipment\n",
      "This product offers unmatched performance and reliability. Available in various sizes and \n",
      "colors to suit your needs. Its ergonomic design makes it easy to use and handle.\n"
    ],
    "table": {
      "columns": [
        "Feature",
        "Description"
      ],
      "rows": [
        {
          "Feature": "Weight",
          "Description": "This product offers unmatched performance and reliability. Perfect for everyday use, it provides excellent value for money. Available in various sizes and colors to suit your needs."
        },
        {
          "Feature": "Weight",
          "Description": "This product offers unmatched performance and reliability. Crafted with premium materials, it is built to last. Designed with the latest technology, it ensures top-notch quality."
        },
        {
          "Feature": "Warranty",
          "Description": "It is environmentally friendly and energy-efficient. Perfect for everyday use, it provides excellent value for money. Designed with the latest technology, it ensures top-notch quality."
        },
        {
          "Feature": "Color Options",
          "Description": "It is environmentally friendly and energy-efficient. Perfect for everyday use, it provides excellent value for money. Designed with the latest technology, it ensures top-notch quality."
        }
      ]
    },
    "content2": []
  },
  {
    "pagebreak": "pagebreak"
  },
  {
    "pagenum": 2,
    "content1": [
      "Product 2\n",
      "Fantastic Equipment\n",
      "It is environmentally friendly and energy-efficient. Perfect for everyday use, it provides \n",
      "excellent value for money. This item has received rave reviews from customers worldwide.\n"
    ],
    "table": {
      "columns": [
        "Feature",
        "Description"
      ],
      "rows": [
        {
          "Feature": "Weight",
          "Description": "This product offers unmatched performance and reliability. Perfect for everyday use, it provides excellent value for money. Available in various sizes and colors to suit your needs."
        },
        {
          "Feature": "Weight",
          "Description": "This product offers unmatched performance and reliability. Crafted with premium materials, it is built to last. Designed with the latest technology, it ensures top-notch quality."
        },
        {
          "Feature": "Warranty",
          "Description": "It is environmentally friendly and energy-efficient. Perfect for everyday use, it provides excellent value for money. Designed with the latest technology, it ensures top-notch quality."
        },
        {
          "Feature": "Color Options",
          "Description": "It is environmentally friendly and energy-efficient. Perfect for everyday use, it provides excellent value for money. Designed with the latest technology, it ensures top-notch quality."
        }
      ]
    },
    "content2": []
  },
  {
    "pagebreak": "pagebreak"
  },
  {
    "pagenum": 3,
    "content1": [
      "Product 3\n",
      "Eco-friendly Instrument\n",
      "This item has received rave reviews from customers worldwide. Available in various sizes \n",
      "and colors to suit your needs. Perfect for everyday use, it provides excellent value for \n",
      "money.\n"
    ],
    "table": {
      "columns": [
        "Feature",
        "Description"
      ],
      "rows": [
        {
          "Feature": "Weight",
          "Description": "This product offers unmatched performance and reliability. Perfect for everyday use, it provides excellent value for money. Available in various sizes and colors to suit your needs."
        },
        {
          "Feature": "Weight",
          "Description": "This product offers unmatched performance and reliability. Crafted with premium materials, it is built to last. Designed with the latest technology, it ensures top-notch quality."
        },
        {
          "Feature": "Warranty",
          "Description": "It is environmentally friendly and energy-efficient. Perfect for everyday use, it provides excellent value for money. Designed with the latest technology, it ensures top-notch quality."
        },
        {
          "Feature": "Color Options",
          "Description": "It is environmentally friendly and energy-efficient. Perfect for everyday use, it provides excellent value for money. Designed with the latest technology, it ensures top-notch quality."
        }
      ]
    },
    "content2": []
  },
  {
    "pagebreak": "pagebreak"
  },
  {
    "pagenum": 4,
    "content1": [
      "Product 4\n",
      "Compact Tool\n",
      "Perfect for everyday use, it provides excellent value for money. Designed with the latest \n",
      "technology, it ensures top-notch quality. This item has received rave reviews from \n",
      "customers worldwide.\n"
    ],
    "table": {
      "columns": [
        "Feature",
        "Description"
      ],
      "rows": [
        {
          "Feature": "Weight",
          "Description": "This product offers unmatched performance and reliability. Perfect for everyday use, it provides excellent value for money. Available in various sizes and colors to suit your needs."
        },
        {
          "Feature": "Weight",
          "Description": "This product offers unmatched performance and reliability. Crafted with premium materials, it is built to last. Designed with the latest technology, it ensures top-notch quality."
        },
        {
          "Feature": "Warranty",
          "Description": "It is environmentally friendly and energy-efficient. Perfect for everyday use, it provides excellent value for money. Designed with the latest technology, it ensures top-notch quality."
        },
        {
          "Feature": "Color Options",
          "Description": "It is environmentally friendly and energy-efficient. Perfect for everyday use, it provides excellent value for money. Designed with the latest technology, it ensures top-notch quality."
        }
      ]
    },
    "content2": []
  },
  {
    "pagebreak": "pagebreak"
  },
  {
    "pagenum": 5,
    "content1": [
      "Product 5\n",
      "Fantastic Accessory\n",
      "Crafted with premium materials, it is built to last. This product offers unmatched \n",
      "performance and reliability. Perfect for everyday use, it provides excellent value for money.\n"
    ],
    "table": {
      "columns": [
        "Feature",
        "Description"
      ],
      "rows": [
        {
          "Feature": "Weight",
          "Description": "This product offers unmatched performance and reliability. Perfect for everyday use, it provides excellent value for money. Available in various sizes and colors to suit your needs."
        },
        {
          "Feature": "Weight",
          "Description": "This product offers unmatched performance and reliability. Crafted with premium materials, it is built to last. Designed with the latest technology, it ensures top-notch quality."
        },
        {
          "Feature": "Warranty",
          "Description": "It is environmentally friendly and energy-efficient. Perfect for everyday use, it provides excellent value for money. Designed with the latest technology, it ensures top-notch quality."
        },
        {
          "Feature": "Color Options",
          "Description": "It is environmentally friendly and energy-efficient. Perfect for everyday use, it provides excellent value for money. Designed with the latest technology, it ensures top-notch quality."
        }
      ]
    },
    "content2": []
  },
  {
    "pagebreak": "pagebreak"
  },
  {
    "pagenum": 6,
    "content1": [
      "Product 6\n",
      "Compact Appliance\n",
      "This product offers unmatched performance and reliability. Crafted with premium \n",
      "materials, it is built to last. Perfect for everyday use, it provides excellent value for money.\n"
    ],
    "table": {
      "columns": [
        "Feature",
        "Description"
      ],
      "rows": [
        {
          "Feature": "Weight",
          "Description": "This product offers unmatched performance and reliability. Perfect for everyday use, it provides excellent value for money. Available in various sizes and colors to suit your needs."
        },
        {
          "Feature": "Weight",
          "Description": "This product offers unmatched performance and reliability. Crafted with premium materials, it is built to last. Designed with the latest technology, it ensures top-notch quality."
        },
        {
          "Feature": "Warranty",
          "Description": "It is environmentally friendly and energy-efficient. Perfect for everyday use, it provides excellent value for money. Designed with the latest technology, it ensures top-notch quality."
        },
        {
          "Feature": "Color Options",
          "Description": "It is environmentally friendly and energy-efficient. Perfect for everyday use, it provides excellent value for money. Designed with the latest technology, it ensures top-notch quality."
        }
      ]
    },
    "content2": []
  },
  {
    "pagebreak": "pagebreak"
  },
  {
    "pagenum": 7,
    "content1": [
      "Product 7\n",
      "Fantastic Equipment\n",
      "Available in various sizes and colors to suit your needs. This product offers unmatched \n",
      "performance and reliability. Designed with the latest technology, it ensures top-notch \n",
      "quality.\n"
    ],
    "table": {
      "columns": [
        "Feature",
        "Description"
      ],
      "rows": [
        {
          "Feature": "Weight",
          "Description": "This product offers unmatched performance and reliability. Perfect for everyday use, it provides excellent value for money. Available in various sizes and colors to suit your needs."
        },
        {
          "Feature": "Weight",
          "Description": "This product offers unmatched performance and reliability. Crafted with premium materials, it is built to last. Designed with the latest technology, it ensures top-notch quality."
        },
        {
          "Feature": "Warranty",
          "Description": "It is environmentally friendly and energy-efficient. Perfect for everyday use, it provides excellent value for money. Designed with the latest technology, it ensures top-notch quality."
        },
        {
          "Feature": "Color Options",
          "Description": "It is environmentally friendly and energy-efficient. Perfect for everyday use, it provides excellent value for money. Designed with the latest technology, it ensures top-notch quality."
        }
      ]
    },
    "content2": []
  },
  {
    "pagebreak": "pagebreak"
  },
  {
    "pagenum": 8,
    "content1": [
      "Product 8\n",
      "Eco-friendly Instrument\n",
      "Available in various sizes and colors to suit your needs. Perfect for everyday use, it provides \n",
      "excellent value for money. This item has received rave reviews from customers worldwide.\n"
    ],
    "table": {
      "columns": [
        "Feature",
        "Description"
      ],
      "rows": [
        {
          "Feature": "Weight",
          "Description": "This product offers unmatched performance and reliability. Perfect for everyday use, it provides excellent value for money. Available in various sizes and colors to suit your needs."
        },
        {
          "Feature": "Weight",
          "Description": "This product offers unmatched performance and reliability. Crafted with premium materials, it is built to last. Designed with the latest technology, it ensures top-notch quality."
        },
        {
          "Feature": "Warranty",
          "Description": "It is environmentally friendly and energy-efficient. Perfect for everyday use, it provides excellent value for money. Designed with the latest technology, it ensures top-notch quality."
        },
        {
          "Feature": "Color Options",
          "Description": "It is environmentally friendly and energy-efficient. Perfect for everyday use, it provides excellent value for money. Designed with the latest technology, it ensures top-notch quality."
        }
      ]
    },
    "content2": []
  },
  {
    "pagebreak": "pagebreak"
  },
  {
    "pagenum": 9,
    "content1": [
      "Product 9\n",
      "Incredible Item\n",
      "This item has received rave reviews from customers worldwide. Designed with the latest \n",
      "technology, it ensures top-notch quality. Available in various sizes and colors to suit your \n",
      "needs.\n"
    ],
    "table": {
      "columns": [
        "Feature",
        "Description"
      ],
      "rows": [
        {
          "Feature": "Weight",
          "Description": "This product offers unmatched performance and reliability. Perfect for everyday use, it provides excellent value for money. Available in various sizes and colors to suit your needs."
        },
        {
          "Feature": "Weight",
          "Description": "This product offers unmatched performance and reliability. Crafted with premium materials, it is built to last. Designed with the latest technology, it ensures top-notch quality."
        },
        {
          "Feature": "Warranty",
          "Description": "It is environmentally friendly and energy-efficient. Perfect for everyday use, it provides excellent value for money. Designed with the latest technology, it ensures top-notch quality."
        },
        {
          "Feature": "Color Options",
          "Description": "It is environmentally friendly and energy-efficient. Perfect for everyday use, it provides excellent value for money. Designed with the latest technology, it ensures top-notch quality."
        }
      ]
    },
    "content2": []
  },
  {
    "pagebreak": "pagebreak"
  },
  {
    "pagenum": 10,
    "content1": [
      "Product 10\n",
      "Compact Appliance\n",
      "Its ergonomic design makes it easy to use and handle. It is environmentally friendly and \n",
      "energy-efficient. This product offers unmatched performance and reliability.\n"
    ],
    "table": {
      "columns": [
        "Feature",
        "Description"
      ],
      "rows": [
        {
          "Feature": "Weight",
          "Description": "This product offers unmatched performance and reliability. Perfect for everyday use, it provides excellent value for money. Available in various sizes and colors to suit your needs."
        },
        {
          "Feature": "Weight",
          "Description": "This product offers unmatched performance and reliability. Crafted with premium materials, it is built to last. Designed with the latest technology, it ensures top-notch quality."
        },
        {
          "Feature": "Warranty",
          "Description": "It is environmentally friendly and energy-efficient. Perfect for everyday use, it provides excellent value for money. Designed with the latest technology, it ensures top-notch quality."
        },
        {
          "Feature": "Color Options",
          "Description": "It is environmentally friendly and energy-efficient. Perfect for everyday use, it provides excellent value for money. Designed with the latest technology, it ensures top-notch quality."
        }
      ]
    },
    "content2": []
  },
  {
    "pagebreak": "pagebreak"
  },
  {
    "pagenum": 11,
    "content1": [
      "Product 11\n",
      "Incredible Equipment\n",
      "Perfect for everyday use, it provides excellent value for money. Its ergonomic design makes \n",
      "it easy to use and handle. It is environmentally friendly and energy-efficient.\n"
    ],
    "table": {
      "columns": [
        "Feature",
        "Description"
      ],
      "rows": [
        {
          "Feature": "Weight",
          "Description": "This product offers unmatched performance and reliability. Perfect for everyday use, it provides excellent value for money. Available in various sizes and colors to suit your needs."
        },
        {
          "Feature": "Weight",
          "Description": "This product offers unmatched performance and reliability. Crafted with premium materials, it is built to last. Designed with the latest technology, it ensures top-notch quality."
        },
        {
          "Feature": "Warranty",
          "Description": "It is environmentally friendly and energy-efficient. Perfect for everyday use, it provides excellent value for money. Designed with the latest technology, it ensures top-notch quality."
        },
        {
          "Feature": "Color Options",
          "Description": "It is environmentally friendly and energy-efficient. Perfect for everyday use, it provides excellent value for money. Designed with the latest technology, it ensures top-notch quality."
        }
      ]
    },
    "content2": [
      "efficient.\n",
      "environmentally friendly and energy-\n",
      "performance and reliability. It is \n",
      "your needs. This product offers unmatched \n",
      "Available in various sizes and colors to suit \n",
      "Warranty\n",
      "to last.\n",
      "Crafted with premium materials, it is built \n",
      "various sizes and colors to suit your needs. \n",
      "excellent value for money. Available in \n",
      "Perfect for everyday use, it provides \n",
      "Price\n",
      "efficient.\n",
      "is environmentally friendly and energy-\n",
      "unmatched performance and reliability. It \n",
      "customers worldwide. This product offers \n",
      "This item has received rave reviews from \n",
      "Price\n",
      "for money.\n",
      "everyday use, it provides excellent value \n",
      "performance and reliability. Perfect for \n",
      "efficient. This product offers unmatched \n",
      "It is environmentally friendly and energy-\n",
      "User Ratings\n",
      "Description\n",
      "Feature\n"
    ]
  },
  {
    "pagebreak": "pagebreak"
  },
  {
    "pagenum": 12,
    "content1": [
      "Product 12\n",
      "Innovative Gadget\n",
      "This product offers unmatched performance and reliability. It is environmentally friendly \n",
      "and energy-efficient. Its ergonomic design makes it easy to use and handle.\n"
    ],
    "table": {
      "columns": [
        "Feature",
        "Description"
      ],
      "rows": [
        {
          "Feature": "Weight",
          "Description": "This product offers unmatched performance and reliability. Perfect for everyday use, it provides excellent value for money. Available in various sizes and colors to suit your needs."
        },
        {
          "Feature": "Weight",
          "Description": "This product offers unmatched performance and reliability. Crafted with premium materials, it is built to last. Designed with the latest technology, it ensures top-notch quality."
        },
        {
          "Feature": "Warranty",
          "Description": "It is environmentally friendly and energy-efficient. Perfect for everyday use, it provides excellent value for money. Designed with the latest technology, it ensures top-notch quality."
        },
        {
          "Feature": "Color Options",
          "Description": "It is environmentally friendly and energy-efficient. Perfect for everyday use, it provides excellent value for money. Designed with the latest technology, it ensures top-notch quality."
        }
      ]
    },
    "content2": []
  },
  {
    "pagebreak": "pagebreak"
  },
  {
    "pagenum": 13,
    "content1": [
      "Product 13\n",
      "Stylish Item\n",
      "Its ergonomic design makes it easy to use and handle. It is environmentally friendly and \n",
      "energy-efficient. Perfect for everyday use, it provides excellent value for money.\n"
    ],
    "table": {
      "columns": [
        "Feature",
        "Description"
      ],
      "rows": [
        {
          "Feature": "Weight",
          "Description": "This product offers unmatched performance and reliability. Perfect for everyday use, it provides excellent value for money. Available in various sizes and colors to suit your needs."
        },
        {
          "Feature": "Weight",
          "Description": "This product offers unmatched performance and reliability. Crafted with premium materials, it is built to last. Designed with the latest technology, it ensures top-notch quality."
        },
        {
          "Feature": "Warranty",
          "Description": "It is environmentally friendly and energy-efficient. Perfect for everyday use, it provides excellent value for money. Designed with the latest technology, it ensures top-notch quality."
        },
        {
          "Feature": "Color Options",
          "Description": "It is environmentally friendly and energy-efficient. Perfect for everyday use, it provides excellent value for money. Designed with the latest technology, it ensures top-notch quality."
        }
      ]
    },
    "content2": []
  },
  {
    "pagebreak": "pagebreak"
  },
  {
    "pagenum": 14,
    "content1": [
      "Product 14\n",
      "Eco-friendly Equipment\n",
      "This item has received rave reviews from customers worldwide. This product offers \n",
      "unmatched performance and reliability. Designed with the latest technology, it ensures top-\n",
      "notch quality.\n"
    ],
    "table": {
      "columns": [
        "Feature",
        "Description"
      ],
      "rows": [
        {
          "Feature": "Weight",
          "Description": "This product offers unmatched performance and reliability. Perfect for everyday use, it provides excellent value for money. Available in various sizes and colors to suit your needs."
        },
        {
          "Feature": "Weight",
          "Description": "This product offers unmatched performance and reliability. Crafted with premium materials, it is built to last. Designed with the latest technology, it ensures top-notch quality."
        },
        {
          "Feature": "Warranty",
          "Description": "It is environmentally friendly and energy-efficient. Perfect for everyday use, it provides excellent value for money. Designed with the latest technology, it ensures top-notch quality."
        },
        {
          "Feature": "Color Options",
          "Description": "It is environmentally friendly and energy-efficient. Perfect for everyday use, it provides excellent value for money. Designed with the latest technology, it ensures top-notch quality."
        }
      ]
    },
    "content2": [
      "efficient.\n",
      "environmentally friendly and energy-\n",
      "premium materials, it is built to last. It is \n",
      "customers worldwide. Crafted with \n",
      "This item has received rave reviews from \n",
      "Availability\n",
      "worldwide.\n",
      "received rave reviews from customers \n",
      "excellent value for money. This item has \n",
      "to last. Perfect for everyday use, it provides \n",
      "Crafted with premium materials, it is built \n",
      "Weight\n",
      "easy to use and handle.\n",
      "for money. Its ergonomic design makes it \n",
      "everyday use, it provides excellent value \n",
      "performance and reliability. Perfect for \n",
      "This product offers unmatched \n",
      "Power Source\n",
      "quality.\n",
      "the latest technology, it ensures top-notch \n",
      "from customers worldwide. Designed with \n",
      "to last. This item has received rave reviews \n",
      "Crafted with premium materials, it is built \n",
      "Weight\n",
      "Description\n",
      "Feature\n"
    ]
  },
  {
    "pagebreak": "pagebreak"
  },
  {
    "pagenum": 15,
    "content1": [
      "Product 15\n",
      "Amazing Instrument\n",
      "Its ergonomic design makes it easy to use and handle. Crafted with premium materials, it is \n",
      "built to last. This item has received rave reviews from customers worldwide.\n"
    ],
    "table": {
      "columns": [
        "Feature",
        "Description"
      ],
      "rows": [
        {
          "Feature": "Weight",
          "Description": "This product offers unmatched performance and reliability. Perfect for everyday use, it provides excellent value for money. Available in various sizes and colors to suit your needs."
        },
        {
          "Feature": "Weight",
          "Description": "This product offers unmatched performance and reliability. Crafted with premium materials, it is built to last. Designed with the latest technology, it ensures top-notch quality."
        },
        {
          "Feature": "Warranty",
          "Description": "It is environmentally friendly and energy-efficient. Perfect for everyday use, it provides excellent value for money. Designed with the latest technology, it ensures top-notch quality."
        },
        {
          "Feature": "Color Options",
          "Description": "It is environmentally friendly and energy-efficient. Perfect for everyday use, it provides excellent value for money. Designed with the latest technology, it ensures top-notch quality."
        }
      ]
    },
    "content2": []
  },
  {
    "pagebreak": "pagebreak"
  },
  {
    "pagenum": 16,
    "content1": [
      "Product 16\n",
      "Innovative Instrument\n",
      "This product offers unmatched performance and reliability. Available in various sizes and \n",
      "colors to suit your needs. It is environmentally friendly and energy-efficient.\n"
    ],
    "table": {
      "columns": [
        "Feature",
        "Description"
      ],
      "rows": [
        {
          "Feature": "Weight",
          "Description": "This product offers unmatched performance and reliability. Perfect for everyday use, it provides excellent value for money. Available in various sizes and colors to suit your needs."
        },
        {
          "Feature": "Weight",
          "Description": "This product offers unmatched performance and reliability. Crafted with premium materials, it is built to last. Designed with the latest technology, it ensures top-notch quality."
        },
        {
          "Feature": "Warranty",
          "Description": "It is environmentally friendly and energy-efficient. Perfect for everyday use, it provides excellent value for money. Designed with the latest technology, it ensures top-notch quality."
        },
        {
          "Feature": "Color Options",
          "Description": "It is environmentally friendly and energy-efficient. Perfect for everyday use, it provides excellent value for money. Designed with the latest technology, it ensures top-notch quality."
        }
      ]
    },
    "content2": []
  },
  {
    "pagebreak": "pagebreak"
  },
  {
    "pagenum": 17,
    "content1": [
      "Product 17\n",
      "Incredible Device\n",
      "This product offers unmatched performance and reliability. Designed with the latest \n",
      "technology, it ensures top-notch quality. Its ergonomic design makes it easy to use and \n",
      "handle.\n"
    ],
    "table": {
      "columns": [
        "Feature",
        "Description"
      ],
      "rows": [
        {
          "Feature": "Weight",
          "Description": "This product offers unmatched performance and reliability. Perfect for everyday use, it provides excellent value for money. Available in various sizes and colors to suit your needs."
        },
        {
          "Feature": "Weight",
          "Description": "This product offers unmatched performance and reliability. Crafted with premium materials, it is built to last. Designed with the latest technology, it ensures top-notch quality."
        },
        {
          "Feature": "Warranty",
          "Description": "It is environmentally friendly and energy-efficient. Perfect for everyday use, it provides excellent value for money. Designed with the latest technology, it ensures top-notch quality."
        },
        {
          "Feature": "Color Options",
          "Description": "It is environmentally friendly and energy-efficient. Perfect for everyday use, it provides excellent value for money. Designed with the latest technology, it ensures top-notch quality."
        }
      ]
    },
    "content2": []
  },
  {
    "pagebreak": "pagebreak"
  },
  {
    "pagenum": 18,
    "content1": [
      "Product 18\n",
      "Eco-friendly Instrument\n",
      "It is environmentally friendly and energy-efficient. Available in various sizes and colors to \n",
      "suit your needs. Crafted with premium materials, it is built to last.\n"
    ],
    "table": {
      "columns": [
        "Feature",
        "Description"
      ],
      "rows": [
        {
          "Feature": "Weight",
          "Description": "This product offers unmatched performance and reliability. Perfect for everyday use, it provides excellent value for money. Available in various sizes and colors to suit your needs."
        },
        {
          "Feature": "Weight",
          "Description": "This product offers unmatched performance and reliability. Crafted with premium materials, it is built to last. Designed with the latest technology, it ensures top-notch quality."
        },
        {
          "Feature": "Warranty",
          "Description": "It is environmentally friendly and energy-efficient. Perfect for everyday use, it provides excellent value for money. Designed with the latest technology, it ensures top-notch quality."
        },
        {
          "Feature": "Color Options",
          "Description": "It is environmentally friendly and energy-efficient. Perfect for everyday use, it provides excellent value for money. Designed with the latest technology, it ensures top-notch quality."
        }
      ]
    },
    "content2": []
  },
  {
    "pagebreak": "pagebreak"
  },
  {
    "pagenum": 19,
    "content1": [
      "Product 19\n",
      "Durable Accessory\n",
      "Available in various sizes and colors to suit your needs. This product offers unmatched \n",
      "performance and reliability. Perfect for everyday use, it provides excellent value for money.\n"
    ],
    "table": {
      "columns": [
        "Feature",
        "Description"
      ],
      "rows": [
        {
          "Feature": "Weight",
          "Description": "This product offers unmatched performance and reliability. Perfect for everyday use, it provides excellent value for money. Available in various sizes and colors to suit your needs."
        },
        {
          "Feature": "Weight",
          "Description": "This product offers unmatched performance and reliability. Crafted with premium materials, it is built to last. Designed with the latest technology, it ensures top-notch quality."
        },
        {
          "Feature": "Warranty",
          "Description": "It is environmentally friendly and energy-efficient. Perfect for everyday use, it provides excellent value for money. Designed with the latest technology, it ensures top-notch quality."
        },
        {
          "Feature": "Color Options",
          "Description": "It is environmentally friendly and energy-efficient. Perfect for everyday use, it provides excellent value for money. Designed with the latest technology, it ensures top-notch quality."
        }
      ]
    },
    "content2": []
  },
  {
    "pagebreak": "pagebreak"
  },
  {
    "pagenum": 20,
    "content1": [
      "Product 20\n",
      "Innovative Gadget\n",
      "Designed with the latest technology, it ensures top-notch quality. This item has received \n",
      "rave reviews from customers worldwide. This product offers unmatched performance and \n",
      "reliability.\n"
    ],
    "table": {
      "columns": [
        "Feature",
        "Description"
      ],
      "rows": [
        {
          "Feature": "Weight",
          "Description": "This product offers unmatched performance and reliability. Perfect for everyday use, it provides excellent value for money. Available in various sizes and colors to suit your needs."
        },
        {
          "Feature": "Weight",
          "Description": "This product offers unmatched performance and reliability. Crafted with premium materials, it is built to last. Designed with the latest technology, it ensures top-notch quality."
        },
        {
          "Feature": "Warranty",
          "Description": "It is environmentally friendly and energy-efficient. Perfect for everyday use, it provides excellent value for money. Designed with the latest technology, it ensures top-notch quality."
        },
        {
          "Feature": "Color Options",
          "Description": "It is environmentally friendly and energy-efficient. Perfect for everyday use, it provides excellent value for money. Designed with the latest technology, it ensures top-notch quality."
        }
      ]
    },
    "content2": [
      "efficient.\n",
      "environmentally friendly and energy-\n",
      "excellent value for money. It is \n",
      "to last. Perfect for everyday use, it provides \n",
      "Crafted with premium materials, it is built \n",
      "Weight\n",
      "your needs.\n",
      "Available in various sizes and colors to suit \n",
      "design makes it easy to use and handle. \n",
      "performance and reliability. Its ergonomic \n",
      "This product offers unmatched \n",
      "Compatibility\n",
      "efficient.\n",
      "environmentally friendly and energy-\n",
      "design makes it easy to use and handle. It is \n",
      "excellent value for money. Its ergonomic \n",
      "Perfect for everyday use, it provides \n",
      "Warranty\n",
      "to use and handle.\n",
      "quality. Its ergonomic design makes it easy \n",
      "the latest technology, it ensures top-notch \n",
      "excellent value for money. Designed with \n",
      "Perfect for everyday use, it provides \n",
      "Availability\n",
      "Description\n",
      "Feature\n"
    ]
  },
  {
    "pagebreak": "pagebreak"
  },
  {
    "pagenum": 21,
    "content1": [
      "Product 21\n",
      "Compact Equipment\n",
      "This item has received rave reviews from customers worldwide. Available in various sizes \n",
      "and colors to suit your needs. This product offers unmatched performance and reliability.\n"
    ],
    "table": {
      "columns": [
        "Feature",
        "Description"
      ],
      "rows": [
        {
          "Feature": "Weight",
          "Description": "This product offers unmatched performance and reliability. Perfect for everyday use, it provides excellent value for money. Available in various sizes and colors to suit your needs."
        },
        {
          "Feature": "Weight",
          "Description": "This product offers unmatched performance and reliability. Crafted with premium materials, it is built to last. Designed with the latest technology, it ensures top-notch quality."
        },
        {
          "Feature": "Warranty",
          "Description": "It is environmentally friendly and energy-efficient. Perfect for everyday use, it provides excellent value for money. Designed with the latest technology, it ensures top-notch quality."
        },
        {
          "Feature": "Color Options",
          "Description": "It is environmentally friendly and energy-efficient. Perfect for everyday use, it provides excellent value for money. Designed with the latest technology, it ensures top-notch quality."
        }
      ]
    },
    "content2": []
  },
  {
    "pagebreak": "pagebreak"
  },
  {
    "pagenum": 22,
    "content1": [
      "Product 22\n",
      "Incredible Gadget\n",
      "Crafted with premium materials, it is built to last. Designed with the latest technology, it \n",
      "ensures top-notch quality. Its ergonomic design makes it easy to use and handle.\n"
    ],
    "table": {
      "columns": [
        "Feature",
        "Description"
      ],
      "rows": [
        {
          "Feature": "Weight",
          "Description": "This product offers unmatched performance and reliability. Perfect for everyday use, it provides excellent value for money. Available in various sizes and colors to suit your needs."
        },
        {
          "Feature": "Weight",
          "Description": "This product offers unmatched performance and reliability. Crafted with premium materials, it is built to last. Designed with the latest technology, it ensures top-notch quality."
        },
        {
          "Feature": "Warranty",
          "Description": "It is environmentally friendly and energy-efficient. Perfect for everyday use, it provides excellent value for money. Designed with the latest technology, it ensures top-notch quality."
        },
        {
          "Feature": "Color Options",
          "Description": "It is environmentally friendly and energy-efficient. Perfect for everyday use, it provides excellent value for money. Designed with the latest technology, it ensures top-notch quality."
        }
      ]
    },
    "content2": [
      "efficient.\n",
      "It is environmentally friendly and energy-\n",
      "use, it provides excellent value for money. \n",
      "customers worldwide. Perfect for everyday \n",
      "This item has received rave reviews from \n",
      "Price\n",
      "materials, it is built to last.\n",
      "worldwide. Crafted with premium \n",
      "received rave reviews from customers \n",
      "excellent value for money. This item has \n",
      "Perfect for everyday use, it provides \n",
      "Availability\n",
      "colors to suit your needs.\n",
      "reliability. Available in various sizes and \n",
      "offers unmatched performance and \n",
      "ensures top-notch quality. This product \n",
      "Designed with the latest technology, it \n",
      "User Ratings\n",
      "your needs.\n",
      "Available in various sizes and colors to suit \n",
      "use, it provides excellent value for money. \n",
      "customers worldwide. Perfect for everyday \n",
      "This item has received rave reviews from \n",
      "Warranty\n",
      "Description\n",
      "Feature\n"
    ]
  },
  {
    "pagebreak": "pagebreak"
  },
  {
    "pagenum": 23,
    "content1": [
      "Product 23\n",
      "Compact Equipment\n",
      "This item has received rave reviews from customers worldwide. It is environmentally \n",
      "friendly and energy-efficient. Its ergonomic design makes it easy to use and handle.\n"
    ],
    "table": {
      "columns": [
        "Feature",
        "Description"
      ],
      "rows": [
        {
          "Feature": "Weight",
          "Description": "This product offers unmatched performance and reliability. Perfect for everyday use, it provides excellent value for money. Available in various sizes and colors to suit your needs."
        },
        {
          "Feature": "Weight",
          "Description": "This product offers unmatched performance and reliability. Crafted with premium materials, it is built to last. Designed with the latest technology, it ensures top-notch quality."
        },
        {
          "Feature": "Warranty",
          "Description": "It is environmentally friendly and energy-efficient. Perfect for everyday use, it provides excellent value for money. Designed with the latest technology, it ensures top-notch quality."
        },
        {
          "Feature": "Color Options",
          "Description": "It is environmentally friendly and energy-efficient. Perfect for everyday use, it provides excellent value for money. Designed with the latest technology, it ensures top-notch quality."
        }
      ]
    },
    "content2": []
  },
  {
    "pagebreak": "pagebreak"
  },
  {
    "pagenum": 24,
    "content1": [
      "Product 24\n",
      "Fantastic Gadget\n",
      "This item has received rave reviews from customers worldwide. Crafted with premium \n",
      "materials, it is built to last. It is environmentally friendly and energy-efficient.\n"
    ],
    "table": {
      "columns": [
        "Feature",
        "Description"
      ],
      "rows": [
        {
          "Feature": "Weight",
          "Description": "This product offers unmatched performance and reliability. Perfect for everyday use, it provides excellent value for money. Available in various sizes and colors to suit your needs."
        },
        {
          "Feature": "Weight",
          "Description": "This product offers unmatched performance and reliability. Crafted with premium materials, it is built to last. Designed with the latest technology, it ensures top-notch quality."
        },
        {
          "Feature": "Warranty",
          "Description": "It is environmentally friendly and energy-efficient. Perfect for everyday use, it provides excellent value for money. Designed with the latest technology, it ensures top-notch quality."
        },
        {
          "Feature": "Color Options",
          "Description": "It is environmentally friendly and energy-efficient. Perfect for everyday use, it provides excellent value for money. Designed with the latest technology, it ensures top-notch quality."
        }
      ]
    },
    "content2": []
  },
  {
    "pagebreak": "pagebreak"
  },
  {
    "pagenum": 25,
    "content1": [
      "Product 25\n",
      "Stylish Item\n",
      "Perfect for everyday use, it provides excellent value for money. This product offers \n",
      "unmatched performance and reliability. This item has received rave reviews from \n",
      "customers worldwide.\n"
    ],
    "table": {
      "columns": [
        "Feature",
        "Description"
      ],
      "rows": [
        {
          "Feature": "Weight",
          "Description": "This product offers unmatched performance and reliability. Perfect for everyday use, it provides excellent value for money. Available in various sizes and colors to suit your needs."
        },
        {
          "Feature": "Weight",
          "Description": "This product offers unmatched performance and reliability. Crafted with premium materials, it is built to last. Designed with the latest technology, it ensures top-notch quality."
        },
        {
          "Feature": "Warranty",
          "Description": "It is environmentally friendly and energy-efficient. Perfect for everyday use, it provides excellent value for money. Designed with the latest technology, it ensures top-notch quality."
        },
        {
          "Feature": "Color Options",
          "Description": "It is environmentally friendly and energy-efficient. Perfect for everyday use, it provides excellent value for money. Designed with the latest technology, it ensures top-notch quality."
        }
      ]
    },
    "content2": []
  },
  {
    "pagebreak": "pagebreak"
  },
  {
    "pagenum": 26,
    "content1": [
      "Product 26\n",
      "Stylish Appliance\n",
      "This product offers unmatched performance and reliability. Its ergonomic design makes it \n",
      "easy to use and handle. It is environmentally friendly and energy-efficient.\n"
    ],
    "table": {
      "columns": [
        "Feature",
        "Description"
      ],
      "rows": [
        {
          "Feature": "Weight",
          "Description": "This product offers unmatched performance and reliability. Perfect for everyday use, it provides excellent value for money. Available in various sizes and colors to suit your needs."
        },
        {
          "Feature": "Weight",
          "Description": "This product offers unmatched performance and reliability. Crafted with premium materials, it is built to last. Designed with the latest technology, it ensures top-notch quality."
        },
        {
          "Feature": "Warranty",
          "Description": "It is environmentally friendly and energy-efficient. Perfect for everyday use, it provides excellent value for money. Designed with the latest technology, it ensures top-notch quality."
        },
        {
          "Feature": "Color Options",
          "Description": "It is environmentally friendly and energy-efficient. Perfect for everyday use, it provides excellent value for money. Designed with the latest technology, it ensures top-notch quality."
        }
      ]
    },
    "content2": []
  },
  {
    "pagebreak": "pagebreak"
  },
  {
    "pagenum": 27,
    "content1": [
      "Product 27\n",
      "Fantastic Gadget\n",
      "It is environmentally friendly and energy-efficient. This product offers unmatched \n",
      "performance and reliability. Designed with the latest technology, it ensures top-notch \n",
      "quality.\n"
    ],
    "table": {
      "columns": [
        "Feature",
        "Description"
      ],
      "rows": [
        {
          "Feature": "Weight",
          "Description": "This product offers unmatched performance and reliability. Perfect for everyday use, it provides excellent value for money. Available in various sizes and colors to suit your needs."
        },
        {
          "Feature": "Weight",
          "Description": "This product offers unmatched performance and reliability. Crafted with premium materials, it is built to last. Designed with the latest technology, it ensures top-notch quality."
        },
        {
          "Feature": "Warranty",
          "Description": "It is environmentally friendly and energy-efficient. Perfect for everyday use, it provides excellent value for money. Designed with the latest technology, it ensures top-notch quality."
        },
        {
          "Feature": "Color Options",
          "Description": "It is environmentally friendly and energy-efficient. Perfect for everyday use, it provides excellent value for money. Designed with the latest technology, it ensures top-notch quality."
        }
      ]
    },
    "content2": []
  },
  {
    "pagebreak": "pagebreak"
  },
  {
    "pagenum": 28,
    "content1": [
      "Product 28\n",
      "Incredible Device\n",
      "Perfect for everyday use, it provides excellent value for money. It is environmentally \n",
      "friendly and energy-efficient. This product offers unmatched performance and reliability.\n"
    ],
    "table": {
      "columns": [
        "Feature",
        "Description"
      ],
      "rows": [
        {
          "Feature": "Weight",
          "Description": "This product offers unmatched performance and reliability. Perfect for everyday use, it provides excellent value for money. Available in various sizes and colors to suit your needs."
        },
        {
          "Feature": "Weight",
          "Description": "This product offers unmatched performance and reliability. Crafted with premium materials, it is built to last. Designed with the latest technology, it ensures top-notch quality."
        },
        {
          "Feature": "Warranty",
          "Description": "It is environmentally friendly and energy-efficient. Perfect for everyday use, it provides excellent value for money. Designed with the latest technology, it ensures top-notch quality."
        },
        {
          "Feature": "Color Options",
          "Description": "It is environmentally friendly and energy-efficient. Perfect for everyday use, it provides excellent value for money. Designed with the latest technology, it ensures top-notch quality."
        }
      ]
    },
    "content2": []
  },
  {
    "pagebreak": "pagebreak"
  },
  {
    "pagenum": 29,
    "content1": [
      "Product 29\n",
      "Amazing Instrument\n",
      "Crafted with premium materials, it is built to last. Designed with the latest technology, it \n",
      "ensures top-notch quality. Perfect for everyday use, it provides excellent value for money.\n"
    ],
    "table": {
      "columns": [
        "Feature",
        "Description"
      ],
      "rows": [
        {
          "Feature": "Weight",
          "Description": "This product offers unmatched performance and reliability. Perfect for everyday use, it provides excellent value for money. Available in various sizes and colors to suit your needs."
        },
        {
          "Feature": "Weight",
          "Description": "This product offers unmatched performance and reliability. Crafted with premium materials, it is built to last. Designed with the latest technology, it ensures top-notch quality."
        },
        {
          "Feature": "Warranty",
          "Description": "It is environmentally friendly and energy-efficient. Perfect for everyday use, it provides excellent value for money. Designed with the latest technology, it ensures top-notch quality."
        },
        {
          "Feature": "Color Options",
          "Description": "It is environmentally friendly and energy-efficient. Perfect for everyday use, it provides excellent value for money. Designed with the latest technology, it ensures top-notch quality."
        }
      ]
    },
    "content2": []
  },
  {
    "pagebreak": "pagebreak"
  },
  {
    "pagenum": 30,
    "content1": [
      "Product 30\n",
      "Innovative Appliance\n",
      "Available in various sizes and colors to suit your needs. Perfect for everyday use, it provides \n",
      "excellent value for money. Designed with the latest technology, it ensures top-notch quality.\n"
    ],
    "table": {
      "columns": [
        "Feature",
        "Description"
      ],
      "rows": [
        {
          "Feature": "Weight",
          "Description": "This product offers unmatched performance and reliability. Perfect for everyday use, it provides excellent value for money. Available in various sizes and colors to suit your needs."
        },
        {
          "Feature": "Weight",
          "Description": "This product offers unmatched performance and reliability. Crafted with premium materials, it is built to last. Designed with the latest technology, it ensures top-notch quality."
        },
        {
          "Feature": "Warranty",
          "Description": "It is environmentally friendly and energy-efficient. Perfect for everyday use, it provides excellent value for money. Designed with the latest technology, it ensures top-notch quality."
        },
        {
          "Feature": "Color Options",
          "Description": "It is environmentally friendly and energy-efficient. Perfect for everyday use, it provides excellent value for money. Designed with the latest technology, it ensures top-notch quality."
        }
      ]
    },
    "content2": []
  },
  {
    "pagebreak": "pagebreak"
  },
  {
    "pagenum": 31,
    "content1": [
      "Product 31\n",
      "Incredible Equipment\n",
      "Available in various sizes and colors to suit your needs. Designed with the latest technology, \n",
      "it ensures top-notch quality. This product offers unmatched performance and reliability.\n"
    ],
    "table": {
      "columns": [
        "Feature",
        "Description"
      ],
      "rows": [
        {
          "Feature": "Weight",
          "Description": "This product offers unmatched performance and reliability. Perfect for everyday use, it provides excellent value for money. Available in various sizes and colors to suit your needs."
        },
        {
          "Feature": "Weight",
          "Description": "This product offers unmatched performance and reliability. Crafted with premium materials, it is built to last. Designed with the latest technology, it ensures top-notch quality."
        },
        {
          "Feature": "Warranty",
          "Description": "It is environmentally friendly and energy-efficient. Perfect for everyday use, it provides excellent value for money. Designed with the latest technology, it ensures top-notch quality."
        },
        {
          "Feature": "Color Options",
          "Description": "It is environmentally friendly and energy-efficient. Perfect for everyday use, it provides excellent value for money. Designed with the latest technology, it ensures top-notch quality."
        }
      ]
    },
    "content2": []
  },
  {
    "pagebreak": "pagebreak"
  },
  {
    "pagenum": 32,
    "content1": [
      "Product 32\n",
      "Stylish Accessory\n",
      "It is environmentally friendly and energy-efficient. Designed with the latest technology, it \n",
      "ensures top-notch quality. Available in various sizes and colors to suit your needs.\n"
    ],
    "table": {
      "columns": [
        "Feature",
        "Description"
      ],
      "rows": [
        {
          "Feature": "Weight",
          "Description": "This product offers unmatched performance and reliability. Perfect for everyday use, it provides excellent value for money. Available in various sizes and colors to suit your needs."
        },
        {
          "Feature": "Weight",
          "Description": "This product offers unmatched performance and reliability. Crafted with premium materials, it is built to last. Designed with the latest technology, it ensures top-notch quality."
        },
        {
          "Feature": "Warranty",
          "Description": "It is environmentally friendly and energy-efficient. Perfect for everyday use, it provides excellent value for money. Designed with the latest technology, it ensures top-notch quality."
        },
        {
          "Feature": "Color Options",
          "Description": "It is environmentally friendly and energy-efficient. Perfect for everyday use, it provides excellent value for money. Designed with the latest technology, it ensures top-notch quality."
        }
      ]
    },
    "content2": []
  },
  {
    "pagebreak": "pagebreak"
  },
  {
    "pagenum": 33,
    "content1": [
      "Product 33\n",
      "Stylish Accessory\n",
      "This product offers unmatched performance and reliability. Crafted with premium \n",
      "materials, it is built to last. Available in various sizes and colors to suit your needs.\n"
    ],
    "table": {
      "columns": [
        "Feature",
        "Description"
      ],
      "rows": [
        {
          "Feature": "Weight",
          "Description": "This product offers unmatched performance and reliability. Perfect for everyday use, it provides excellent value for money. Available in various sizes and colors to suit your needs."
        },
        {
          "Feature": "Weight",
          "Description": "This product offers unmatched performance and reliability. Crafted with premium materials, it is built to last. Designed with the latest technology, it ensures top-notch quality."
        },
        {
          "Feature": "Warranty",
          "Description": "It is environmentally friendly and energy-efficient. Perfect for everyday use, it provides excellent value for money. Designed with the latest technology, it ensures top-notch quality."
        },
        {
          "Feature": "Color Options",
          "Description": "It is environmentally friendly and energy-efficient. Perfect for everyday use, it provides excellent value for money. Designed with the latest technology, it ensures top-notch quality."
        }
      ]
    },
    "content2": []
  },
  {
    "pagebreak": "pagebreak"
  },
  {
    "pagenum": 34,
    "content1": [
      "Product 34\n",
      "Innovative Tool\n",
      "It is environmentally friendly and energy-efficient. Crafted with premium materials, it is \n",
      "built to last. This product offers unmatched performance and reliability.\n"
    ],
    "table": {
      "columns": [
        "Feature",
        "Description"
      ],
      "rows": [
        {
          "Feature": "Weight",
          "Description": "This product offers unmatched performance and reliability. Perfect for everyday use, it provides excellent value for money. Available in various sizes and colors to suit your needs."
        },
        {
          "Feature": "Weight",
          "Description": "This product offers unmatched performance and reliability. Crafted with premium materials, it is built to last. Designed with the latest technology, it ensures top-notch quality."
        },
        {
          "Feature": "Warranty",
          "Description": "It is environmentally friendly and energy-efficient. Perfect for everyday use, it provides excellent value for money. Designed with the latest technology, it ensures top-notch quality."
        },
        {
          "Feature": "Color Options",
          "Description": "It is environmentally friendly and energy-efficient. Perfect for everyday use, it provides excellent value for money. Designed with the latest technology, it ensures top-notch quality."
        }
      ]
    },
    "content2": []
  },
  {
    "pagebreak": "pagebreak"
  },
  {
    "pagenum": 35,
    "content1": [
      "Product 35\n",
      "Eco-friendly Gadget\n",
      "This item has received rave reviews from customers worldwide. This product offers \n",
      "unmatched performance and reliability. It is environmentally friendly and energy-efficient.\n"
    ],
    "table": {
      "columns": [
        "Feature",
        "Description"
      ],
      "rows": [
        {
          "Feature": "Weight",
          "Description": "This product offers unmatched performance and reliability. Perfect for everyday use, it provides excellent value for money. Available in various sizes and colors to suit your needs."
        },
        {
          "Feature": "Weight",
          "Description": "This product offers unmatched performance and reliability. Crafted with premium materials, it is built to last. Designed with the latest technology, it ensures top-notch quality."
        },
        {
          "Feature": "Warranty",
          "Description": "It is environmentally friendly and energy-efficient. Perfect for everyday use, it provides excellent value for money. Designed with the latest technology, it ensures top-notch quality."
        },
        {
          "Feature": "Color Options",
          "Description": "It is environmentally friendly and energy-efficient. Perfect for everyday use, it provides excellent value for money. Designed with the latest technology, it ensures top-notch quality."
        }
      ]
    },
    "content2": []
  },
  {
    "pagebreak": "pagebreak"
  },
  {
    "pagenum": 36,
    "content1": [
      "Product 36\n",
      "Stylish Accessory\n",
      "Perfect for everyday use, it provides excellent value for money. This item has received rave \n",
      "reviews from customers worldwide. Crafted with premium materials, it is built to last.\n"
    ],
    "table": {
      "columns": [
        "Feature",
        "Description"
      ],
      "rows": [
        {
          "Feature": "Weight",
          "Description": "This product offers unmatched performance and reliability. Perfect for everyday use, it provides excellent value for money. Available in various sizes and colors to suit your needs."
        },
        {
          "Feature": "Weight",
          "Description": "This product offers unmatched performance and reliability. Crafted with premium materials, it is built to last. Designed with the latest technology, it ensures top-notch quality."
        },
        {
          "Feature": "Warranty",
          "Description": "It is environmentally friendly and energy-efficient. Perfect for everyday use, it provides excellent value for money. Designed with the latest technology, it ensures top-notch quality."
        },
        {
          "Feature": "Color Options",
          "Description": "It is environmentally friendly and energy-efficient. Perfect for everyday use, it provides excellent value for money. Designed with the latest technology, it ensures top-notch quality."
        }
      ]
    },
    "content2": []
  },
  {
    "pagebreak": "pagebreak"
  },
  {
    "pagenum": 37,
    "content1": [
      "Product 37\n",
      "Innovative Item\n",
      "It is environmentally friendly and energy-efficient. Designed with the latest technology, it \n",
      "ensures top-notch quality. Crafted with premium materials, it is built to last.\n"
    ],
    "table": {
      "columns": [
        "Feature",
        "Description"
      ],
      "rows": [
        {
          "Feature": "Weight",
          "Description": "This product offers unmatched performance and reliability. Perfect for everyday use, it provides excellent value for money. Available in various sizes and colors to suit your needs."
        },
        {
          "Feature": "Weight",
          "Description": "This product offers unmatched performance and reliability. Crafted with premium materials, it is built to last. Designed with the latest technology, it ensures top-notch quality."
        },
        {
          "Feature": "Warranty",
          "Description": "It is environmentally friendly and energy-efficient. Perfect for everyday use, it provides excellent value for money. Designed with the latest technology, it ensures top-notch quality."
        },
        {
          "Feature": "Color Options",
          "Description": "It is environmentally friendly and energy-efficient. Perfect for everyday use, it provides excellent value for money. Designed with the latest technology, it ensures top-notch quality."
        }
      ]
    },
    "content2": []
  },
  {
    "pagebreak": "pagebreak"
  },
  {
    "pagenum": 38,
    "content1": [
      "Product 38\n",
      "Incredible Device\n",
      "Perfect for everyday use, it provides excellent value for money. Crafted with premium \n",
      "materials, it is built to last. This item has received rave reviews from customers worldwide.\n"
    ],
    "table": {
      "columns": [
        "Feature",
        "Description"
      ],
      "rows": [
        {
          "Feature": "Weight",
          "Description": "This product offers unmatched performance and reliability. Perfect for everyday use, it provides excellent value for money. Available in various sizes and colors to suit your needs."
        },
        {
          "Feature": "Weight",
          "Description": "This product offers unmatched performance and reliability. Crafted with premium materials, it is built to last. Designed with the latest technology, it ensures top-notch quality."
        },
        {
          "Feature": "Warranty",
          "Description": "It is environmentally friendly and energy-efficient. Perfect for everyday use, it provides excellent value for money. Designed with the latest technology, it ensures top-notch quality."
        },
        {
          "Feature": "Color Options",
          "Description": "It is environmentally friendly and energy-efficient. Perfect for everyday use, it provides excellent value for money. Designed with the latest technology, it ensures top-notch quality."
        }
      ]
    },
    "content2": []
  },
  {
    "pagebreak": "pagebreak"
  },
  {
    "pagenum": 39,
    "content1": [
      "Product 39\n",
      "Stylish Equipment\n",
      "Available in various sizes and colors to suit your needs. Perfect for everyday use, it provides \n",
      "excellent value for money. This item has received rave reviews from customers worldwide.\n"
    ],
    "table": {
      "columns": [
        "Feature",
        "Description"
      ],
      "rows": [
        {
          "Feature": "Weight",
          "Description": "This product offers unmatched performance and reliability. Perfect for everyday use, it provides excellent value for money. Available in various sizes and colors to suit your needs."
        },
        {
          "Feature": "Weight",
          "Description": "This product offers unmatched performance and reliability. Crafted with premium materials, it is built to last. Designed with the latest technology, it ensures top-notch quality."
        },
        {
          "Feature": "Warranty",
          "Description": "It is environmentally friendly and energy-efficient. Perfect for everyday use, it provides excellent value for money. Designed with the latest technology, it ensures top-notch quality."
        },
        {
          "Feature": "Color Options",
          "Description": "It is environmentally friendly and energy-efficient. Perfect for everyday use, it provides excellent value for money. Designed with the latest technology, it ensures top-notch quality."
        }
      ]
    },
    "content2": []
  },
  {
    "pagebreak": "pagebreak"
  },
  {
    "pagenum": 40,
    "content1": [
      "Product 40\n",
      "Eco-friendly Appliance\n",
      "Available in various sizes and colors to suit your needs. This item has received rave reviews \n",
      "from customers worldwide. Its ergonomic design makes it easy to use and handle.\n"
    ],
    "table": {
      "columns": [
        "Feature",
        "Description"
      ],
      "rows": [
        {
          "Feature": "Weight",
          "Description": "This product offers unmatched performance and reliability. Perfect for everyday use, it provides excellent value for money. Available in various sizes and colors to suit your needs."
        },
        {
          "Feature": "Weight",
          "Description": "This product offers unmatched performance and reliability. Crafted with premium materials, it is built to last. Designed with the latest technology, it ensures top-notch quality."
        },
        {
          "Feature": "Warranty",
          "Description": "It is environmentally friendly and energy-efficient. Perfect for everyday use, it provides excellent value for money. Designed with the latest technology, it ensures top-notch quality."
        },
        {
          "Feature": "Color Options",
          "Description": "It is environmentally friendly and energy-efficient. Perfect for everyday use, it provides excellent value for money. Designed with the latest technology, it ensures top-notch quality."
        }
      ]
    },
    "content2": []
  },
  {
    "pagebreak": "pagebreak"
  },
  {
    "pagenum": 41,
    "content1": [
      "Product 41\n",
      "Incredible Item\n",
      "Designed with the latest technology, it ensures top-notch quality. This item has received \n",
      "rave reviews from customers worldwide. Its ergonomic design makes it easy to use and \n",
      "handle.\n"
    ],
    "table": {
      "columns": [
        "Feature",
        "Description"
      ],
      "rows": [
        {
          "Feature": "Weight",
          "Description": "This product offers unmatched performance and reliability. Perfect for everyday use, it provides excellent value for money. Available in various sizes and colors to suit your needs."
        },
        {
          "Feature": "Weight",
          "Description": "This product offers unmatched performance and reliability. Crafted with premium materials, it is built to last. Designed with the latest technology, it ensures top-notch quality."
        },
        {
          "Feature": "Warranty",
          "Description": "It is environmentally friendly and energy-efficient. Perfect for everyday use, it provides excellent value for money. Designed with the latest technology, it ensures top-notch quality."
        },
        {
          "Feature": "Color Options",
          "Description": "It is environmentally friendly and energy-efficient. Perfect for everyday use, it provides excellent value for money. Designed with the latest technology, it ensures top-notch quality."
        }
      ]
    },
    "content2": []
  },
  {
    "pagebreak": "pagebreak"
  },
  {
    "pagenum": 42,
    "content1": [
      "Product 42\n",
      "Amazing Device\n",
      "Perfect for everyday use, it provides excellent value for money. Designed with the latest \n",
      "technology, it ensures top-notch quality. It is environmentally friendly and energy-efficient.\n"
    ],
    "table": {
      "columns": [
        "Feature",
        "Description"
      ],
      "rows": [
        {
          "Feature": "Weight",
          "Description": "This product offers unmatched performance and reliability. Perfect for everyday use, it provides excellent value for money. Available in various sizes and colors to suit your needs."
        },
        {
          "Feature": "Weight",
          "Description": "This product offers unmatched performance and reliability. Crafted with premium materials, it is built to last. Designed with the latest technology, it ensures top-notch quality."
        },
        {
          "Feature": "Warranty",
          "Description": "It is environmentally friendly and energy-efficient. Perfect for everyday use, it provides excellent value for money. Designed with the latest technology, it ensures top-notch quality."
        },
        {
          "Feature": "Color Options",
          "Description": "It is environmentally friendly and energy-efficient. Perfect for everyday use, it provides excellent value for money. Designed with the latest technology, it ensures top-notch quality."
        }
      ]
    },
    "content2": []
  },
  {
    "pagebreak": "pagebreak"
  },
  {
    "pagenum": 43,
    "content1": [
      "Product 43\n",
      "Incredible Gadget\n",
      "Available in various sizes and colors to suit your needs. Designed with the latest technology, \n",
      "it ensures top-notch quality. Its ergonomic design makes it easy to use and handle.\n"
    ],
    "table": {
      "columns": [
        "Feature",
        "Description"
      ],
      "rows": [
        {
          "Feature": "Weight",
          "Description": "This product offers unmatched performance and reliability. Perfect for everyday use, it provides excellent value for money. Available in various sizes and colors to suit your needs."
        },
        {
          "Feature": "Weight",
          "Description": "This product offers unmatched performance and reliability. Crafted with premium materials, it is built to last. Designed with the latest technology, it ensures top-notch quality."
        },
        {
          "Feature": "Warranty",
          "Description": "It is environmentally friendly and energy-efficient. Perfect for everyday use, it provides excellent value for money. Designed with the latest technology, it ensures top-notch quality."
        },
        {
          "Feature": "Color Options",
          "Description": "It is environmentally friendly and energy-efficient. Perfect for everyday use, it provides excellent value for money. Designed with the latest technology, it ensures top-notch quality."
        }
      ]
    },
    "content2": []
  },
  {
    "pagebreak": "pagebreak"
  },
  {
    "pagenum": 44,
    "content1": [
      "Product 44\n",
      "Fantastic Item\n",
      "This item has received rave reviews from customers worldwide. Designed with the latest \n",
      "technology, it ensures top-notch quality. Available in various sizes and colors to suit your \n",
      "needs.\n"
    ],
    "table": {
      "columns": [
        "Feature",
        "Description"
      ],
      "rows": [
        {
          "Feature": "Weight",
          "Description": "This product offers unmatched performance and reliability. Perfect for everyday use, it provides excellent value for money. Available in various sizes and colors to suit your needs."
        },
        {
          "Feature": "Weight",
          "Description": "This product offers unmatched performance and reliability. Crafted with premium materials, it is built to last. Designed with the latest technology, it ensures top-notch quality."
        },
        {
          "Feature": "Warranty",
          "Description": "It is environmentally friendly and energy-efficient. Perfect for everyday use, it provides excellent value for money. Designed with the latest technology, it ensures top-notch quality."
        },
        {
          "Feature": "Color Options",
          "Description": "It is environmentally friendly and energy-efficient. Perfect for everyday use, it provides excellent value for money. Designed with the latest technology, it ensures top-notch quality."
        }
      ]
    },
    "content2": []
  },
  {
    "pagebreak": "pagebreak"
  },
  {
    "pagenum": 45,
    "content1": [
      "Product 45\n",
      "Compact Tool\n",
      "It is environmentally friendly and energy-efficient. Designed with the latest technology, it \n",
      "ensures top-notch quality. This item has received rave reviews from customers worldwide.\n"
    ],
    "table": {
      "columns": [
        "Feature",
        "Description"
      ],
      "rows": [
        {
          "Feature": "Weight",
          "Description": "This product offers unmatched performance and reliability. Perfect for everyday use, it provides excellent value for money. Available in various sizes and colors to suit your needs."
        },
        {
          "Feature": "Weight",
          "Description": "This product offers unmatched performance and reliability. Crafted with premium materials, it is built to last. Designed with the latest technology, it ensures top-notch quality."
        },
        {
          "Feature": "Warranty",
          "Description": "It is environmentally friendly and energy-efficient. Perfect for everyday use, it provides excellent value for money. Designed with the latest technology, it ensures top-notch quality."
        },
        {
          "Feature": "Color Options",
          "Description": "It is environmentally friendly and energy-efficient. Perfect for everyday use, it provides excellent value for money. Designed with the latest technology, it ensures top-notch quality."
        }
      ]
    },
    "content2": []
  },
  {
    "pagebreak": "pagebreak"
  },
  {
    "pagenum": 46,
    "content1": [
      "Product 46\n",
      "Incredible Equipment\n",
      "Available in various sizes and colors to suit your needs. Crafted with premium materials, it \n",
      "is built to last. Perfect for everyday use, it provides excellent value for money.\n"
    ],
    "table": {
      "columns": [
        "Feature",
        "Description"
      ],
      "rows": [
        {
          "Feature": "Weight",
          "Description": "This product offers unmatched performance and reliability. Perfect for everyday use, it provides excellent value for money. Available in various sizes and colors to suit your needs."
        },
        {
          "Feature": "Weight",
          "Description": "This product offers unmatched performance and reliability. Crafted with premium materials, it is built to last. Designed with the latest technology, it ensures top-notch quality."
        },
        {
          "Feature": "Warranty",
          "Description": "It is environmentally friendly and energy-efficient. Perfect for everyday use, it provides excellent value for money. Designed with the latest technology, it ensures top-notch quality."
        },
        {
          "Feature": "Color Options",
          "Description": "It is environmentally friendly and energy-efficient. Perfect for everyday use, it provides excellent value for money. Designed with the latest technology, it ensures top-notch quality."
        }
      ]
    },
    "content2": []
  },
  {
    "pagebreak": "pagebreak"
  },
  {
    "pagenum": 47,
    "content1": [
      "Product 47\n",
      "Innovative Equipment\n",
      "Crafted with premium materials, it is built to last. This item has received rave reviews from \n",
      "customers worldwide. Available in various sizes and colors to suit your needs.\n"
    ],
    "table": {
      "columns": [
        "Feature",
        "Description"
      ],
      "rows": [
        {
          "Feature": "Weight",
          "Description": "This product offers unmatched performance and reliability. Perfect for everyday use, it provides excellent value for money. Available in various sizes and colors to suit your needs."
        },
        {
          "Feature": "Weight",
          "Description": "This product offers unmatched performance and reliability. Crafted with premium materials, it is built to last. Designed with the latest technology, it ensures top-notch quality."
        },
        {
          "Feature": "Warranty",
          "Description": "It is environmentally friendly and energy-efficient. Perfect for everyday use, it provides excellent value for money. Designed with the latest technology, it ensures top-notch quality."
        },
        {
          "Feature": "Color Options",
          "Description": "It is environmentally friendly and energy-efficient. Perfect for everyday use, it provides excellent value for money. Designed with the latest technology, it ensures top-notch quality."
        }
      ]
    },
    "content2": [
      "efficient.\n",
      "environmentally friendly and energy-\n",
      "performance and reliability. It is \n",
      "your needs. This product offers unmatched \n",
      "Available in various sizes and colors to suit \n",
      "Availability\n",
      "rave reviews from customers worldwide.\n",
      "to use and handle. This item has received \n",
      "to last. Its ergonomic design makes it easy \n",
      "Crafted with premium materials, it is built \n",
      "Power Source\n",
      "reliability.\n",
      "offers unmatched performance and \n",
      "materials, it is built to last. This product \n",
      "your needs. Crafted with premium \n",
      "Available in various sizes and colors to suit \n",
      "Color Options\n",
      "it is built to last.\n",
      "efficient. Crafted with premium materials, \n",
      "environmentally friendly and energy-\n",
      "performance and reliability. It is \n",
      "This product offers unmatched \n",
      "Material\n",
      "Description\n",
      "Feature\n"
    ]
  },
  {
    "pagebreak": "pagebreak"
  },
  {
    "pagenum": 48,
    "content1": [
      "Product 48\n",
      "Incredible Appliance\n",
      "This product offers unmatched performance and reliability. It is environmentally friendly \n",
      "and energy-efficient. Available in various sizes and colors to suit your needs.\n"
    ],
    "table": {
      "columns": [
        "Feature",
        "Description"
      ],
      "rows": [
        {
          "Feature": "Weight",
          "Description": "This product offers unmatched performance and reliability. Perfect for everyday use, it provides excellent value for money. Available in various sizes and colors to suit your needs."
        },
        {
          "Feature": "Weight",
          "Description": "This product offers unmatched performance and reliability. Crafted with premium materials, it is built to last. Designed with the latest technology, it ensures top-notch quality."
        },
        {
          "Feature": "Warranty",
          "Description": "It is environmentally friendly and energy-efficient. Perfect for everyday use, it provides excellent value for money. Designed with the latest technology, it ensures top-notch quality."
        },
        {
          "Feature": "Color Options",
          "Description": "It is environmentally friendly and energy-efficient. Perfect for everyday use, it provides excellent value for money. Designed with the latest technology, it ensures top-notch quality."
        }
      ]
    },
    "content2": []
  },
  {
    "pagebreak": "pagebreak"
  },
  {
    "pagenum": 49,
    "content1": [
      "Product 49\n",
      "Compact Tool\n",
      "Its ergonomic design makes it easy to use and handle. This item has received rave reviews \n",
      "from customers worldwide. Perfect for everyday use, it provides excellent value for money.\n"
    ],
    "table": {
      "columns": [
        "Feature",
        "Description"
      ],
      "rows": [
        {
          "Feature": "Weight",
          "Description": "This product offers unmatched performance and reliability. Perfect for everyday use, it provides excellent value for money. Available in various sizes and colors to suit your needs."
        },
        {
          "Feature": "Weight",
          "Description": "This product offers unmatched performance and reliability. Crafted with premium materials, it is built to last. Designed with the latest technology, it ensures top-notch quality."
        },
        {
          "Feature": "Warranty",
          "Description": "It is environmentally friendly and energy-efficient. Perfect for everyday use, it provides excellent value for money. Designed with the latest technology, it ensures top-notch quality."
        },
        {
          "Feature": "Color Options",
          "Description": "It is environmentally friendly and energy-efficient. Perfect for everyday use, it provides excellent value for money. Designed with the latest technology, it ensures top-notch quality."
        }
      ]
    },
    "content2": []
  },
  {
    "pagebreak": "pagebreak"
  },
  {
    "pagenum": 50,
    "content1": [
      "Product 50\n",
      "Stylish Device\n",
      "Its ergonomic design makes it easy to use and handle. It is environmentally friendly and \n",
      "energy-efficient. Perfect for everyday use, it provides excellent value for money.\n"
    ],
    "table": {
      "columns": [
        "Feature",
        "Description"
      ],
      "rows": [
        {
          "Feature": "Weight",
          "Description": "This product offers unmatched performance and reliability. Perfect for everyday use, it provides excellent value for money. Available in various sizes and colors to suit your needs."
        },
        {
          "Feature": "Weight",
          "Description": "This product offers unmatched performance and reliability. Crafted with premium materials, it is built to last. Designed with the latest technology, it ensures top-notch quality."
        },
        {
          "Feature": "Warranty",
          "Description": "It is environmentally friendly and energy-efficient. Perfect for everyday use, it provides excellent value for money. Designed with the latest technology, it ensures top-notch quality."
        },
        {
          "Feature": "Color Options",
          "Description": "It is environmentally friendly and energy-efficient. Perfect for everyday use, it provides excellent value for money. Designed with the latest technology, it ensures top-notch quality."
        }
      ]
    },
    "content2": []
  },
  {
    "pagebreak": "pagebreak"
  }
]