[
  {
    "pagenum": 1,
    "content1": [
      "Product Catalog - Document 9\n",
      "Product 1\n",
      "Eco-friendly Appliance\n",
      "Crafted with premium materials, it is built to last. Designed with the latest technology, it \n",
      "ensures top-notch quality. Perfect for everyday use, it provides excellent value for money.\n"
    ],
    "table": {
      "columns": [
        "Feature",
        "Description"
      ],
      "rows": [
        {
          "Feature": "Weight",
          "Description": "Its ergonomic design makes it easy to use and handle. Designed with the latest technology, it ensures top-notch quality. This item has received rave reviews from customers worldwide."
        },
        {
          "Feature": "Color Options",
          "Description": "Crafted with premium materials, it is built to last. Designed with the latest technology, it ensures top-notch quality. This item has received rave reviews from customers worldwide."
        },
        {
          "Feature": "Price",
          "Description": "This product offers unmatched performance and reliability. This item has received rave reviews from customers worldwide. Available in various sizes and colors to suit your needs."
        },
        {
          "Feature": "Material",
          "Description": "Designed with the latest technology, it ensures top-notch quality. Available in various sizes and colors to suit your needs. Its ergonomic design makes it easy to use and handle."
        }
      ]
    },
    "content2": []
  },
  {
    "pagebreak": "pagebreak"
  },
  {
    "pagenum": 2,
    "content1": [
      "Product 2\n",
      "Compact Equipment\n",
      "Crafted with premium materials, it is built to last. Its ergonomic design makes it easy to use \n",
      "and handle. This product offers unmatched performance and reliability.\n"
    ],
    "table": {
      "columns": [
        "Feature",
        "Description"
      ],
      "rows": [
        {
          "Feature": "Weight",
          "Description": "Its ergonomic design makes it easy to use and handle. Designed with the latest technology, it ensures top-notch quality. This item has received rave reviews from customers worldwide."
        },
        {
          "Feature": "Color Options",
          "Description": "Crafted with premium materials, it is built to last. Designed with the latest technology, it ensures top-notch quality. This item has received rave reviews from customers worldwide."
        },
        {
          "Feature": "Price",
          "Description": "This product offers unmatched performance and reliability. This item has received rave reviews from customers worldwide. Available in various sizes and colors to suit your needs."
        },
        {
          "Feature": "Material",
          "Description": "Designed with the latest technology, it ensures top-notch quality. Available in various sizes and colors to suit your needs. Its ergonomic design makes it easy to use and handle."
        }
      ]
    },
    "content2": []
  },
  {
    "pagebreak": "pagebreak"
  },
  {
    "pagenum": 3,
    "content1": [
      "Product 3\n",
      "Stylish Appliance\n",
      "It is environmentally friendly and energy-efficient. Perfect for everyday use, it provides \n",
      "excellent value for money. Available in various sizes and colors to suit your needs.\n"
    ],
    "table": {
      "columns": [
        "Feature",
        "Description"
      ],
      "rows": [
        {
          "Feature": "Weight",
          "Description": "Its ergonomic design makes it easy to use and handle. Designed with the latest technology, it ensures top-notch quality. This item has received rave reviews from customers worldwide."
        },
        {
          "Feature": "Color Options",
          "Description": "Crafted with premium materials, it is built to last. Designed with the latest technology, it ensures top-notch quality. This item has received rave reviews from customers worldwide."
        },
        {
          "Feature": "Price",
          "Description": "This product offers unmatched performance and reliability. This item has received rave reviews from customers worldwide. Available in various sizes and colors to suit your needs."
        },
        {
          "Feature": "Material",
          "Description": "Designed with the latest technology, it ensures top-notch quality. Available in various sizes and colors to suit your needs. Its ergonomic design makes it easy to use and handle."
        }
      ]
    },
    "content2": []
  },
  {
    "pagebreak": "pagebreak"
  },
  {
    "pagenum": 4,
    "content1": [
      "Product 4\n",
      "Amazing Device\n",
      "It is environmentally friendly and energy-efficient. Its ergonomic design makes it easy to \n",
      "use and handle. This product offers unmatched performance and reliability.\n"
    ],
    "table": {
      "columns": [
        "Feature",
        "Description"
      ],
      "rows": [
        {
          "Feature": "Weight",
          "Description": "Its ergonomic design makes it easy to use and handle. Designed with the latest technology, it ensures top-notch quality. This item has received rave reviews from customers worldwide."
        },
        {
          "Feature": "Color Options",
          "Description": "Crafted with premium materials, it is built to last. Designed with the latest technology, it ensures top-notch quality. This item has received rave reviews from customers worldwide."
        },
        {
          "Feature": "Price",
          "Description": "This product offers unmatched performance and reliability. This item has received rave reviews from customers worldwide. Available in various sizes and colors to suit your needs."
        },
        {
          "Feature": "Material",
          "Description": "Designed with the latest technology, it ensures top-notch quality. Available in various sizes and colors to suit your needs. Its ergonomic design makes it easy to use and handle."
        }
      ]
    },
    "content2": []
  },
  {
    "pagebreak": "pagebreak"
  },
  {
    "pagenum": 5,
    "content1": [
      "Product 5\n",
      "Stylish Item\n",
      "Crafted with premium materials, it is built to last. This product offers unmatched \n",
      "performance and reliability. Its ergonomic design makes it easy to use and handle.\n"
    ],
    "table": {
      "columns": [
        "Feature",
        "Description"
      ],
      "rows": [
        {
          "Feature": "Weight",
          "Description": "Its ergonomic design makes it easy to use and handle. Designed with the latest technology, it ensures top-notch quality. This item has received rave reviews from customers worldwide."
        },
        {
          "Feature": "Color Options",
          "Description": "Crafted with premium materials, it is built to last. Designed with the latest technology, it ensures top-notch quality. This item has received rave reviews from customers worldwide."
        },
        {
          "Feature": "Price",
          "Description": "This product offers unmatched performance and reliability. This item has received rave reviews from customers worldwide. Available in various sizes and colors to suit your needs."
        },
        {
          "Feature": "Material",
          "Description": "Designed with the latest technology, it ensures top-notch quality. Available in various sizes and colors to suit your needs. Its ergonomic design makes it easy to use and handle."
        }
      ]
    },
    "content2": [
      "efficient.\n",
      "environmentally friendly and energy-\n",
      "design makes it easy to use and handle. It is \n",
      "ensures top-notch quality. Its ergonomic \n",
      "Designed with the latest technology, it \n",
      "Material\n",
      "quality.\n",
      "latest technology, it ensures top-notch \n"
    ]
  },
  {
    "pagebreak": "pagebreak"
  },
  {
    "pagenum": 6,
    "content1": [
      "Product 6\n",
      "Amazing Gadget\n",
      "Perfect for everyday use, it provides excellent value for money. It is environmentally \n",
      "friendly and energy-efficient. Its ergonomic design makes it easy to use and handle.\n"
    ],
    "table": {
      "columns": [
        "Feature",
        "Description"
      ],
      "rows": [
        {
          "Feature": "Weight",
          "Description": "Its ergonomic design makes it easy to use and handle. Designed with the latest technology, it ensures top-notch quality. This item has received rave reviews from customers worldwide."
        },
        {
          "Feature": "Color Options",
          "Description": "Crafted with premium materials, it is built to last. Designed with the latest technology, it ensures top-notch quality. This item has received rave reviews from customers worldwide."
        },
        {
          "Feature": "Price",
          "Description": "This product offers unmatched performance and reliability. This item has received rave reviews from customers worldwide. Available in various sizes and colors to suit your needs."
        },
        {
          "Feature": "Material",
          "Description": "Designed with the latest technology, it ensures top-notch quality. Available in various sizes and colors to suit your needs. Its ergonomic design makes it easy to use and handle."
        }
      ]
    },
    "content2": []
  },
  {
    "pagebreak": "pagebreak"
  },
  {
    "pagenum": 7,
    "content1": [
      "Product 7\n",
      "Eco-friendly Appliance\n",
      "Available in various sizes and colors to suit your needs. Crafted with premium materials, it \n",
      "is built to last. Designed with the latest technology, it ensures top-notch quality.\n"
    ],
    "table": {
      "columns": [
        "Feature",
        "Description"
      ],
      "rows": [
        {
          "Feature": "Weight",
          "Description": "Its ergonomic design makes it easy to use and handle. Designed with the latest technology, it ensures top-notch quality. This item has received rave reviews from customers worldwide."
        },
        {
          "Feature": "Color Options",
          "Description": "Crafted with premium materials, it is built to last. Designed with the latest technology, it ensures top-notch quality. This item has received rave reviews from customers worldwide."
        },
        {
          "Feature": "Price",
          "Description": "This product offers unmatched performance and reliability. This item has received rave reviews from customers worldwide. Available in various sizes and colors to suit your needs."
        },
        {
          "Feature": "Material",
          "Description": "Designed with the latest technology, it ensures top-notch quality. Available in various sizes and colors to suit your needs. Its ergonomic design makes it easy to use and handle."
        }
      ]
    },
    "content2": []
  },
  {
    "pagebreak": "pagebreak"
  },
  {
    "pagenum": 8,
    "content1": [
      "Product 8\n",
      "Fantastic Instrument\n",
      "Its ergonomic design makes it easy to use and handle. This item has received rave reviews \n",
      "from customers worldwide. This product offers unmatched performance and reliability.\n"
    ],
    "table": {
      "columns": [
        "Feature",
        "Description"
      ],
      "rows": [
        {
          "Feature": "Weight",
          "Description": "Its ergonomic design makes it easy to use and handle. Designed with the latest technology, it ensures top-notch quality. This item has received rave reviews from customers worldwide."
        },
        {
          "Feature": "Color Options",
          "Description": "Crafted with premium materials, it is built to last. Designed with the latest technology, it ensures top-notch quality. This item has received rave reviews from customers worldwide."
        },
        {
          "Feature": "Price",
          "Description": "This product offers unmatched performance and reliability. This item has received rave reviews from customers worldwide. Available in various sizes and colors to suit your needs."
        },
        {
          "Feature": "Material",
          "Description": "Designed with the latest technology, it ensures top-notch quality. Available in various sizes and colors to suit your needs. Its ergonomic design makes it easy to use and handle."
        }
      ]
    },
    "content2": []
  },
  {
    "pagebreak": "pagebreak"
  },
  {
    "pagenum": 9,
    "content1": [
      "Product 9\n",
      "Fantastic Appliance\n",
      "This item has received rave reviews from customers worldwide. Available in various sizes \n",
      "and colors to suit your needs. Designed with the latest technology, it ensures top-notch \n",
      "quality.\n"
    ],
    "table": {
      "columns": [
        "Feature",
        "Description"
      ],
      "rows": [
        {
          "Feature": "Weight",
          "Description": "Its ergonomic design makes it easy to use and handle. Designed with the latest technology, it ensures top-notch quality. This item has received rave reviews from customers worldwide."
        },
        {
          "Feature": "Color Options",
          "Description": "Crafted with premium materials, it is built to last. Designed with the latest technology, it ensures top-notch quality. This item has received rave reviews from customers worldwide."
        },
        {
          "Feature": "Price",
          "Description": "This product offers unmatched performance and reliability. This item has received rave reviews from customers worldwide. Available in various sizes and colors to suit your needs."
        },
        {
          "Feature": "Material",
          "Description": "Designed with the latest technology, it ensures top-notch quality. Available in various sizes and colors to suit your needs. Its ergonomic design makes it easy to use and handle."
        }
      ]
    },
    "content2": []
  },
  {
    "pagebreak": "pagebreak"
  },
  {
    "pagenum": 10,
    "content1": [
      "Product 10\n",
      "Amazing Instrument\n",
      "This product offers unmatched performance and reliability. This item has received rave \n",
      "reviews from customers worldwide. Crafted with premium materials, it is built to last.\n"
    ],
    "table": {
      "columns": [
        "Feature",
        "Description"
      ],
      "rows": [
        {
          "Feature": "Weight",
          "Description": "Its ergonomic design makes it easy to use and handle. Designed with the latest technology, it ensures top-notch quality. This item has received rave reviews from customers worldwide."
        },
        {
          "Feature": "Color Options",
          "Description": "Crafted with premium materials, it is built to last. Designed with the latest technology, it ensures top-notch quality. This item has received rave reviews from customers worldwide."
        },
        {
          "Feature": "Price",
          "Description": "This product offers unmatched performance and reliability. This item has received rave reviews from customers worldwide. Available in various sizes and colors to suit your needs."
        },
        {
          "Feature": "Material",
          "Description": "Designed with the latest technology, it ensures top-notch quality. Available in various sizes and colors to suit your needs. Its ergonomic design makes it easy to use and handle."
        }
      ]
    },
    "content2": []
  },
  {
    "pagebreak": "pagebreak"
  },
  {
    "pagenum": 11,
    "content1": [
      "Product 11\n",
      "Durable Accessory\n",
      "This product offers unmatched performance and reliability. Crafted with premium \n",
      "materials, it is built to last. Designed with the latest technology, it ensures top-notch quality.\n"
    ],
    "table": {
      "columns": [
        "Feature",
        "Description"
      ],
      "rows": [
        {
          "Feature": "Weight",
          "Description": "Its ergonomic design makes it easy to use and handle. Designed with the latest technology, it ensures top-notch quality. This item has received rave reviews from customers worldwide."
        },
        {
          "Feature": "Color Options",
          "Description": "Crafted with premium materials, it is built to last. Designed with the latest technology, it ensures top-notch quality. This item has received rave reviews from customers worldwide."
        },
        {
          "Feature": "Price",
          "Description": "This product offers unmatched performance and reliability. This item has received rave reviews from customers worldwide. Available in various sizes and colors to suit your needs."
        },
        {
          "Feature": "Material",
          "Description": "Designed with the latest technology, it ensures top-notch quality. Available in various sizes and colors to suit your needs. Its ergonomic design makes it easy to use and handle."
        }
      ]
    },
    "content2": []
  },
  {
    "pagebreak": "pagebreak"
  },
  {
    "pagenum": 12,
    "content1": [
      "Product 12\n",
      "Stylish Item\n",
      "It is environmentally friendly and energy-efficient. Designed with the latest technology, it \n",
      "ensures top-notch quality. Crafted with premium materials, it is built to last.\n"
    ],
    "table": {
      "columns": [
        "Feature",
        "Description"
      ],
      "rows": [
        {
          "Feature": "Weight",
          "Description": "Its ergonomic design makes it easy to use and handle. Designed with the latest technology, it ensures top-notch quality. This item has received rave reviews from customers worldwide."
        },
        {
          "Feature": "Color Options",
          "Description": "Crafted with premium materials, it is built to last. Designed with the latest technology, it ensures top-notch quality. This item has received rave reviews from customers worldwide."
        },
        {
          "Feature": "Price",
          "Description": "This product offers unmatched performance and reliability. This item has received rave reviews from customers worldwide. Available in various sizes and colors to suit your needs."
        },
        {
          "Feature": "Material",
          "Description": "Designed with the latest technology, it ensures top-notch quality. Available in various sizes and colors to suit your needs. Its ergonomic design makes it easy to use and handle."
        }
      ]
    },
    "content2": []
  },
  {
    "pagebreak": "pagebreak"
  },
  {
    "pagenum": 13,
    "content1": [
      "Product 13\n",
      "Innovative Appliance\n",
      "Perfect for everyday use, it provides excellent value for money. Available in various sizes \n",
      "and colors to suit your needs. Crafted with premium materials, it is built to last.\n"
    ],
    "table": {
      "columns": [
        "Feature",
        "Description"
      ],
      "rows": [
        {
          "Feature": "Weight",
          "Description": "Its ergonomic design makes it easy to use and handle. Designed with the latest technology, it ensures top-notch quality. This item has received rave reviews from customers worldwide."
        },
        {
          "Feature": "Color Options",
          "Description": "Crafted with premium materials, it is built to last. Designed with the latest technology, it ensures top-notch quality. This item has received rave reviews from customers worldwide."
        },
        {
          "Feature": "Price",
          "Description": "This product offers unmatched performance and reliability. This item has received rave reviews from customers worldwide. Available in various sizes and colors to suit your needs."
        },
        {
          "Feature": "Material",
          "Description": "Designed with the latest technology, it ensures top-notch quality. Available in various sizes and colors to suit your needs. Its ergonomic design makes it easy to use and handle."
        }
      ]
    },
    "content2": []
  },
  {
    "pagebreak": "pagebreak"
  },
  {
    "pagenum": 14,
    "content1": [
      "Product 14\n",
      "Compact Item\n",
      "Perfect for everyday use, it provides excellent value for money. Its ergonomic design makes \n",
      "it easy to use and handle. It is environmentally friendly and energy-efficient.\n"
    ],
    "table": {
      "columns": [
        "Feature",
        "Description"
      ],
      "rows": [
        {
          "Feature": "Weight",
          "Description": "Its ergonomic design makes it easy to use and handle. Designed with the latest technology, it ensures top-notch quality. This item has received rave reviews from customers worldwide."
        },
        {
          "Feature": "Color Options",
          "Description": "Crafted with premium materials, it is built to last. Designed with the latest technology, it ensures top-notch quality. This item has received rave reviews from customers worldwide."
        },
        {
          "Feature": "Price",
          "Description": "This product offers unmatched performance and reliability. This item has received rave reviews from customers worldwide. Available in various sizes and colors to suit your needs."
        },
        {
          "Feature": "Material",
          "Description": "Designed with the latest technology, it ensures top-notch quality. Available in various sizes and colors to suit your needs. Its ergonomic design makes it easy to use and handle."
        }
      ]
    },
    "content2": []
  },
  {
    "pagebreak": "pagebreak"
  },
  {
    "pagenum": 15,
    "content1": [
      "Product 15\n",
      "Amazing Device\n",
      "Its ergonomic design makes it easy to use and handle. Designed with the latest technology, it \n",
      "ensures top-notch quality. Available in various sizes and colors to suit your needs.\n"
    ],
    "table": {
      "columns": [
        "Feature",
        "Description"
      ],
      "rows": [
        {
          "Feature": "Weight",
          "Description": "Its ergonomic design makes it easy to use and handle. Designed with the latest technology, it ensures top-notch quality. This item has received rave reviews from customers worldwide."
        },
        {
          "Feature": "Color Options",
          "Description": "Crafted with premium materials, it is built to last. Designed with the latest technology, it ensures top-notch quality. This item has received rave reviews from customers worldwide."
        },
        {
          "Feature": "Price",
          "Description": "This product offers unmatched performance and reliability. This item has received rave reviews from customers worldwide. Available in various sizes and colors to suit your needs."
        },
        {
          "Feature": "Material",
          "Description": "Designed with the latest technology, it ensures top-notch quality. Available in various sizes and colors to suit your needs. Its ergonomic design makes it easy to use and handle."
        }
      ]
    },
    "content2": []
  },
  {
    "pagebreak": "pagebreak"
  },
  {
    "pagenum": 16,
    "content1": [
      "Product 16\n",
      "Incredible Equipment\n",
      "This product offers unmatched performance and reliability. This item has received rave \n",
      "reviews from customers worldwide. Designed with the latest technology, it ensures top-\n",
      "notch quality.\n"
    ],
    "table": {
      "columns": [
        "Feature",
        "Description"
      ],
      "rows": [
        {
          "Feature": "Weight",
          "Description": "Its ergonomic design makes it easy to use and handle. Designed with the latest technology, it ensures top-notch quality. This item has received rave reviews from customers worldwide."
        },
        {
          "Feature": "Color Options",
          "Description": "Crafted with premium materials, it is built to last. Designed with the latest technology, it ensures top-notch quality. This item has received rave reviews from customers worldwide."
        },
        {
          "Feature": "Price",
          "Description": "This product offers unmatched performance and reliability. This item has received rave reviews from customers worldwide. Available in various sizes and colors to suit your needs."
        },
        {
          "Feature": "Material",
          "Description": "Designed with the latest technology, it ensures top-notch quality. Available in various sizes and colors to suit your needs. Its ergonomic design makes it easy to use and handle."
        }
      ]
    },
    "content2": []
  },
  {
    "pagebreak": "pagebreak"
  },
  {
    "pagenum": 17,
    "content1": [
      "Product 17\n",
      "Innovative Accessory\n",
      "Designed with the latest technology, it ensures top-notch quality. Its ergonomic design \n",
      "makes it easy to use and handle. This item has received rave reviews from customers \n",
      "worldwide.\n"
    ],
    "table": {
      "columns": [
        "Feature",
        "Description"
      ],
      "rows": [
        {
          "Feature": "Weight",
          "Description": "Its ergonomic design makes it easy to use and handle. Designed with the latest technology, it ensures top-notch quality. This item has received rave reviews from customers worldwide."
        },
        {
          "Feature": "Color Options",
          "Description": "Crafted with premium materials, it is built to last. Designed with the latest technology, it ensures top-notch quality. This item has received rave reviews from customers worldwide."
        },
        {
          "Feature": "Price",
          "Description": "This product offers unmatched performance and reliability. This item has received rave reviews from customers worldwide. Available in various sizes and colors to suit your needs."
        },
        {
          "Feature": "Material",
          "Description": "Designed with the latest technology, it ensures top-notch quality. Available in various sizes and colors to suit your needs. Its ergonomic design makes it easy to use and handle."
        }
      ]
    },
    "content2": []
  },
  {
    "pagebreak": "pagebreak"
  },
  {
    "pagenum": 18,
    "content1": [
      "Product 18\n",
      "Stylish Instrument\n",
      "Perfect for everyday use, it provides excellent value for money. Designed with the latest \n",
      "technology, it ensures top-notch quality. This item has received rave reviews from \n",
      "customers worldwide.\n"
    ],
    "table": {
      "columns": [
        "Feature",
        "Description"
      ],
      "rows": [
        {
          "Feature": "Weight",
          "Description": "Its ergonomic design makes it easy to use and handle. Designed with the latest technology, it ensures top-notch quality. This item has received rave reviews from customers worldwide."
        },
        {
          "Feature": "Color Options",
          "Description": "Crafted with premium materials, it is built to last. Designed with the latest technology, it ensures top-notch quality. This item has received rave reviews from customers worldwide."
        },
        {
          "Feature": "Price",
          "Description": "This product offers unmatched performance and reliability. This item has received rave reviews from customers worldwide. Available in various sizes and colors to suit your needs."
        },
        {
          "Feature": "Material",
          "Description": "Designed with the latest technology, it ensures top-notch quality. Available in various sizes and colors to suit your needs. Its ergonomic design makes it easy to use and handle."
        }
      ]
    },
    "content2": []
  },
  {
    "pagebreak": "pagebreak"
  },
  {
    "pagenum": 19,
    "content1": [
      "Product 19\n",
      "Durable Appliance\n",
      "Crafted with premium materials, it is built to last. Perfect for everyday use, it provides \n",
      "excellent value for money. It is environmentally friendly and energy-efficient.\n"
    ],
    "table": {
      "columns": [
        "Feature",
        "Description"
      ],
      "rows": [
        {
          "Feature": "Weight",
          "Description": "Its ergonomic design makes it easy to use and handle. Designed with the latest technology, it ensures top-notch quality. This item has received rave reviews from customers worldwide."
        },
        {
          "Feature": "Color Options",
          "Description": "Crafted with premium materials, it is built to last. Designed with the latest technology, it ensures top-notch quality. This item has received rave reviews from customers worldwide."
        },
        {
          "Feature": "Price",
          "Description": "This product offers unmatched performance and reliability. This item has received rave reviews from customers worldwide. Available in various sizes and colors to suit your needs."
        },
        {
          "Feature": "Material",
          "Description": "Designed with the latest technology, it ensures top-notch quality. Available in various sizes and colors to suit your needs. Its ergonomic design makes it easy to use and handle."
        }
      ]
    },
    "content2": []
  },
  {
    "pagebreak": "pagebreak"
  },
  {
    "pagenum": 20,
    "content1": [
      "Product 20\n",
      "Durable Accessory\n",
      "Available in various sizes and colors to suit your needs. This item has received rave reviews \n",
      "from customers worldwide. Its ergonomic design makes it easy to use and handle.\n"
    ],
    "table": {
      "columns": [
        "Feature",
        "Description"
      ],
      "rows": [
        {
          "Feature": "Weight",
          "Description": "Its ergonomic design makes it easy to use and handle. Designed with the latest technology, it ensures top-notch quality. This item has received rave reviews from customers worldwide."
        },
        {
          "Feature": "Color Options",
          "Description": "Crafted with premium materials, it is built to last. Designed with the latest technology, it ensures top-notch quality. This item has received rave reviews from customers worldwide."
        },
        {
          "Feature": "Price",
          "Description": "This product offers unmatched performance and reliability. This item has received rave reviews from customers worldwide. Available in various sizes and colors to suit your needs."
        },
        {
          "Feature": "Material",
          "Description": "Designed with the latest technology, it ensures top-notch quality. Available in various sizes and colors to suit your needs. Its ergonomic design makes it easy to use and handle."
        }
      ]
    },
    "content2": []
  },
  {
    "pagebreak": "pagebreak"
  },
  {
    "pagenum": 21,
    "content1": [
      "Product 21\n",
      "Durable Gadget\n",
      "This product offers unmatched performance and reliability. It is environmentally friendly \n",
      "and energy-efficient. Designed with the latest technology, it ensures top-notch quality.\n"
    ],
    "table": {
      "columns": [
        "Feature",
        "Description"
      ],
      "rows": [
        {
          "Feature": "Weight",
          "Description": "Its ergonomic design makes it easy to use and handle. Designed with the latest technology, it ensures top-notch quality. This item has received rave reviews from customers worldwide."
        },
        {
          "Feature": "Color Options",
          "Description": "Crafted with premium materials, it is built to last. Designed with the latest technology, it ensures top-notch quality. This item has received rave reviews from customers worldwide."
        },
        {
          "Feature": "Price",
          "Description": "This product offers unmatched performance and reliability. This item has received rave reviews from customers worldwide. Available in various sizes and colors to suit your needs."
        },
        {
          "Feature": "Material",
          "Description": "Designed with the latest technology, it ensures top-notch quality. Available in various sizes and colors to suit your needs. Its ergonomic design makes it easy to use and handle."
        }
      ]
    },
    "content2": []
  },
  {
    "pagebreak": "pagebreak"
  },
  {
    "pagenum": 22,
    "content1": [
      "Product 22\n",
      "Incredible Instrument\n",
      "Available in various sizes and colors to suit your needs. This item has received rave reviews \n",
      "from customers worldwide. Its ergonomic design makes it easy to use and handle.\n"
    ],
    "table": {
      "columns": [
        "Feature",
        "Description"
      ],
      "rows": [
        {
          "Feature": "Weight",
          "Description": "Its ergonomic design makes it easy to use and handle. Designed with the latest technology, it ensures top-notch quality. This item has received rave reviews from customers worldwide."
        },
        {
          "Feature": "Color Options",
          "Description": "Crafted with premium materials, it is built to last. Designed with the latest technology, it ensures top-notch quality. This item has received rave reviews from customers worldwide."
        },
        {
          "Feature": "Price",
          "Description": "This product offers unmatched performance and reliability. This item has received rave reviews from customers worldwide. Available in various sizes and colors to suit your needs."
        },
        {
          "Feature": "Material",
          "Description": "Designed with the latest technology, it ensures top-notch quality. Available in various sizes and colors to suit your needs. Its ergonomic design makes it easy to use and handle."
        }
      ]
    },
    "content2": []
  },
  {
    "pagebreak": "pagebreak"
  },
  {
    "pagenum": 23,
    "content1": [
      "Product 23\n",
      "Stylish Device\n",
      "Its ergonomic design makes it easy to use and handle. This item has received rave reviews \n",
      "from customers worldwide. It is environmentally friendly and energy-efficient.\n"
    ],
    "table": {
      "columns": [
        "Feature",
        "Description"
      ],
      "rows": [
        {
          "Feature": "Weight",
          "Description": "Its ergonomic design makes it easy to use and handle. Designed with the latest technology, it ensures top-notch quality. This item has received rave reviews from customers worldwide."
        },
        {
          "Feature": "Color Options",
          "Description": "Crafted with premium materials, it is built to last. Designed with the latest technology, it ensures top-notch quality. This item has received rave reviews from customers worldwide."
        },
        {
          "Feature": "Price",
          "Description": "This product offers unmatched performance and reliability. This item has received rave reviews from customers worldwide. Available in various sizes and colors to suit your needs."
        },
        {
          "Feature": "Material",
          "Description": "Designed with the latest technology, it ensures top-notch quality. Available in various sizes and colors to suit your needs. Its ergonomic design makes it easy to use and handle."
        }
      ]
    },
    "content2": []
  },
  {
    "pagebreak": "pagebreak"
  },
  {
    "pagenum": 24,
    "content1": [
      "Product 24\n",
      "Durable Gadget\n",
      "Available in various sizes and colors to suit your needs. Perfect for everyday use, it provides \n",
      "excellent value for money. This product offers unmatched performance and reliability.\n"
    ],
    "table": {
      "columns": [
        "Feature",
        "Description"
      ],
      "rows": [
        {
          "Feature": "Weight",
          "Description": "Its ergonomic design makes it easy to use and handle. Designed with the latest technology, it ensures top-notch quality. This item has received rave reviews from customers worldwide."
        },
        {
          "Feature": "Color Options",
          "Description": "Crafted with premium materials, it is built to last. Designed with the latest technology, it ensures top-notch quality. This item has received rave reviews from customers worldwide."
        },
        {
          "Feature": "Price",
          "Description": "This product offers unmatched performance and reliability. This item has received rave reviews from customers worldwide. Available in various sizes and colors to suit your needs."
        },
        {
          "Feature": "Material",
          "Description": "Designed with the latest technology, it ensures top-notch quality. Available in various sizes and colors to suit your needs. Its ergonomic design makes it easy to use and handle."
        }
      ]
    },
    "content2": []
  },
  {
    "pagebreak": "pagebreak"
  },
  {
    "pagenum": 25,
    "content1": [
      "Product 25\n",
      "Compact Device\n",
      "Available in various sizes and colors to suit your needs. This product offers unmatched \n",
      "performance and reliability. Perfect for everyday use, it provides excellent value for money.\n"
    ],
    "table": {
      "columns": [
        "Feature",
        "Description"
      ],
      "rows": [
        {
          "Feature": "Weight",
          "Description": "Its ergonomic design makes it easy to use and handle. Designed with the latest technology, it ensures top-notch quality. This item has received rave reviews from customers worldwide."
        },
        {
          "Feature": "Color Options",
          "Description": "Crafted with premium materials, it is built to last. Designed with the latest technology, it ensures top-notch quality. This item has received rave reviews from customers worldwide."
        },
        {
          "Feature": "Price",
          "Description": "This product offers unmatched performance and reliability. This item has received rave reviews from customers worldwide. Available in various sizes and colors to suit your needs."
        },
        {
          "Feature": "Material",
          "Description": "Designed with the latest technology, it ensures top-notch quality. Available in various sizes and colors to suit your needs. Its ergonomic design makes it easy to use and handle."
        }
      ]
    },
    "content2": []
  },
  {
    "pagebreak": "pagebreak"
  },
  {
    "pagenum": 26,
    "content1": [
      "Product 26\n",
      "Innovative Equipment\n",
      "This product offers unmatched performance and reliability. It is environmentally friendly \n",
      "and energy-efficient. This item has received rave reviews from customers worldwide.\n"
    ],
    "table": {
      "columns": [
        "Feature",
        "Description"
      ],
      "rows": [
        {
          "Feature": "Weight",
          "Description": "Its ergonomic design makes it easy to use and handle. Designed with the latest technology, it ensures top-notch quality. This item has received rave reviews from customers worldwide."
        },
        {
          "Feature": "Color Options",
          "Description": "Crafted with premium materials, it is built to last. Designed with the latest technology, it ensures top-notch quality. This item has received rave reviews from customers worldwide."
        },
        {
          "Feature": "Price",
          "Description": "This product offers unmatched performance and reliability. This item has received rave reviews from customers worldwide. Available in various sizes and colors to suit your needs."
        },
        {
          "Feature": "Material",
          "Description": "Designed with the latest technology, it ensures top-notch quality. Available in various sizes and colors to suit your needs. Its ergonomic design makes it easy to use and handle."
        }
      ]
    },
    "content2": []
  },
  {
    "pagebreak": "pagebreak"
  },
  {
    "pagenum": 27,
    "content1": [
      "Product 27\n",
      "Incredible Accessory\n",
      "Available in various sizes and colors to suit your needs. This item has received rave reviews \n",
      "from customers worldwide. Perfect for everyday use, it provides excellent value for money.\n"
    ],
    "table": {
      "columns": [
        "Feature",
        "Description"
      ],
      "rows": [
        {
          "Feature": "Weight",
          "Description": "Its ergonomic design makes it easy to use and handle. Designed with the latest technology, it ensures top-notch quality. This item has received rave reviews from customers worldwide."
        },
        {
          "Feature": "Color Options",
          "Description": "Crafted with premium materials, it is built to last. Designed with the latest technology, it ensures top-notch quality. This item has received rave reviews from customers worldwide."
        },
        {
          "Feature": "Price",
          "Description": "This product offers unmatched performance and reliability. This item has received rave reviews from customers worldwide. Available in various sizes and colors to suit your needs."
        },
        {
          "Feature": "Material",
          "Description": "Designed with the latest technology, it ensures top-notch quality. Available in various sizes and colors to suit your needs. Its ergonomic design makes it easy to use and handle."
        }
      ]
    },
    "content2": []
  },
  {
    "pagebreak": "pagebreak"
  },
  {
    "pagenum": 28,
    "content1": [
      "Product 28\n",
      "Stylish Instrument\n",
      "Designed with the latest technology, it ensures top-notch quality. This item has received \n",
      "rave reviews from customers worldwide. Available in various sizes and colors to suit your \n",
      "needs.\n"
    ],
    "table": {
      "columns": [
        "Feature",
        "Description"
      ],
      "rows": [
        {
          "Feature": "Weight",
          "Description": "Its ergonomic design makes it easy to use and handle. Designed with the latest technology, it ensures top-notch quality. This item has received rave reviews from customers worldwide."
        },
        {
          "Feature": "Color Options",
          "Description": "Crafted with premium materials, it is built to last. Designed with the latest technology, it ensures top-notch quality. This item has received rave reviews from customers worldwide."
        },
        {
          "Feature": "Price",
          "Description": "This product offers unmatched performance and reliability. This item has received rave reviews from customers worldwide. Available in various sizes and colors to suit your needs."
        },
        {
          "Feature": "Material",
          "Description": "Designed with the latest technology, it ensures top-notch quality. Available in various sizes and colors to suit your needs. Its ergonomic design makes it easy to use and handle."
        }
      ]
    },
    "content2": []
  },
  {
    "pagebreak": "pagebreak"
  },
  {
    "pagenum": 29,
    "content1": [
      "Product 29\n",
      "Innovative Gadget\n",
      "Its ergonomic design makes it easy to use and handle. Available in various sizes and colors \n",
      "to suit your needs. This product offers unmatched performance and reliability.\n"
    ],
    "table": {
      "columns": [
        "Feature",
        "Description"
      ],
      "rows": [
        {
          "Feature": "Weight",
          "Description": "Its ergonomic design makes it easy to use and handle. Designed with the latest technology, it ensures top-notch quality. This item has received rave reviews from customers worldwide."
        },
        {
          "Feature": "Color Options",
          "Description": "Crafted with premium materials, it is built to last. Designed with the latest technology, it ensures top-notch quality. This item has received rave reviews from customers worldwide."
        },
        {
          "Feature": "Price",
          "Description": "This product offers unmatched performance and reliability. This item has received rave reviews from customers worldwide. Available in various sizes and colors to suit your needs."
        },
        {
          "Feature": "Material",
          "Description": "Designed with the latest technology, it ensures top-notch quality. Available in various sizes and colors to suit your needs. Its ergonomic design makes it easy to use and handle."
        }
      ]
    },
    "content2": []
  },
  {
    "pagebreak": "pagebreak"
  },
  {
    "pagenum": 30,
    "content1": [
      "Product 30\n",
      "Amazing Appliance\n",
      "Perfect for everyday use, it provides excellent value for money. Available in various sizes \n",
      "and colors to suit your needs. Crafted with premium materials, it is built to last.\n"
    ],
    "table": {
      "columns": [
        "Feature",
        "Description"
      ],
      "rows": [
        {
          "Feature": "Weight",
          "Description": "Its ergonomic design makes it easy to use and handle. Designed with the latest technology, it ensures top-notch quality. This item has received rave reviews from customers worldwide."
        },
        {
          "Feature": "Color Options",
          "Description": "Crafted with premium materials, it is built to last. Designed with the latest technology, it ensures top-notch quality. This item has received rave reviews from customers worldwide."
        },
        {
          "Feature": "Price",
          "Description": "This product offers unmatched performance and reliability. This item has received rave reviews from customers worldwide. Available in various sizes and colors to suit your needs."
        },
        {
          "Feature": "Material",
          "Description": "Designed with the latest technology, it ensures top-notch quality. Available in various sizes and colors to suit your needs. Its ergonomic design makes it easy to use and handle."
        }
      ]
    },
    "content2": []
  },
  {
    "pagebreak": "pagebreak"
  },
  {
    "pagenum": 31,
    "content1": [
      "Product 31\n",
      "Innovative Device\n",
      "Available in various sizes and colors to suit your needs. Perfect for everyday use, it provides \n",
      "excellent value for money. Designed with the latest technology, it ensures top-notch quality.\n"
    ],
    "table": {
      "columns": [
        "Feature",
        "Description"
      ],
      "rows": [
        {
          "Feature": "Weight",
          "Description": "Its ergonomic design makes it easy to use and handle. Designed with the latest technology, it ensures top-notch quality. This item has received rave reviews from customers worldwide."
        },
        {
          "Feature": "Color Options",
          "Description": "Crafted with premium materials, it is built to last. Designed with the latest technology, it ensures top-notch quality. This item has received rave reviews from customers worldwide."
        },
        {
          "Feature": "Price",
          "Description": "This product offers unmatched performance and reliability. This item has received rave reviews from customers worldwide. Available in various sizes and colors to suit your needs."
        },
        {
          "Feature": "Material",
          "Description": "Designed with the latest technology, it ensures top-notch quality. Available in various sizes and colors to suit your needs. Its ergonomic design makes it easy to use and handle."
        }
      ]
    },
    "content2": []
  },
  {
    "pagebreak": "pagebreak"
  },
  {
    "pagenum": 32,
    "content1": [
      "Product 32\n",
      "Amazing Accessory\n",
      "Crafted with premium materials, it is built to last. It is environmentally friendly and energy-\n",
      "efficient. Its ergonomic design makes it easy to use and handle.\n"
    ],
    "table": {
      "columns": [
        "Feature",
        "Description"
      ],
      "rows": [
        {
          "Feature": "Weight",
          "Description": "Its ergonomic design makes it easy to use and handle. Designed with the latest technology, it ensures top-notch quality. This item has received rave reviews from customers worldwide."
        },
        {
          "Feature": "Color Options",
          "Description": "Crafted with premium materials, it is built to last. Designed with the latest technology, it ensures top-notch quality. This item has received rave reviews from customers worldwide."
        },
        {
          "Feature": "Price",
          "Description": "This product offers unmatched performance and reliability. This item has received rave reviews from customers worldwide. Available in various sizes and colors to suit your needs."
        },
        {
          "Feature": "Material",
          "Description": "Designed with the latest technology, it ensures top-notch quality. Available in various sizes and colors to suit your needs. Its ergonomic design makes it easy to use and handle."
        }
      ]
    },
    "content2": []
  },
  {
    "pagebreak": "pagebreak"
  },
  {
    "pagenum": 33,
    "content1": [
      "Product 33\n",
      "Stylish Accessory\n",
      "Perfect for everyday use, it provides excellent value for money. Crafted with premium \n",
      "materials, it is built to last. Its ergonomic design makes it easy to use and handle.\n"
    ],
    "table": {
      "columns": [
        "Feature",
        "Description"
      ],
      "rows": [
        {
          "Feature": "Weight",
          "Description": "Its ergonomic design makes it easy to use and handle. Designed with the latest technology, it ensures top-notch quality. This item has received rave reviews from customers worldwide."
        },
        {
          "Feature": "Color Options",
          "Description": "Crafted with premium materials, it is built to last. Designed with the latest technology, it ensures top-notch quality. This item has received rave reviews from customers worldwide."
        },
        {
          "Feature": "Price",
          "Description": "This product offers unmatched performance and reliability. This item has received rave reviews from customers worldwide. Available in various sizes and colors to suit your needs."
        },
        {
          "Feature": "Material",
          "Description": "Designed with the latest technology, it ensures top-notch quality. Available in various sizes and colors to suit your needs. Its ergonomic design makes it easy to use and handle."
        }
      ]
    },
    "content2": []
  },
  {
    "pagebreak": "pagebreak"
  },
  {
    "pagenum": 34,
    "content1": [
      "Product 34\n",
      "Amazing Appliance\n",
      "Designed with the latest technology, it ensures top-notch quality. Available in various sizes \n",
      "and colors to suit your needs. Its ergonomic design makes it easy to use and handle.\n"
    ],
    "table": {
      "columns": [
        "Feature",
        "Description"
      ],
      "rows": [
        {
          "Feature": "Weight",
          "Description": "Its ergonomic design makes it easy to use and handle. Designed with the latest technology, it ensures top-notch quality. This item has received rave reviews from customers worldwide."
        },
        {
          "Feature": "Color Options",
          "Description": "Crafted with premium materials, it is built to last. Designed with the latest technology, it ensures top-notch quality. This item has received rave reviews from customers worldwide."
        },
        {
          "Feature": "Price",
          "Description": "This product offers unmatched performance and reliability. This item has received rave reviews from customers worldwide. Available in various sizes and colors to suit your needs."
        },
        {
          "Feature": "Material",
          "Description": "Designed with the latest technology, it ensures top-notch quality. Available in various sizes and colors to suit your needs. Its ergonomic design makes it easy to use and handle."
        }
      ]
    },
    "content2": []
  },
  {
    "pagebreak": "pagebreak"
  },
  {
    "pagenum": 35,
    "content1": [
      "Product 35\n",
      "Innovative Gadget\n",
      "Perfect for everyday use, it provides excellent value for money. Designed with the latest \n",
      "technology, it ensures top-notch quality. This product offers unmatched performance and \n",
      "reliability.\n"
    ],
    "table": {
      "columns": [
        "Feature",
        "Description"
      ],
      "rows": [
        {
          "Feature": "Weight",
          "Description": "Its ergonomic design makes it easy to use and handle. Designed with the latest technology, it ensures top-notch quality. This item has received rave reviews from customers worldwide."
        },
        {
          "Feature": "Color Options",
          "Description": "Crafted with premium materials, it is built to last. Designed with the latest technology, it ensures top-notch quality. This item has received rave reviews from customers worldwide."
        },
        {
          "Feature": "Price",
          "Description": "This product offers unmatched performance and reliability. This item has received rave reviews from customers worldwide. Available in various sizes and colors to suit your needs."
        },
        {
          "Feature": "Material",
          "Description": "Designed with the latest technology, it ensures top-notch quality. Available in various sizes and colors to suit your needs. Its ergonomic design makes it easy to use and handle."
        }
      ]
    },
    "content2": []
  },
  {
    "pagebreak": "pagebreak"
  },
  {
    "pagenum": 36,
    "content1": [
      "Product 36\n",
      "Compact Equipment\n",
      "Crafted with premium materials, it is built to last. It is environmentally friendly and energy-\n",
      "efficient. Perfect for everyday use, it provides excellent value for money.\n"
    ],
    "table": {
      "columns": [
        "Feature",
        "Description"
      ],
      "rows": [
        {
          "Feature": "Weight",
          "Description": "Its ergonomic design makes it easy to use and handle. Designed with the latest technology, it ensures top-notch quality. This item has received rave reviews from customers worldwide."
        },
        {
          "Feature": "Color Options",
          "Description": "Crafted with premium materials, it is built to last. Designed with the latest technology, it ensures top-notch quality. This item has received rave reviews from customers worldwide."
        },
        {
          "Feature": "Price",
          "Description": "This product offers unmatched performance and reliability. This item has received rave reviews from customers worldwide. Available in various sizes and colors to suit your needs."
        },
        {
          "Feature": "Material",
          "Description": "Designed with the latest technology, it ensures top-notch quality. Available in various sizes and colors to suit your needs. Its ergonomic design makes it easy to use and handle."
        }
      ]
    },
    "content2": []
  },
  {
    "pagebreak": "pagebreak"
  },
  {
    "pagenum": 37,
    "content1": [
      "Product 37\n",
      "Durable Gadget\n",
      "This item has received rave reviews from customers worldwide. Designed with the latest \n",
      "technology, it ensures top-notch quality. It is environmentally friendly and energy-efficient.\n"
    ],
    "table": {
      "columns": [
        "Feature",
        "Description"
      ],
      "rows": [
        {
          "Feature": "Weight",
          "Description": "Its ergonomic design makes it easy to use and handle. Designed with the latest technology, it ensures top-notch quality. This item has received rave reviews from customers worldwide."
        },
        {
          "Feature": "Color Options",
          "Description": "Crafted with premium materials, it is built to last. Designed with the latest technology, it ensures top-notch quality. This item has received rave reviews from customers worldwide."
        },
        {
          "Feature": "Price",
          "Description": "This product offers unmatched performance and reliability. This item has received rave reviews from customers worldwide. Available in various sizes and colors to suit your needs."
        },
        {
          "Feature": "Material",
          "Description": "Designed with the latest technology, it ensures top-notch quality. Available in various sizes and colors to suit your needs. Its ergonomic design makes it easy to use and handle."
        }
      ]
    },
    "content2": []
  },
  {
    "pagebreak": "pagebreak"
  },
  {
    "pagenum": 38,
    "content1": [
      "Product 38\n",
      "Incredible Instrument\n",
      "This product offers unmatched performance and reliability. It is environmentally friendly \n",
      "and energy-efficient. Its ergonomic design makes it easy to use and handle.\n"
    ],
    "table": {
      "columns": [
        "Feature",
        "Description"
      ],
      "rows": [
        {
          "Feature": "Weight",
          "Description": "Its ergonomic design makes it easy to use and handle. Designed with the latest technology, it ensures top-notch quality. This item has received rave reviews from customers worldwide."
        },
        {
          "Feature": "Color Options",
          "Description": "Crafted with premium materials, it is built to last. Designed with the latest technology, it ensures top-notch quality. This item has received rave reviews from customers worldwide."
        },
        {
          "Feature": "Price",
          "Description": "This product offers unmatched performance and reliability. This item has received rave reviews from customers worldwide. Available in various sizes and colors to suit your needs."
        },
        {
          "Feature": "Material",
          "Description": "Designed with the latest technology, it ensures top-notch quality. Available in various sizes and colors to suit your needs. Its ergonomic design makes it easy to use and handle."
        }
      ]
    },
    "content2": []
  },
  {
    "pagebreak": "pagebreak"
  },
  {
    "pagenum": 39,
    "content1": [
      "Product 39\n",
      "Stylish Instrument\n",
      "This product offers unmatched performance and reliability. This item has received rave \n",
      "reviews from customers worldwide. Perfect for everyday use, it provides excellent value for \n",
      "money.\n"
    ],
    "table": {
      "columns": [
        "Feature",
        "Description"
      ],
      "rows": [
        {
          "Feature": "Weight",
          "Description": "Its ergonomic design makes it easy to use and handle. Designed with the latest technology, it ensures top-notch quality. This item has received rave reviews from customers worldwide."
        },
        {
          "Feature": "Color Options",
          "Description": "Crafted with premium materials, it is built to last. Designed with the latest technology, it ensures top-notch quality. This item has received rave reviews from customers worldwide."
        },
        {
          "Feature": "Price",
          "Description": "This product offers unmatched performance and reliability. This item has received rave reviews from customers worldwide. Available in various sizes and colors to suit your needs."
        },
        {
          "Feature": "Material",
          "Description": "Designed with the latest technology, it ensures top-notch quality. Available in various sizes and colors to suit your needs. Its ergonomic design makes it easy to use and handle."
        }
      ]
    },
    "content2": []
  },
  {
    "pagebreak": "pagebreak"
  },
  {
    "pagenum": 40,
    "content1": [
      "Product 40\n",
      "Stylish Equipment\n",
      "This product offers unmatched performance and reliability. Designed with the latest \n",
      "technology, it ensures top-notch quality. It is environmentally friendly and energy-efficient.\n"
    ],
    "table": {
      "columns": [
        "Feature",
        "Description"
      ],
      "rows": [
        {
          "Feature": "Weight",
          "Description": "Its ergonomic design makes it easy to use and handle. Designed with the latest technology, it ensures top-notch quality. This item has received rave reviews from customers worldwide."
        },
        {
          "Feature": "Color Options",
          "Description": "Crafted with premium materials, it is built to last. Designed with the latest technology, it ensures top-notch quality. This item has received rave reviews from customers worldwide."
        },
        {
          "Feature": "Price",
          "Description": "This product offers unmatched performance and reliability. This item has received rave reviews from customers worldwide. Available in various sizes and colors to suit your needs."
        },
        {
          "Feature": "Material",
          "Description": "Designed with the latest technology, it ensures top-notch quality. Available in various sizes and colors to suit your needs. Its ergonomic design makes it easy to use and handle."
        }
      ]
    },
    "content2": []
  },
  {
    "pagebreak": "pagebreak"
  },
  {
    "pagenum": 41,
    "content1": [
      "Product 41\n",
      "Fantastic Appliance\n",
      "This product offers unmatched performance and reliability. Its ergonomic design makes it \n",
      "easy to use and handle. It is environmentally friendly and energy-efficient.\n"
    ],
    "table": {
      "columns": [
        "Feature",
        "Description"
      ],
      "rows": [
        {
          "Feature": "Weight",
          "Description": "Its ergonomic design makes it easy to use and handle. Designed with the latest technology, it ensures top-notch quality. This item has received rave reviews from customers worldwide."
        },
        {
          "Feature": "Color Options",
          "Description": "Crafted with premium materials, it is built to last. Designed with the latest technology, it ensures top-notch quality. This item has received rave reviews from customers worldwide."
        },
        {
          "Feature": "Price",
          "Description": "This product offers unmatched performance and reliability. This item has received rave reviews from customers worldwide. Available in various sizes and colors to suit your needs."
        },
        {
          "Feature": "Material",
          "Description": "Designed with the latest technology, it ensures top-notch quality. Available in various sizes and colors to suit your needs. Its ergonomic design makes it easy to use and handle."
        }
      ]
    },
    "content2": []
  },
  {
    "pagebreak": "pagebreak"
  },
  {
    "pagenum": 42,
    "content1": [
      "Product 42\n",
      "Fantastic Gadget\n",
      "This item has received rave reviews from customers worldwide. Designed with the latest \n",
      "technology, it ensures top-notch quality. Its ergonomic design makes it easy to use and \n",
      "handle.\n"
    ],
    "table": {
      "columns": [
        "Feature",
        "Description"
      ],
      "rows": [
        {
          "Feature": "Weight",
          "Description": "Its ergonomic design makes it easy to use and handle. Designed with the latest technology, it ensures top-notch quality. This item has received rave reviews from customers worldwide."
        },
        {
          "Feature": "Color Options",
          "Description": "Crafted with premium materials, it is built to last. Designed with the latest technology, it ensures top-notch quality. This item has received rave reviews from customers worldwide."
        },
        {
          "Feature": "Price",
          "Description": "This product offers unmatched performance and reliability. This item has received rave reviews from customers worldwide. Available in various sizes and colors to suit your needs."
        },
        {
          "Feature": "Material",
          "Description": "Designed with the latest technology, it ensures top-notch quality. Available in various sizes and colors to suit your needs. Its ergonomic design makes it easy to use and handle."
        }
      ]
    },
    "content2": []
  },
  {
    "pagebreak": "pagebreak"
  },
  {
    "pagenum": 43,
    "content1": [
      "Product 43\n",
      "Fantastic Device\n",
      "Crafted with premium materials, it is built to last. Available in various sizes and colors to \n",
      "suit your needs. It is environmentally friendly and energy-efficient.\n"
    ],
    "table": {
      "columns": [
        "Feature",
        "Description"
      ],
      "rows": [
        {
          "Feature": "Weight",
          "Description": "Its ergonomic design makes it easy to use and handle. Designed with the latest technology, it ensures top-notch quality. This item has received rave reviews from customers worldwide."
        },
        {
          "Feature": "Color Options",
          "Description": "Crafted with premium materials, it is built to last. Designed with the latest technology, it ensures top-notch quality. This item has received rave reviews from customers worldwide."
        },
        {
          "Feature": "Price",
          "Description": "This product offers unmatched performance and reliability. This item has received rave reviews from customers worldwide. Available in various sizes and colors to suit your needs."
        },
        {
          "Feature": "Material",
          "Description": "Designed with the latest technology, it ensures top-notch quality. Available in various sizes and colors to suit your needs. Its ergonomic design makes it easy to use and handle."
        }
      ]
    },
    "content2": []
  },
  {
    "pagebreak": "pagebreak"
  },
  {
    "pagenum": 44,
    "content1": [
      "Product 44\n",
      "Amazing Appliance\n",
      "Crafted with premium materials, it is built to last. This item has received rave reviews from \n",
      "customers worldwide. It is environmentally friendly and energy-efficient.\n"
    ],
    "table": {
      "columns": [
        "Feature",
        "Description"
      ],
      "rows": [
        {
          "Feature": "Weight",
          "Description": "Its ergonomic design makes it easy to use and handle. Designed with the latest technology, it ensures top-notch quality. This item has received rave reviews from customers worldwide."
        },
        {
          "Feature": "Color Options",
          "Description": "Crafted with premium materials, it is built to last. Designed with the latest technology, it ensures top-notch quality. This item has received rave reviews from customers worldwide."
        },
        {
          "Feature": "Price",
          "Description": "This product offers unmatched performance and reliability. This item has received rave reviews from customers worldwide. Available in various sizes and colors to suit your needs."
        },
        {
          "Feature": "Material",
          "Description": "Designed with the latest technology, it ensures top-notch quality. Available in various sizes and colors to suit your needs. Its ergonomic design makes it easy to use and handle."
        }
      ]
    },
    "content2": []
  },
  {
    "pagebreak": "pagebreak"
  },
  {
    "pagenum": 45,
    "content1": [
      "Product 45\n",
      "Innovative Instrument\n",
      "It is environmentally friendly and energy-efficient. Designed with the latest technology, it \n",
      "ensures top-notch quality. Crafted with premium materials, it is built to last.\n"
    ],
    "table": {
      "columns": [
        "Feature",
        "Description"
      ],
      "rows": [
        {
          "Feature": "Weight",
          "Description": "Its ergonomic design makes it easy to use and handle. Designed with the latest technology, it ensures top-notch quality. This item has received rave reviews from customers worldwide."
        },
        {
          "Feature": "Color Options",
          "Description": "Crafted with premium materials, it is built to last. Designed with the latest technology, it ensures top-notch quality. This item has received rave reviews from customers worldwide."
        },
        {
          "Feature": "Price",
          "Description": "This product offers unmatched performance and reliability. This item has received rave reviews from customers worldwide. Available in various sizes and colors to suit your needs."
        },
        {
          "Feature": "Material",
          "Description": "Designed with the latest technology, it ensures top-notch quality. Available in various sizes and colors to suit your needs. Its ergonomic design makes it easy to use and handle."
        }
      ]
    },
    "content2": []
  },
  {
    "pagebreak": "pagebreak"
  },
  {
    "pagenum": 46,
    "content1": [
      "Product 46\n",
      "Innovative Item\n",
      "Available in various sizes and colors to suit your needs. Crafted with premium materials, it \n",
      "is built to last. This item has received rave reviews from customers worldwide.\n"
    ],
    "table": {
      "columns": [
        "Feature",
        "Description"
      ],
      "rows": [
        {
          "Feature": "Weight",
          "Description": "Its ergonomic design makes it easy to use and handle. Designed with the latest technology, it ensures top-notch quality. This item has received rave reviews from customers worldwide."
        },
        {
          "Feature": "Color Options",
          "Description": "Crafted with premium materials, it is built to last. Designed with the latest technology, it ensures top-notch quality. This item has received rave reviews from customers worldwide."
        },
        {
          "Feature": "Price",
          "Description": "This product offers unmatched performance and reliability. This item has received rave reviews from customers worldwide. Available in various sizes and colors to suit your needs."
        },
        {
          "Feature": "Material",
          "Description": "Designed with the latest technology, it ensures top-notch quality. Available in various sizes and colors to suit your needs. Its ergonomic design makes it easy to use and handle."
        }
      ]
    },
    "content2": []
  },
  {
    "pagebreak": "pagebreak"
  },
  {
    "pagenum": 47,
    "content1": [
      "Product 47\n",
      "Amazing Equipment\n",
      "This item has received rave reviews from customers worldwide. Crafted with premium \n",
      "materials, it is built to last. It is environmentally friendly and energy-efficient.\n"
    ],
    "table": {
      "columns": [
        "Feature",
        "Description"
      ],
      "rows": [
        {
          "Feature": "Weight",
          "Description": "Its ergonomic design makes it easy to use and handle. Designed with the latest technology, it ensures top-notch quality. This item has received rave reviews from customers worldwide."
        },
        {
          "Feature": "Color Options",
          "Description": "Crafted with premium materials, it is built to last. Designed with the latest technology, it ensures top-notch quality. This item has received rave reviews from customers worldwide."
        },
        {
          "Feature": "Price",
          "Description": "This product offers unmatched performance and reliability. This item has received rave reviews from customers worldwide. Available in various sizes and colors to suit your needs."
        },
        {
          "Feature": "Material",
          "Description": "Designed with the latest technology, it ensures top-notch quality. Available in various sizes and colors to suit your needs. Its ergonomic design makes it easy to use and handle."
        }
      ]
    },
    "content2": []
  },
  {
    "pagebreak": "pagebreak"
  },
  {
    "pagenum": 48,
    "content1": [
      "Product 48\n",
      "Fantastic Item\n",
      "Perfect for everyday use, it provides excellent value for money. Crafted with premium \n",
      "materials, it is built to last. Designed with the latest technology, it ensures top-notch quality.\n"
    ],
    "table": {
      "columns": [
        "Feature",
        "Description"
      ],
      "rows": [
        {
          "Feature": "Weight",
          "Description": "Its ergonomic design makes it easy to use and handle. Designed with the latest technology, it ensures top-notch quality. This item has received rave reviews from customers worldwide."
        },
        {
          "Feature": "Color Options",
          "Description": "Crafted with premium materials, it is built to last. Designed with the latest technology, it ensures top-notch quality. This item has received rave reviews from customers worldwide."
        },
        {
          "Feature": "Price",
          "Description": "This product offers unmatched performance and reliability. This item has received rave reviews from customers worldwide. Available in various sizes and colors to suit your needs."
        },
        {
          "Feature": "Material",
          "Description": "Designed with the latest technology, it ensures top-notch quality. Available in various sizes and colors to suit your needs. Its ergonomic design makes it easy to use and handle."
        }
      ]
    },
    "content2": []
  },
  {
    "pagebreak": "pagebreak"
  },
  {
    "pagenum": 49,
    "content1": [
      "Product 49\n",
      "Incredible Appliance\n",
      "Its ergonomic design makes it easy to use and handle. Available in various sizes and colors \n",
      "to suit your needs. Perfect for everyday use, it provides excellent value for money.\n"
    ],
    "table": {
      "columns": [
        "Feature",
        "Description"
      ],
      "rows": [
        {
          "Feature": "Weight",
          "Description": "Its ergonomic design makes it easy to use and handle. Designed with the latest technology, it ensures top-notch quality. This item has received rave reviews from customers worldwide."
        },
        {
          "Feature": "Color Options",
          "Description": "Crafted with premium materials, it is built to last. Designed with the latest technology, it ensures top-notch quality. This item has received rave reviews from customers worldwide."
        },
        {
          "Feature": "Price",
          "Description": "This product offers unmatched performance and reliability. This item has received rave reviews from customers worldwide. Available in various sizes and colors to suit your needs."
        },
        {
          "Feature": "Material",
          "Description": "Designed with the latest technology, it ensures top-notch quality. Available in various sizes and colors to suit your needs. Its ergonomic design makes it easy to use and handle."
        }
      ]
    },
    "content2": []
  },
  {
    "pagebreak": "pagebreak"
  },
  {
    "pagenum": 50,
    "content1": [
      "Product 50\n",
      "Fantastic Tool\n",
      "Its ergonomic design makes it easy to use and handle. It is environmentally friendly and \n",
      "energy-efficient. Crafted with premium materials, it is built to last.\n"
    ],
    "table": {
      "columns": [
        "Feature",
        "Description"
      ],
      "rows": [
        {
          "Feature": "Weight",
          "Description": "Its ergonomic design makes it easy to use and handle. Designed with the latest technology, it ensures top-notch quality. This item has received rave reviews from customers worldwide."
        },
        {
          "Feature": "Color Options",
          "Description": "Crafted with premium materials, it is built to last. Designed with the latest technology, it ensures top-notch quality. This item has received rave reviews from customers worldwide."
        },
        {
          "Feature": "Price",
          "Description": "This product offers unmatched performance and reliability. This item has received rave reviews from customers worldwide. Available in various sizes and colors to suit your needs."
        },
        {
          "Feature": "Material",
          "Description": "Designed with the latest technology, it ensures top-notch quality. Available in various sizes and colors to suit your needs. Its ergonomic design makes it easy to use and handle."
        }
      ]
    },
    "content2": []
  },
  {
    "pagebreak": "pagebreak"
  }
]