[
  {
    "page": 1,
    "content": [
      "Product Catalog - Document 9\n",
      "Product 1\n",
      "Eco-friendly Appliance\n",
      "Crafted with premium materials, it is built to last. Designed with the latest technology, it \n",
      "ensures top-notch quality. Perfect for everyday use, it provides excellent value for money.\n",
      "Feature\n",
      "Description\n",
      "Weight\n",
      "Its ergonomic design makes it easy to use \n",
      "and handle. Designed with the latest \n",
      "technology, it ensures top-notch quality. \n",
      "This item has received rave reviews from \n",
      "customers worldwide.\n",
      "Color Options\n",
      "Crafted with premium materials, it is built \n",
      "to last. Designed with the latest technology, \n",
      "it ensures top-notch quality. This item has \n",
      "received rave reviews from customers \n",
      "worldwide.\n",
      "Price\n",
      "This product offers unmatched \n",
      "performance and reliability. This item has \n",
      "received rave reviews from customers \n",
      "worldwide. Available in various sizes and \n",
      "colors to suit your needs.\n",
      "Material\n",
      "Designed with the latest technology, it \n",
      "ensures top-notch quality. Available in \n",
      "various sizes and colors to suit your needs. \n",
      "Its ergonomic design makes it easy to use \n",
      "and handle.\n"
    ]
  },
  {
    "page": 2,
    "content": [
      "Product 2\n",
      "Compact Equipment\n",
      "Crafted with premium materials, it is built to last. Its ergonomic design makes it easy to use \n",
      "and handle. This product offers unmatched performance and reliability.\n",
      "Feature\n",
      "Description\n",
      "Availability\n",
      "Its ergonomic design makes it easy to use \n",
      "and handle. Crafted with premium \n",
      "materials, it is built to last. Perfect for \n",
      "everyday use, it provides excellent value \n",
      "for money.\n",
      "Color Options\n",
      "Designed with the latest technology, it \n",
      "ensures top-notch quality. This item has \n",
      "received rave reviews from customers \n",
      "worldwide. Perfect for everyday use, it \n",
      "provides excellent value for money.\n",
      "Power Source\n",
      "This item has received rave reviews from \n",
      "customers worldwide. This product offers \n",
      "unmatched performance and reliability. It \n",
      "is environmentally friendly and energy-\n",
      "efficient.\n",
      "Dimensions\n",
      "Perfect for everyday use, it provides \n",
      "excellent value for money. This product \n",
      "offers unmatched performance and \n",
      "reliability. Crafted with premium materials, \n",
      "it is built to last.\n"
    ]
  },
  {
    "page": 3,
    "content": [
      "Product 3\n",
      "Stylish Appliance\n",
      "It is environmentally friendly and energy-efficient. Perfect for everyday use, it provides \n",
      "excellent value for money. Available in various sizes and colors to suit your needs.\n",
      "Feature\n",
      "Description\n",
      "Color Options\n",
      "Available in various sizes and colors to suit \n",
      "your needs. Crafted with premium \n",
      "materials, it is built to last. It is \n",
      "environmentally friendly and energy-\n",
      "efficient.\n",
      "Availability\n",
      "Crafted with premium materials, it is built \n",
      "to last. Its ergonomic design makes it easy \n",
      "to use and handle. Designed with the latest \n",
      "technology, it ensures top-notch quality.\n",
      "Material\n",
      "Available in various sizes and colors to suit \n",
      "your needs. Perfect for everyday use, it \n",
      "provides excellent value for money. This \n",
      "product offers unmatched performance and \n",
      "reliability.\n",
      "Weight\n",
      "This item has received rave reviews from \n",
      "customers worldwide. It is environmentally \n",
      "friendly and energy-efficient. Crafted with \n",
      "premium materials, it is built to last.\n"
    ]
  },
  {
    "page": 4,
    "content": [
      "Product 4\n",
      "Amazing Device\n",
      "It is environmentally friendly and energy-efficient. Its ergonomic design makes it easy to \n",
      "use and handle. This product offers unmatched performance and reliability.\n",
      "Feature\n",
      "Description\n",
      "Availability\n",
      "This item has received rave reviews from \n",
      "customers worldwide. It is environmentally \n",
      "friendly and energy-efficient. This product \n",
      "offers unmatched performance and \n",
      "reliability.\n",
      "Material\n",
      "Its ergonomic design makes it easy to use \n",
      "and handle. This item has received rave \n",
      "reviews from customers worldwide. \n",
      "Perfect for everyday use, it provides \n",
      "excellent value for money.\n",
      "Compatibility\n",
      "Available in various sizes and colors to suit \n",
      "your needs. It is environmentally friendly \n",
      "and energy-efficient. This product offers \n",
      "unmatched performance and reliability.\n",
      "Weight\n",
      "This product offers unmatched \n",
      "performance and reliability. It is \n",
      "environmentally friendly and energy-\n",
      "efficient. Perfect for everyday use, it \n",
      "provides excellent value for money.\n"
    ]
  },
  {
    "page": 5,
    "content": [
      "Product 5\n",
      "Stylish Item\n",
      "Crafted with premium materials, it is built to last. This product offers unmatched \n",
      "performance and reliability. Its ergonomic design makes it easy to use and handle.\n",
      "Feature\n",
      "Description\n",
      "Power Source\n",
      "This product offers unmatched \n",
      "performance and reliability. Crafted with \n",
      "premium materials, it is built to last. \n",
      "Perfect for everyday use, it provides \n",
      "excellent value for money.\n",
      "Color Options\n",
      "Its ergonomic design makes it easy to use \n",
      "and handle. This item has received rave \n",
      "reviews from customers worldwide. It is \n",
      "environmentally friendly and energy-\n",
      "efficient.\n",
      "Material\n",
      "Available in various sizes and colors to suit \n",
      "your needs. It is environmentally friendly \n",
      "and energy-efficient. Designed with the \n",
      "latest technology, it ensures top-notch \n",
      "quality.\n",
      "Material\n",
      "Designed with the latest technology, it \n",
      "ensures top-notch quality. Its ergonomic \n",
      "design makes it easy to use and handle. It is \n",
      "environmentally friendly and energy-\n",
      "efficient.\n"
    ]
  },
  {
    "page": 6,
    "content": [
      "Product 6\n",
      "Amazing Gadget\n",
      "Perfect for everyday use, it provides excellent value for money. It is environmentally \n",
      "friendly and energy-efficient. Its ergonomic design makes it easy to use and handle.\n",
      "Feature\n",
      "Description\n",
      "Warranty\n",
      "Crafted with premium materials, it is built \n",
      "to last. Perfect for everyday use, it provides \n",
      "excellent value for money. Available in \n",
      "various sizes and colors to suit your needs.\n",
      "Dimensions\n",
      "Designed with the latest technology, it \n",
      "ensures top-notch quality. Perfect for \n",
      "everyday use, it provides excellent value \n",
      "for money. It is environmentally friendly \n",
      "and energy-efficient.\n",
      "Availability\n",
      "It is environmentally friendly and energy-\n",
      "efficient. Available in various sizes and \n",
      "colors to suit your needs. This product \n",
      "offers unmatched performance and \n",
      "reliability.\n",
      "Compatibility\n",
      "Crafted with premium materials, it is built \n",
      "to last. This product offers unmatched \n",
      "performance and reliability. Its ergonomic \n",
      "design makes it easy to use and handle.\n"
    ]
  },
  {
    "page": 7,
    "content": [
      "Product 7\n",
      "Eco-friendly Appliance\n",
      "Available in various sizes and colors to suit your needs. Crafted with premium materials, it \n",
      "is built to last. Designed with the latest technology, it ensures top-notch quality.\n",
      "Feature\n",
      "Description\n",
      "Power Source\n",
      "Its ergonomic design makes it easy to use \n",
      "and handle. This product offers unmatched \n",
      "performance and reliability. Designed with \n",
      "the latest technology, it ensures top-notch \n",
      "quality.\n",
      "User Ratings\n",
      "Perfect for everyday use, it provides \n",
      "excellent value for money. Its ergonomic \n",
      "design makes it easy to use and handle. \n",
      "This item has received rave reviews from \n",
      "customers worldwide.\n",
      "User Ratings\n",
      "Designed with the latest technology, it \n",
      "ensures top-notch quality. Its ergonomic \n",
      "design makes it easy to use and handle. \n",
      "Perfect for everyday use, it provides \n",
      "excellent value for money.\n",
      "Compatibility\n",
      "Available in various sizes and colors to suit \n",
      "your needs. This item has received rave \n",
      "reviews from customers worldwide. \n",
      "Designed with the latest technology, it \n",
      "ensures top-notch quality.\n"
    ]
  },
  {
    "page": 8,
    "content": [
      "Product 8\n",
      "Fantastic Instrument\n",
      "Its ergonomic design makes it easy to use and handle. This item has received rave reviews \n",
      "from customers worldwide. This product offers unmatched performance and reliability.\n",
      "Feature\n",
      "Description\n",
      "Material\n",
      "This item has received rave reviews from \n",
      "customers worldwide. Its ergonomic design \n",
      "makes it easy to use and handle. Available \n",
      "in various sizes and colors to suit your \n",
      "needs.\n",
      "Availability\n",
      "This product offers unmatched \n",
      "performance and reliability. Its ergonomic \n",
      "design makes it easy to use and handle. \n",
      "Designed with the latest technology, it \n",
      "ensures top-notch quality.\n",
      "Power Source\n",
      "This item has received rave reviews from \n",
      "customers worldwide. Designed with the \n",
      "latest technology, it ensures top-notch \n",
      "quality. Its ergonomic design makes it easy \n",
      "to use and handle.\n",
      "Compatibility\n",
      "Crafted with premium materials, it is built \n",
      "to last. This item has received rave reviews \n",
      "from customers worldwide. This product \n",
      "offers unmatched performance and \n",
      "reliability.\n"
    ]
  },
  {
    "page": 9,
    "content": [
      "Product 9\n",
      "Fantastic Appliance\n",
      "This item has received rave reviews from customers worldwide. Available in various sizes \n",
      "and colors to suit your needs. Designed with the latest technology, it ensures top-notch \n",
      "quality.\n",
      "Feature\n",
      "Description\n",
      "User Ratings\n",
      "Crafted with premium materials, it is built \n",
      "to last. Available in various sizes and colors \n",
      "to suit your needs. Designed with the latest \n",
      "technology, it ensures top-notch quality.\n",
      "Weight\n",
      "This item has received rave reviews from \n",
      "customers worldwide. Designed with the \n",
      "latest technology, it ensures top-notch \n",
      "quality. Available in various sizes and \n",
      "colors to suit your needs.\n",
      "Color Options\n",
      "This item has received rave reviews from \n",
      "customers worldwide. This product offers \n",
      "unmatched performance and reliability. \n",
      "Perfect for everyday use, it provides \n",
      "excellent value for money.\n",
      "Color Options\n",
      "Available in various sizes and colors to suit \n",
      "your needs. It is environmentally friendly \n",
      "and energy-efficient. This item has received \n",
      "rave reviews from customers worldwide.\n"
    ]
  },
  {
    "page": 10,
    "content": [
      "Product 10\n",
      "Amazing Instrument\n",
      "This product offers unmatched performance and reliability. This item has received rave \n",
      "reviews from customers worldwide. Crafted with premium materials, it is built to last.\n",
      "Feature\n",
      "Description\n",
      "Price\n",
      "Available in various sizes and colors to suit \n",
      "your needs. Its ergonomic design makes it \n",
      "easy to use and handle. This product offers \n",
      "unmatched performance and reliability.\n",
      "Availability\n",
      "This item has received rave reviews from \n",
      "customers worldwide. Its ergonomic design \n",
      "makes it easy to use and handle. Perfect for \n",
      "everyday use, it provides excellent value \n",
      "for money.\n",
      "Price\n",
      "Available in various sizes and colors to suit \n",
      "your needs. Perfect for everyday use, it \n",
      "provides excellent value for money. It is \n",
      "environmentally friendly and energy-\n",
      "efficient.\n",
      "Dimensions\n",
      "This item has received rave reviews from \n",
      "customers worldwide. Designed with the \n",
      "latest technology, it ensures top-notch \n",
      "quality. Available in various sizes and \n",
      "colors to suit your needs.\n"
    ]
  },
  {
    "page": 11,
    "content": [
      "Product 11\n",
      "Durable Accessory\n",
      "This product offers unmatched performance and reliability. Crafted with premium \n",
      "materials, it is built to last. Designed with the latest technology, it ensures top-notch quality.\n",
      "Feature\n",
      "Description\n",
      "User Ratings\n",
      "It is environmentally friendly and energy-\n",
      "efficient. Its ergonomic design makes it \n",
      "easy to use and handle. Crafted with \n",
      "premium materials, it is built to last.\n",
      "Compatibility\n",
      "Crafted with premium materials, it is built \n",
      "to last. This item has received rave reviews \n",
      "from customers worldwide. Designed with \n",
      "the latest technology, it ensures top-notch \n",
      "quality.\n",
      "Availability\n",
      "It is environmentally friendly and energy-\n",
      "efficient. Its ergonomic design makes it \n",
      "easy to use and handle. Crafted with \n",
      "premium materials, it is built to last.\n",
      "Compatibility\n",
      "Crafted with premium materials, it is built \n",
      "to last. It is environmentally friendly and \n",
      "energy-efficient. This product offers \n",
      "unmatched performance and reliability.\n"
    ]
  },
  {
    "page": 12,
    "content": [
      "Product 12\n",
      "Stylish Item\n",
      "It is environmentally friendly and energy-efficient. Designed with the latest technology, it \n",
      "ensures top-notch quality. Crafted with premium materials, it is built to last.\n",
      "Feature\n",
      "Description\n",
      "User Ratings\n",
      "Designed with the latest technology, it \n",
      "ensures top-notch quality. This product \n",
      "offers unmatched performance and \n",
      "reliability. Available in various sizes and \n",
      "colors to suit your needs.\n",
      "Dimensions\n",
      "This product offers unmatched \n",
      "performance and reliability. Designed with \n",
      "the latest technology, it ensures top-notch \n",
      "quality. It is environmentally friendly and \n",
      "energy-efficient.\n",
      "Price\n",
      "This product offers unmatched \n",
      "performance and reliability. Perfect for \n",
      "everyday use, it provides excellent value \n",
      "for money. Its ergonomic design makes it \n",
      "easy to use and handle.\n",
      "Material\n",
      "Designed with the latest technology, it \n",
      "ensures top-notch quality. This product \n",
      "offers unmatched performance and \n",
      "reliability. Perfect for everyday use, it \n",
      "provides excellent value for money.\n"
    ]
  },
  {
    "page": 13,
    "content": [
      "Product 13\n",
      "Innovative Appliance\n",
      "Perfect for everyday use, it provides excellent value for money. Available in various sizes \n",
      "and colors to suit your needs. Crafted with premium materials, it is built to last.\n",
      "Feature\n",
      "Description\n",
      "Compatibility\n",
      "Crafted with premium materials, it is built \n",
      "to last. This product offers unmatched \n",
      "performance and reliability. It is \n",
      "environmentally friendly and energy-\n",
      "efficient.\n",
      "Dimensions\n",
      "Its ergonomic design makes it easy to use \n",
      "and handle. Perfect for everyday use, it \n",
      "provides excellent value for money. This \n",
      "product offers unmatched performance and \n",
      "reliability.\n",
      "Material\n",
      "This product offers unmatched \n",
      "performance and reliability. Its ergonomic \n",
      "design makes it easy to use and handle. \n",
      "Perfect for everyday use, it provides \n",
      "excellent value for money.\n",
      "Availability\n",
      "Crafted with premium materials, it is built \n",
      "to last. It is environmentally friendly and \n",
      "energy-efficient. Available in various sizes \n",
      "and colors to suit your needs.\n"
    ]
  },
  {
    "page": 14,
    "content": [
      "Product 14\n",
      "Compact Item\n",
      "Perfect for everyday use, it provides excellent value for money. Its ergonomic design makes \n",
      "it easy to use and handle. It is environmentally friendly and energy-efficient.\n",
      "Feature\n",
      "Description\n",
      "Weight\n",
      "Its ergonomic design makes it easy to use \n",
      "and handle. This item has received rave \n",
      "reviews from customers worldwide. \n",
      "Available in various sizes and colors to suit \n",
      "your needs.\n",
      "Weight\n",
      "Crafted with premium materials, it is built \n",
      "to last. Available in various sizes and colors \n",
      "to suit your needs. Perfect for everyday use, \n",
      "it provides excellent value for money.\n",
      "Material\n",
      "Crafted with premium materials, it is built \n",
      "to last. It is environmentally friendly and \n",
      "energy-efficient. Designed with the latest \n",
      "technology, it ensures top-notch quality.\n",
      "Warranty\n",
      "It is environmentally friendly and energy-\n",
      "efficient. Perfect for everyday use, it \n",
      "provides excellent value for money. This \n",
      "product offers unmatched performance and \n",
      "reliability.\n"
    ]
  },
  {
    "page": 15,
    "content": [
      "Product 15\n",
      "Amazing Device\n",
      "Its ergonomic design makes it easy to use and handle. Designed with the latest technology, it \n",
      "ensures top-notch quality. Available in various sizes and colors to suit your needs.\n",
      "Feature\n",
      "Description\n",
      "Warranty\n",
      "This item has received rave reviews from \n",
      "customers worldwide. Perfect for everyday \n",
      "use, it provides excellent value for money. \n",
      "Available in various sizes and colors to suit \n",
      "your needs.\n",
      "Material\n",
      "Perfect for everyday use, it provides \n",
      "excellent value for money. Its ergonomic \n",
      "design makes it easy to use and handle. \n",
      "This item has received rave reviews from \n",
      "customers worldwide.\n",
      "Weight\n",
      "This product offers unmatched \n",
      "performance and reliability. Crafted with \n",
      "premium materials, it is built to last. It is \n",
      "environmentally friendly and energy-\n",
      "efficient.\n",
      "Power Source\n",
      "Designed with the latest technology, it \n",
      "ensures top-notch quality. Perfect for \n",
      "everyday use, it provides excellent value \n",
      "for money. It is environmentally friendly \n",
      "and energy-efficient.\n"
    ]
  },
  {
    "page": 16,
    "content": [
      "Product 16\n",
      "Incredible Equipment\n",
      "This product offers unmatched performance and reliability. This item has received rave \n",
      "reviews from customers worldwide. Designed with the latest technology, it ensures top-\n",
      "notch quality.\n",
      "Feature\n",
      "Description\n",
      "Weight\n",
      "Its ergonomic design makes it easy to use \n",
      "and handle. This product offers unmatched \n",
      "performance and reliability. Perfect for \n",
      "everyday use, it provides excellent value \n",
      "for money.\n",
      "Warranty\n",
      "This item has received rave reviews from \n",
      "customers worldwide. Available in various \n",
      "sizes and colors to suit your needs. Its \n",
      "ergonomic design makes it easy to use and \n",
      "handle.\n",
      "Price\n",
      "Crafted with premium materials, it is built \n",
      "to last. Its ergonomic design makes it easy \n",
      "to use and handle. It is environmentally \n",
      "friendly and energy-efficient.\n",
      "Warranty\n",
      "Available in various sizes and colors to suit \n",
      "your needs. It is environmentally friendly \n",
      "and energy-efficient. This item has received \n",
      "rave reviews from customers worldwide.\n"
    ]
  },
  {
    "page": 17,
    "content": [
      "Product 17\n",
      "Innovative Accessory\n",
      "Designed with the latest technology, it ensures top-notch quality. Its ergonomic design \n",
      "makes it easy to use and handle. This item has received rave reviews from customers \n",
      "worldwide.\n",
      "Feature\n",
      "Description\n",
      "Warranty\n",
      "Crafted with premium materials, it is built \n",
      "to last. It is environmentally friendly and \n",
      "energy-efficient. Perfect for everyday use, it \n",
      "provides excellent value for money.\n",
      "Material\n",
      "This product offers unmatched \n",
      "performance and reliability. Crafted with \n",
      "premium materials, it is built to last. This \n",
      "item has received rave reviews from \n",
      "customers worldwide.\n",
      "Weight\n",
      "This item has received rave reviews from \n",
      "customers worldwide. Available in various \n",
      "sizes and colors to suit your needs. Perfect \n",
      "for everyday use, it provides excellent \n",
      "value for money.\n",
      "Power Source\n",
      "It is environmentally friendly and energy-\n",
      "efficient. Designed with the latest \n",
      "technology, it ensures top-notch quality. \n",
      "Perfect for everyday use, it provides \n",
      "excellent value for money.\n"
    ]
  },
  {
    "page": 18,
    "content": [
      "Product 18\n",
      "Stylish Instrument\n",
      "Perfect for everyday use, it provides excellent value for money. Designed with the latest \n",
      "technology, it ensures top-notch quality. This item has received rave reviews from \n",
      "customers worldwide.\n",
      "Feature\n",
      "Description\n",
      "Availability\n",
      "It is environmentally friendly and energy-\n",
      "efficient. Its ergonomic design makes it \n",
      "easy to use and handle. Designed with the \n",
      "latest technology, it ensures top-notch \n",
      "quality.\n",
      "Dimensions\n",
      "Available in various sizes and colors to suit \n",
      "your needs. Its ergonomic design makes it \n",
      "easy to use and handle. Designed with the \n",
      "latest technology, it ensures top-notch \n",
      "quality.\n",
      "Availability\n",
      "Its ergonomic design makes it easy to use \n",
      "and handle. This product offers unmatched \n",
      "performance and reliability. Crafted with \n",
      "premium materials, it is built to last.\n",
      "Color Options\n",
      "It is environmentally friendly and energy-\n",
      "efficient. Designed with the latest \n",
      "technology, it ensures top-notch quality. \n",
      "Crafted with premium materials, it is built \n",
      "to last.\n"
    ]
  },
  {
    "page": 19,
    "content": [
      "Product 19\n",
      "Durable Appliance\n",
      "Crafted with premium materials, it is built to last. Perfect for everyday use, it provides \n",
      "excellent value for money. It is environmentally friendly and energy-efficient.\n",
      "Feature\n",
      "Description\n",
      "Weight\n",
      "Crafted with premium materials, it is built \n",
      "to last. Available in various sizes and colors \n",
      "to suit your needs. Designed with the latest \n",
      "technology, it ensures top-notch quality.\n",
      "Color Options\n",
      "Available in various sizes and colors to suit \n",
      "your needs. It is environmentally friendly \n",
      "and energy-efficient. Its ergonomic design \n",
      "makes it easy to use and handle.\n",
      "Power Source\n",
      "This product offers unmatched \n",
      "performance and reliability. This item has \n",
      "received rave reviews from customers \n",
      "worldwide. Perfect for everyday use, it \n",
      "provides excellent value for money.\n",
      "Dimensions\n",
      "Designed with the latest technology, it \n",
      "ensures top-notch quality. This item has \n",
      "received rave reviews from customers \n",
      "worldwide. Crafted with premium \n",
      "materials, it is built to last.\n"
    ]
  },
  {
    "page": 20,
    "content": [
      "Product 20\n",
      "Durable Accessory\n",
      "Available in various sizes and colors to suit your needs. This item has received rave reviews \n",
      "from customers worldwide. Its ergonomic design makes it easy to use and handle.\n",
      "Feature\n",
      "Description\n",
      "Availability\n",
      "This item has received rave reviews from \n",
      "customers worldwide. This product offers \n",
      "unmatched performance and reliability. Its \n",
      "ergonomic design makes it easy to use and \n",
      "handle.\n",
      "Price\n",
      "This item has received rave reviews from \n",
      "customers worldwide. Crafted with \n",
      "premium materials, it is built to last. \n",
      "Designed with the latest technology, it \n",
      "ensures top-notch quality.\n",
      "User Ratings\n",
      "Designed with the latest technology, it \n",
      "ensures top-notch quality. This item has \n",
      "received rave reviews from customers \n",
      "worldwide. Available in various sizes and \n",
      "colors to suit your needs.\n",
      "Weight\n",
      "Available in various sizes and colors to suit \n",
      "your needs. Designed with the latest \n",
      "technology, it ensures top-notch quality. \n",
      "Crafted with premium materials, it is built \n",
      "to last.\n"
    ]
  },
  {
    "page": 21,
    "content": [
      "Product 21\n",
      "Durable Gadget\n",
      "This product offers unmatched performance and reliability. It is environmentally friendly \n",
      "and energy-efficient. Designed with the latest technology, it ensures top-notch quality.\n",
      "Feature\n",
      "Description\n",
      "Material\n",
      "Perfect for everyday use, it provides \n",
      "excellent value for money. Its ergonomic \n",
      "design makes it easy to use and handle. \n",
      "Available in various sizes and colors to suit \n",
      "your needs.\n",
      "Weight\n",
      "This product offers unmatched \n",
      "performance and reliability. This item has \n",
      "received rave reviews from customers \n",
      "worldwide. Designed with the latest \n",
      "technology, it ensures top-notch quality.\n",
      "Compatibility\n",
      "Perfect for everyday use, it provides \n",
      "excellent value for money. This product \n",
      "offers unmatched performance and \n",
      "reliability. Its ergonomic design makes it \n",
      "easy to use and handle.\n",
      "Dimensions\n",
      "Perfect for everyday use, it provides \n",
      "excellent value for money. Crafted with \n",
      "premium materials, it is built to last. This \n",
      "product offers unmatched performance and \n",
      "reliability.\n"
    ]
  },
  {
    "page": 22,
    "content": [
      "Product 22\n",
      "Incredible Instrument\n",
      "Available in various sizes and colors to suit your needs. This item has received rave reviews \n",
      "from customers worldwide. Its ergonomic design makes it easy to use and handle.\n",
      "Feature\n",
      "Description\n",
      "Weight\n",
      "Its ergonomic design makes it easy to use \n",
      "and handle. It is environmentally friendly \n",
      "and energy-efficient. Designed with the \n",
      "latest technology, it ensures top-notch \n",
      "quality.\n",
      "Dimensions\n",
      "Perfect for everyday use, it provides \n",
      "excellent value for money. Available in \n",
      "various sizes and colors to suit your needs. \n",
      "This item has received rave reviews from \n",
      "customers worldwide.\n",
      "User Ratings\n",
      "Designed with the latest technology, it \n",
      "ensures top-notch quality. It is \n",
      "environmentally friendly and energy-\n",
      "efficient. Crafted with premium materials, \n",
      "it is built to last.\n",
      "User Ratings\n",
      "This item has received rave reviews from \n",
      "customers worldwide. This product offers \n",
      "unmatched performance and reliability. \n",
      "Designed with the latest technology, it \n",
      "ensures top-notch quality.\n"
    ]
  },
  {
    "page": 23,
    "content": [
      "Product 23\n",
      "Stylish Device\n",
      "Its ergonomic design makes it easy to use and handle. This item has received rave reviews \n",
      "from customers worldwide. It is environmentally friendly and energy-efficient.\n",
      "Feature\n",
      "Description\n",
      "Weight\n",
      "Crafted with premium materials, it is built \n",
      "to last. Perfect for everyday use, it provides \n",
      "excellent value for money. Its ergonomic \n",
      "design makes it easy to use and handle.\n",
      "Material\n",
      "Available in various sizes and colors to suit \n",
      "your needs. This item has received rave \n",
      "reviews from customers worldwide. \n",
      "Designed with the latest technology, it \n",
      "ensures top-notch quality.\n",
      "Weight\n",
      "This item has received rave reviews from \n",
      "customers worldwide. Designed with the \n",
      "latest technology, it ensures top-notch \n",
      "quality. Crafted with premium materials, it \n",
      "is built to last.\n",
      "Warranty\n",
      "It is environmentally friendly and energy-\n",
      "efficient. This product offers unmatched \n",
      "performance and reliability. Available in \n",
      "various sizes and colors to suit your needs.\n"
    ]
  },
  {
    "page": 24,
    "content": [
      "Product 24\n",
      "Durable Gadget\n",
      "Available in various sizes and colors to suit your needs. Perfect for everyday use, it provides \n",
      "excellent value for money. This product offers unmatched performance and reliability.\n",
      "Feature\n",
      "Description\n",
      "User Ratings\n",
      "Available in various sizes and colors to suit \n",
      "your needs. Perfect for everyday use, it \n",
      "provides excellent value for money. This \n",
      "item has received rave reviews from \n",
      "customers worldwide.\n",
      "User Ratings\n",
      "Designed with the latest technology, it \n",
      "ensures top-notch quality. Available in \n",
      "various sizes and colors to suit your needs. \n",
      "Its ergonomic design makes it easy to use \n",
      "and handle.\n",
      "Compatibility\n",
      "It is environmentally friendly and energy-\n",
      "efficient. This item has received rave \n",
      "reviews from customers worldwide. \n",
      "Available in various sizes and colors to suit \n",
      "your needs.\n",
      "Dimensions\n",
      "Available in various sizes and colors to suit \n",
      "your needs. Perfect for everyday use, it \n",
      "provides excellent value for money. Its \n",
      "ergonomic design makes it easy to use and \n",
      "handle.\n"
    ]
  },
  {
    "page": 25,
    "content": [
      "Product 25\n",
      "Compact Device\n",
      "Available in various sizes and colors to suit your needs. This product offers unmatched \n",
      "performance and reliability. Perfect for everyday use, it provides excellent value for money.\n",
      "Feature\n",
      "Description\n",
      "Price\n",
      "Crafted with premium materials, it is built \n",
      "to last. Designed with the latest technology, \n",
      "it ensures top-notch quality. This product \n",
      "offers unmatched performance and \n",
      "reliability.\n",
      "Material\n",
      "Perfect for everyday use, it provides \n",
      "excellent value for money. Crafted with \n",
      "premium materials, it is built to last. This \n",
      "product offers unmatched performance and \n",
      "reliability.\n",
      "Availability\n",
      "Available in various sizes and colors to suit \n",
      "your needs. Designed with the latest \n",
      "technology, it ensures top-notch quality. \n",
      "Crafted with premium materials, it is built \n",
      "to last.\n",
      "Warranty\n",
      "Its ergonomic design makes it easy to use \n",
      "and handle. Perfect for everyday use, it \n",
      "provides excellent value for money. This \n",
      "item has received rave reviews from \n",
      "customers worldwide.\n"
    ]
  },
  {
    "page": 26,
    "content": [
      "Product 26\n",
      "Innovative Equipment\n",
      "This product offers unmatched performance and reliability. It is environmentally friendly \n",
      "and energy-efficient. This item has received rave reviews from customers worldwide.\n",
      "Feature\n",
      "Description\n",
      "Power Source\n",
      "This item has received rave reviews from \n",
      "customers worldwide. This product offers \n",
      "unmatched performance and reliability. \n",
      "Crafted with premium materials, it is built \n",
      "to last.\n",
      "Color Options\n",
      "Designed with the latest technology, it \n",
      "ensures top-notch quality. Its ergonomic \n",
      "design makes it easy to use and handle. \n",
      "Perfect for everyday use, it provides \n",
      "excellent value for money.\n",
      "Availability\n",
      "Crafted with premium materials, it is built \n",
      "to last. Available in various sizes and colors \n",
      "to suit your needs. Designed with the latest \n",
      "technology, it ensures top-notch quality.\n",
      "Price\n",
      "It is environmentally friendly and energy-\n",
      "efficient. Its ergonomic design makes it \n",
      "easy to use and handle. Perfect for \n",
      "everyday use, it provides excellent value \n",
      "for money.\n"
    ]
  },
  {
    "page": 27,
    "content": [
      "Product 27\n",
      "Incredible Accessory\n",
      "Available in various sizes and colors to suit your needs. This item has received rave reviews \n",
      "from customers worldwide. Perfect for everyday use, it provides excellent value for money.\n",
      "Feature\n",
      "Description\n",
      "Price\n",
      "It is environmentally friendly and energy-\n",
      "efficient. This item has received rave \n",
      "reviews from customers worldwide. This \n",
      "product offers unmatched performance and \n",
      "reliability.\n",
      "Warranty\n",
      "Perfect for everyday use, it provides \n",
      "excellent value for money. It is \n",
      "environmentally friendly and energy-\n",
      "efficient. Crafted with premium materials, \n",
      "it is built to last.\n",
      "Warranty\n",
      "This product offers unmatched \n",
      "performance and reliability. Perfect for \n",
      "everyday use, it provides excellent value \n",
      "for money. Designed with the latest \n",
      "technology, it ensures top-notch quality.\n",
      "Price\n",
      "Available in various sizes and colors to suit \n",
      "your needs. It is environmentally friendly \n",
      "and energy-efficient. Crafted with premium \n",
      "materials, it is built to last.\n"
    ]
  },
  {
    "page": 28,
    "content": [
      "Product 28\n",
      "Stylish Instrument\n",
      "Designed with the latest technology, it ensures top-notch quality. This item has received \n",
      "rave reviews from customers worldwide. Available in various sizes and colors to suit your \n",
      "needs.\n",
      "Feature\n",
      "Description\n",
      "Material\n",
      "Perfect for everyday use, it provides \n",
      "excellent value for money. Crafted with \n",
      "premium materials, it is built to last. \n",
      "Designed with the latest technology, it \n",
      "ensures top-notch quality.\n",
      "Power Source\n",
      "Designed with the latest technology, it \n",
      "ensures top-notch quality. Available in \n",
      "various sizes and colors to suit your needs. \n",
      "Its ergonomic design makes it easy to use \n",
      "and handle.\n",
      "Warranty\n",
      "This product offers unmatched \n",
      "performance and reliability. Crafted with \n",
      "premium materials, it is built to last. It is \n",
      "environmentally friendly and energy-\n",
      "efficient.\n",
      "Price\n",
      "This product offers unmatched \n",
      "performance and reliability. Crafted with \n",
      "premium materials, it is built to last. \n",
      "Available in various sizes and colors to suit \n",
      "your needs.\n"
    ]
  },
  {
    "page": 29,
    "content": [
      "Product 29\n",
      "Innovative Gadget\n",
      "Its ergonomic design makes it easy to use and handle. Available in various sizes and colors \n",
      "to suit your needs. This product offers unmatched performance and reliability.\n",
      "Feature\n",
      "Description\n",
      "Dimensions\n",
      "Perfect for everyday use, it provides \n",
      "excellent value for money. It is \n",
      "environmentally friendly and energy-\n",
      "efficient. This item has received rave \n",
      "reviews from customers worldwide.\n",
      "Color Options\n",
      "Crafted with premium materials, it is built \n",
      "to last. This item has received rave reviews \n",
      "from customers worldwide. Designed with \n",
      "the latest technology, it ensures top-notch \n",
      "quality.\n",
      "Dimensions\n",
      "This item has received rave reviews from \n",
      "customers worldwide. Crafted with \n",
      "premium materials, it is built to last. This \n",
      "product offers unmatched performance and \n",
      "reliability.\n",
      "Availability\n",
      "Designed with the latest technology, it \n",
      "ensures top-notch quality. Its ergonomic \n",
      "design makes it easy to use and handle. \n",
      "This product offers unmatched \n",
      "performance and reliability.\n"
    ]
  },
  {
    "page": 30,
    "content": [
      "Product 30\n",
      "Amazing Appliance\n",
      "Perfect for everyday use, it provides excellent value for money. Available in various sizes \n",
      "and colors to suit your needs. Crafted with premium materials, it is built to last.\n",
      "Feature\n",
      "Description\n",
      "Material\n",
      "This product offers unmatched \n",
      "performance and reliability. Perfect for \n",
      "everyday use, it provides excellent value \n",
      "for money. It is environmentally friendly \n",
      "and energy-efficient.\n",
      "Compatibility\n",
      "Available in various sizes and colors to suit \n",
      "your needs. It is environmentally friendly \n",
      "and energy-efficient. Its ergonomic design \n",
      "makes it easy to use and handle.\n",
      "Weight\n",
      "Designed with the latest technology, it \n",
      "ensures top-notch quality. Its ergonomic \n",
      "design makes it easy to use and handle. \n",
      "This product offers unmatched \n",
      "performance and reliability.\n",
      "Weight\n",
      "This product offers unmatched \n",
      "performance and reliability. Crafted with \n",
      "premium materials, it is built to last. \n",
      "Available in various sizes and colors to suit \n",
      "your needs.\n"
    ]
  },
  {
    "page": 31,
    "content": [
      "Product 31\n",
      "Innovative Device\n",
      "Available in various sizes and colors to suit your needs. Perfect for everyday use, it provides \n",
      "excellent value for money. Designed with the latest technology, it ensures top-notch quality.\n",
      "Feature\n",
      "Description\n",
      "Dimensions\n",
      "Perfect for everyday use, it provides \n",
      "excellent value for money. Available in \n",
      "various sizes and colors to suit your needs. \n",
      "This item has received rave reviews from \n",
      "customers worldwide.\n",
      "Material\n",
      "Its ergonomic design makes it easy to use \n",
      "and handle. This item has received rave \n",
      "reviews from customers worldwide. \n",
      "Available in various sizes and colors to suit \n",
      "your needs.\n",
      "Dimensions\n",
      "This product offers unmatched \n",
      "performance and reliability. This item has \n",
      "received rave reviews from customers \n",
      "worldwide. Designed with the latest \n",
      "technology, it ensures top-notch quality.\n",
      "Dimensions\n",
      "Designed with the latest technology, it \n",
      "ensures top-notch quality. Crafted with \n",
      "premium materials, it is built to last. Its \n",
      "ergonomic design makes it easy to use and \n",
      "handle.\n"
    ]
  },
  {
    "page": 32,
    "content": [
      "Product 32\n",
      "Amazing Accessory\n",
      "Crafted with premium materials, it is built to last. It is environmentally friendly and energy-\n",
      "efficient. Its ergonomic design makes it easy to use and handle.\n",
      "Feature\n",
      "Description\n",
      "Dimensions\n",
      "Designed with the latest technology, it \n",
      "ensures top-notch quality. Perfect for \n",
      "everyday use, it provides excellent value \n",
      "for money. This item has received rave \n",
      "reviews from customers worldwide.\n",
      "User Ratings\n",
      "It is environmentally friendly and energy-\n",
      "efficient. Its ergonomic design makes it \n",
      "easy to use and handle. Designed with the \n",
      "latest technology, it ensures top-notch \n",
      "quality.\n",
      "Price\n",
      "Perfect for everyday use, it provides \n",
      "excellent value for money. It is \n",
      "environmentally friendly and energy-\n",
      "efficient. Its ergonomic design makes it \n",
      "easy to use and handle.\n",
      "Dimensions\n",
      "Perfect for everyday use, it provides \n",
      "excellent value for money. Crafted with \n",
      "premium materials, it is built to last. Its \n",
      "ergonomic design makes it easy to use and \n",
      "handle.\n"
    ]
  },
  {
    "page": 33,
    "content": [
      "Product 33\n",
      "Stylish Accessory\n",
      "Perfect for everyday use, it provides excellent value for money. Crafted with premium \n",
      "materials, it is built to last. Its ergonomic design makes it easy to use and handle.\n",
      "Feature\n",
      "Description\n",
      "Warranty\n",
      "Designed with the latest technology, it \n",
      "ensures top-notch quality. Crafted with \n",
      "premium materials, it is built to last. \n",
      "Available in various sizes and colors to suit \n",
      "your needs.\n",
      "Compatibility\n",
      "Designed with the latest technology, it \n",
      "ensures top-notch quality. This item has \n",
      "received rave reviews from customers \n",
      "worldwide. Its ergonomic design makes it \n",
      "easy to use and handle.\n",
      "Compatibility\n",
      "Its ergonomic design makes it easy to use \n",
      "and handle. Perfect for everyday use, it \n",
      "provides excellent value for money. \n",
      "Available in various sizes and colors to suit \n",
      "your needs.\n",
      "Availability\n",
      "Perfect for everyday use, it provides \n",
      "excellent value for money. Designed with \n",
      "the latest technology, it ensures top-notch \n",
      "quality. It is environmentally friendly and \n",
      "energy-efficient.\n"
    ]
  },
  {
    "page": 34,
    "content": [
      "Product 34\n",
      "Amazing Appliance\n",
      "Designed with the latest technology, it ensures top-notch quality. Available in various sizes \n",
      "and colors to suit your needs. Its ergonomic design makes it easy to use and handle.\n",
      "Feature\n",
      "Description\n",
      "Compatibility\n",
      "It is environmentally friendly and energy-\n",
      "efficient. This item has received rave \n",
      "reviews from customers worldwide. \n",
      "Crafted with premium materials, it is built \n",
      "to last.\n",
      "Color Options\n",
      "Perfect for everyday use, it provides \n",
      "excellent value for money. This item has \n",
      "received rave reviews from customers \n",
      "worldwide. Its ergonomic design makes it \n",
      "easy to use and handle.\n",
      "Weight\n",
      "Available in various sizes and colors to suit \n",
      "your needs. Perfect for everyday use, it \n",
      "provides excellent value for money. \n",
      "Designed with the latest technology, it \n",
      "ensures top-notch quality.\n",
      "Warranty\n",
      "Its ergonomic design makes it easy to use \n",
      "and handle. This item has received rave \n",
      "reviews from customers worldwide. \n",
      "Available in various sizes and colors to suit \n",
      "your needs.\n"
    ]
  },
  {
    "page": 35,
    "content": [
      "Product 35\n",
      "Innovative Gadget\n",
      "Perfect for everyday use, it provides excellent value for money. Designed with the latest \n",
      "technology, it ensures top-notch quality. This product offers unmatched performance and \n",
      "reliability.\n",
      "Feature\n",
      "Description\n",
      "Power Source\n",
      "Available in various sizes and colors to suit \n",
      "your needs. This item has received rave \n",
      "reviews from customers worldwide. \n",
      "Perfect for everyday use, it provides \n",
      "excellent value for money.\n",
      "Material\n",
      "Crafted with premium materials, it is built \n",
      "to last. This item has received rave reviews \n",
      "from customers worldwide. Designed with \n",
      "the latest technology, it ensures top-notch \n",
      "quality.\n",
      "Price\n",
      "This item has received rave reviews from \n",
      "customers worldwide. It is environmentally \n",
      "friendly and energy-efficient. Its ergonomic \n",
      "design makes it easy to use and handle.\n",
      "Price\n",
      "This item has received rave reviews from \n",
      "customers worldwide. Designed with the \n",
      "latest technology, it ensures top-notch \n",
      "quality. Its ergonomic design makes it easy \n",
      "to use and handle.\n"
    ]
  },
  {
    "page": 36,
    "content": [
      "Product 36\n",
      "Compact Equipment\n",
      "Crafted with premium materials, it is built to last. It is environmentally friendly and energy-\n",
      "efficient. Perfect for everyday use, it provides excellent value for money.\n",
      "Feature\n",
      "Description\n",
      "Availability\n",
      "It is environmentally friendly and energy-\n",
      "efficient. This product offers unmatched \n",
      "performance and reliability. Crafted with \n",
      "premium materials, it is built to last.\n",
      "Weight\n",
      "Its ergonomic design makes it easy to use \n",
      "and handle. It is environmentally friendly \n",
      "and energy-efficient. Available in various \n",
      "sizes and colors to suit your needs.\n",
      "User Ratings\n",
      "Crafted with premium materials, it is built \n",
      "to last. This product offers unmatched \n",
      "performance and reliability. Perfect for \n",
      "everyday use, it provides excellent value \n",
      "for money.\n",
      "Availability\n",
      "This item has received rave reviews from \n",
      "customers worldwide. Perfect for everyday \n",
      "use, it provides excellent value for money. \n",
      "Designed with the latest technology, it \n",
      "ensures top-notch quality.\n"
    ]
  },
  {
    "page": 37,
    "content": [
      "Product 37\n",
      "Durable Gadget\n",
      "This item has received rave reviews from customers worldwide. Designed with the latest \n",
      "technology, it ensures top-notch quality. It is environmentally friendly and energy-efficient.\n",
      "Feature\n",
      "Description\n",
      "Material\n",
      "Its ergonomic design makes it easy to use \n",
      "and handle. This item has received rave \n",
      "reviews from customers worldwide. \n",
      "Designed with the latest technology, it \n",
      "ensures top-notch quality.\n",
      "User Ratings\n",
      "Designed with the latest technology, it \n",
      "ensures top-notch quality. Crafted with \n",
      "premium materials, it is built to last. This \n",
      "product offers unmatched performance and \n",
      "reliability.\n",
      "Material\n",
      "Designed with the latest technology, it \n",
      "ensures top-notch quality. It is \n",
      "environmentally friendly and energy-\n",
      "efficient. Available in various sizes and \n",
      "colors to suit your needs.\n",
      "Availability\n",
      "This item has received rave reviews from \n",
      "customers worldwide. Available in various \n",
      "sizes and colors to suit your needs. \n",
      "Designed with the latest technology, it \n",
      "ensures top-notch quality.\n"
    ]
  },
  {
    "page": 38,
    "content": [
      "Product 38\n",
      "Incredible Instrument\n",
      "This product offers unmatched performance and reliability. It is environmentally friendly \n",
      "and energy-efficient. Its ergonomic design makes it easy to use and handle.\n",
      "Feature\n",
      "Description\n",
      "User Ratings\n",
      "Perfect for everyday use, it provides \n",
      "excellent value for money. This item has \n",
      "received rave reviews from customers \n",
      "worldwide. Crafted with premium \n",
      "materials, it is built to last.\n",
      "Compatibility\n",
      "Designed with the latest technology, it \n",
      "ensures top-notch quality. This item has \n",
      "received rave reviews from customers \n",
      "worldwide. Crafted with premium \n",
      "materials, it is built to last.\n",
      "Material\n",
      "This item has received rave reviews from \n",
      "customers worldwide. Perfect for everyday \n",
      "use, it provides excellent value for money. \n",
      "Designed with the latest technology, it \n",
      "ensures top-notch quality.\n",
      "User Ratings\n",
      "Available in various sizes and colors to suit \n",
      "your needs. Perfect for everyday use, it \n",
      "provides excellent value for money. Its \n",
      "ergonomic design makes it easy to use and \n",
      "handle.\n"
    ]
  },
  {
    "page": 39,
    "content": [
      "Product 39\n",
      "Stylish Instrument\n",
      "This product offers unmatched performance and reliability. This item has received rave \n",
      "reviews from customers worldwide. Perfect for everyday use, it provides excellent value for \n",
      "money.\n",
      "Feature\n",
      "Description\n",
      "Material\n",
      "Its ergonomic design makes it easy to use \n",
      "and handle. This item has received rave \n",
      "reviews from customers worldwide. \n",
      "Designed with the latest technology, it \n",
      "ensures top-notch quality.\n",
      "Dimensions\n",
      "This product offers unmatched \n",
      "performance and reliability. Available in \n",
      "various sizes and colors to suit your needs. \n",
      "Designed with the latest technology, it \n",
      "ensures top-notch quality.\n",
      "Availability\n",
      "It is environmentally friendly and energy-\n",
      "efficient. This product offers unmatched \n",
      "performance and reliability. Designed with \n",
      "the latest technology, it ensures top-notch \n",
      "quality.\n",
      "User Ratings\n",
      "It is environmentally friendly and energy-\n",
      "efficient. Available in various sizes and \n",
      "colors to suit your needs. Crafted with \n",
      "premium materials, it is built to last.\n"
    ]
  },
  {
    "page": 40,
    "content": [
      "Product 40\n",
      "Stylish Equipment\n",
      "This product offers unmatched performance and reliability. Designed with the latest \n",
      "technology, it ensures top-notch quality. It is environmentally friendly and energy-efficient.\n",
      "Feature\n",
      "Description\n",
      "Material\n",
      "Designed with the latest technology, it \n",
      "ensures top-notch quality. This product \n",
      "offers unmatched performance and \n",
      "reliability. Its ergonomic design makes it \n",
      "easy to use and handle.\n",
      "Weight\n",
      "Its ergonomic design makes it easy to use \n",
      "and handle. This item has received rave \n",
      "reviews from customers worldwide. \n",
      "Available in various sizes and colors to suit \n",
      "your needs.\n",
      "Color Options\n",
      "This item has received rave reviews from \n",
      "customers worldwide. Crafted with \n",
      "premium materials, it is built to last. \n",
      "Designed with the latest technology, it \n",
      "ensures top-notch quality.\n",
      "Warranty\n",
      "This product offers unmatched \n",
      "performance and reliability. Its ergonomic \n",
      "design makes it easy to use and handle. \n",
      "This item has received rave reviews from \n",
      "customers worldwide.\n"
    ]
  },
  {
    "page": 41,
    "content": [
      "Product 41\n",
      "Fantastic Appliance\n",
      "This product offers unmatched performance and reliability. Its ergonomic design makes it \n",
      "easy to use and handle. It is environmentally friendly and energy-efficient.\n",
      "Feature\n",
      "Description\n",
      "Color Options\n",
      "Its ergonomic design makes it easy to use \n",
      "and handle. Perfect for everyday use, it \n",
      "provides excellent value for money. \n",
      "Designed with the latest technology, it \n",
      "ensures top-notch quality.\n",
      "Material\n",
      "It is environmentally friendly and energy-\n",
      "efficient. This product offers unmatched \n",
      "performance and reliability. Its ergonomic \n",
      "design makes it easy to use and handle.\n",
      "Material\n",
      "Available in various sizes and colors to suit \n",
      "your needs. Crafted with premium \n",
      "materials, it is built to last. It is \n",
      "environmentally friendly and energy-\n",
      "efficient.\n",
      "Material\n",
      "Its ergonomic design makes it easy to use \n",
      "and handle. Designed with the latest \n",
      "technology, it ensures top-notch quality. \n",
      "This item has received rave reviews from \n",
      "customers worldwide.\n"
    ]
  },
  {
    "page": 42,
    "content": [
      "Product 42\n",
      "Fantastic Gadget\n",
      "This item has received rave reviews from customers worldwide. Designed with the latest \n",
      "technology, it ensures top-notch quality. Its ergonomic design makes it easy to use and \n",
      "handle.\n",
      "Feature\n",
      "Description\n",
      "Price\n",
      "Crafted with premium materials, it is built \n",
      "to last. Available in various sizes and colors \n",
      "to suit your needs. It is environmentally \n",
      "friendly and energy-efficient.\n",
      "Weight\n",
      "Its ergonomic design makes it easy to use \n",
      "and handle. This item has received rave \n",
      "reviews from customers worldwide. It is \n",
      "environmentally friendly and energy-\n",
      "efficient.\n",
      "Weight\n",
      "Designed with the latest technology, it \n",
      "ensures top-notch quality. This product \n",
      "offers unmatched performance and \n",
      "reliability. It is environmentally friendly \n",
      "and energy-efficient.\n",
      "Dimensions\n",
      "This product offers unmatched \n",
      "performance and reliability. Available in \n",
      "various sizes and colors to suit your needs. \n",
      "Designed with the latest technology, it \n",
      "ensures top-notch quality.\n"
    ]
  },
  {
    "page": 43,
    "content": [
      "Product 43\n",
      "Fantastic Device\n",
      "Crafted with premium materials, it is built to last. Available in various sizes and colors to \n",
      "suit your needs. It is environmentally friendly and energy-efficient.\n",
      "Feature\n",
      "Description\n",
      "Compatibility\n",
      "Perfect for everyday use, it provides \n",
      "excellent value for money. Its ergonomic \n",
      "design makes it easy to use and handle. \n",
      "Available in various sizes and colors to suit \n",
      "your needs.\n",
      "Price\n",
      "Designed with the latest technology, it \n",
      "ensures top-notch quality. This product \n",
      "offers unmatched performance and \n",
      "reliability. Available in various sizes and \n",
      "colors to suit your needs.\n",
      "Power Source\n",
      "Its ergonomic design makes it easy to use \n",
      "and handle. Perfect for everyday use, it \n",
      "provides excellent value for money. This \n",
      "product offers unmatched performance and \n",
      "reliability.\n",
      "Weight\n",
      "Perfect for everyday use, it provides \n",
      "excellent value for money. This product \n",
      "offers unmatched performance and \n",
      "reliability. Designed with the latest \n",
      "technology, it ensures top-notch quality.\n"
    ]
  },
  {
    "page": 44,
    "content": [
      "Product 44\n",
      "Amazing Appliance\n",
      "Crafted with premium materials, it is built to last. This item has received rave reviews from \n",
      "customers worldwide. It is environmentally friendly and energy-efficient.\n",
      "Feature\n",
      "Description\n",
      "User Ratings\n",
      "Crafted with premium materials, it is built \n",
      "to last. Available in various sizes and colors \n",
      "to suit your needs. Its ergonomic design \n",
      "makes it easy to use and handle.\n",
      "Price\n",
      "Crafted with premium materials, it is built \n",
      "to last. This product offers unmatched \n",
      "performance and reliability. Perfect for \n",
      "everyday use, it provides excellent value \n",
      "for money.\n",
      "Weight\n",
      "This item has received rave reviews from \n",
      "customers worldwide. Crafted with \n",
      "premium materials, it is built to last. It is \n",
      "environmentally friendly and energy-\n",
      "efficient.\n",
      "Warranty\n",
      "Perfect for everyday use, it provides \n",
      "excellent value for money. Crafted with \n",
      "premium materials, it is built to last. This \n",
      "product offers unmatched performance and \n",
      "reliability.\n"
    ]
  },
  {
    "page": 45,
    "content": [
      "Product 45\n",
      "Innovative Instrument\n",
      "It is environmentally friendly and energy-efficient. Designed with the latest technology, it \n",
      "ensures top-notch quality. Crafted with premium materials, it is built to last.\n",
      "Feature\n",
      "Description\n",
      "Weight\n",
      "Available in various sizes and colors to suit \n",
      "your needs. Designed with the latest \n",
      "technology, it ensures top-notch quality. It \n",
      "is environmentally friendly and energy-\n",
      "efficient.\n",
      "Dimensions\n",
      "Its ergonomic design makes it easy to use \n",
      "and handle. Crafted with premium \n",
      "materials, it is built to last. Designed with \n",
      "the latest technology, it ensures top-notch \n",
      "quality.\n",
      "Availability\n",
      "Its ergonomic design makes it easy to use \n",
      "and handle. Available in various sizes and \n",
      "colors to suit your needs. Designed with the \n",
      "latest technology, it ensures top-notch \n",
      "quality.\n",
      "Dimensions\n",
      "It is environmentally friendly and energy-\n",
      "efficient. Designed with the latest \n",
      "technology, it ensures top-notch quality. \n",
      "Available in various sizes and colors to suit \n",
      "your needs.\n"
    ]
  },
  {
    "page": 46,
    "content": [
      "Product 46\n",
      "Innovative Item\n",
      "Available in various sizes and colors to suit your needs. Crafted with premium materials, it \n",
      "is built to last. This item has received rave reviews from customers worldwide.\n",
      "Feature\n",
      "Description\n",
      "Color Options\n",
      "This product offers unmatched \n",
      "performance and reliability. It is \n",
      "environmentally friendly and energy-\n",
      "efficient. Perfect for everyday use, it \n",
      "provides excellent value for money.\n",
      "Material\n",
      "It is environmentally friendly and energy-\n",
      "efficient. Crafted with premium materials, \n",
      "it is built to last. Its ergonomic design \n",
      "makes it easy to use and handle.\n",
      "Power Source\n",
      "Its ergonomic design makes it easy to use \n",
      "and handle. Available in various sizes and \n",
      "colors to suit your needs. Crafted with \n",
      "premium materials, it is built to last.\n",
      "Availability\n",
      "This item has received rave reviews from \n",
      "customers worldwide. It is environmentally \n",
      "friendly and energy-efficient. Its ergonomic \n",
      "design makes it easy to use and handle.\n"
    ]
  },
  {
    "page": 47,
    "content": [
      "Product 47\n",
      "Amazing Equipment\n",
      "This item has received rave reviews from customers worldwide. Crafted with premium \n",
      "materials, it is built to last. It is environmentally friendly and energy-efficient.\n",
      "Feature\n",
      "Description\n",
      "User Ratings\n",
      "Crafted with premium materials, it is built \n",
      "to last. Perfect for everyday use, it provides \n",
      "excellent value for money. Designed with \n",
      "the latest technology, it ensures top-notch \n",
      "quality.\n",
      "Price\n",
      "It is environmentally friendly and energy-\n",
      "efficient. Its ergonomic design makes it \n",
      "easy to use and handle. This item has \n",
      "received rave reviews from customers \n",
      "worldwide.\n",
      "Compatibility\n",
      "It is environmentally friendly and energy-\n",
      "efficient. This item has received rave \n",
      "reviews from customers worldwide. Its \n",
      "ergonomic design makes it easy to use and \n",
      "handle.\n",
      "Warranty\n",
      "Crafted with premium materials, it is built \n",
      "to last. This product offers unmatched \n",
      "performance and reliability. Designed with \n",
      "the latest technology, it ensures top-notch \n",
      "quality.\n"
    ]
  },
  {
    "page": 48,
    "content": [
      "Product 48\n",
      "Fantastic Item\n",
      "Perfect for everyday use, it provides excellent value for money. Crafted with premium \n",
      "materials, it is built to last. Designed with the latest technology, it ensures top-notch quality.\n",
      "Feature\n",
      "Description\n",
      "Power Source\n",
      "This product offers unmatched \n",
      "performance and reliability. Designed with \n",
      "the latest technology, it ensures top-notch \n",
      "quality. It is environmentally friendly and \n",
      "energy-efficient.\n",
      "Price\n",
      "Its ergonomic design makes it easy to use \n",
      "and handle. Designed with the latest \n",
      "technology, it ensures top-notch quality. \n",
      "Crafted with premium materials, it is built \n",
      "to last.\n",
      "Compatibility\n",
      "This item has received rave reviews from \n",
      "customers worldwide. It is environmentally \n",
      "friendly and energy-efficient. Perfect for \n",
      "everyday use, it provides excellent value \n",
      "for money.\n",
      "Dimensions\n",
      "Designed with the latest technology, it \n",
      "ensures top-notch quality. Crafted with \n",
      "premium materials, it is built to last. \n",
      "Available in various sizes and colors to suit \n",
      "your needs.\n"
    ]
  },
  {
    "page": 49,
    "content": [
      "Product 49\n",
      "Incredible Appliance\n",
      "Its ergonomic design makes it easy to use and handle. Available in various sizes and colors \n",
      "to suit your needs. Perfect for everyday use, it provides excellent value for money.\n",
      "Feature\n",
      "Description\n",
      "Material\n",
      "Designed with the latest technology, it \n",
      "ensures top-notch quality. It is \n",
      "environmentally friendly and energy-\n",
      "efficient. This item has received rave \n",
      "reviews from customers worldwide.\n",
      "User Ratings\n",
      "Designed with the latest technology, it \n",
      "ensures top-notch quality. It is \n",
      "environmentally friendly and energy-\n",
      "efficient. This product offers unmatched \n",
      "performance and reliability.\n",
      "Warranty\n",
      "This item has received rave reviews from \n",
      "customers worldwide. Its ergonomic design \n",
      "makes it easy to use and handle. It is \n",
      "environmentally friendly and energy-\n",
      "efficient.\n",
      "Availability\n",
      "It is environmentally friendly and energy-\n",
      "efficient. Available in various sizes and \n",
      "colors to suit your needs. This item has \n",
      "received rave reviews from customers \n",
      "worldwide.\n"
    ]
  },
  {
    "page": 50,
    "content": [
      "Product 50\n",
      "Fantastic Tool\n",
      "Its ergonomic design makes it easy to use and handle. It is environmentally friendly and \n",
      "energy-efficient. Crafted with premium materials, it is built to last.\n",
      "Feature\n",
      "Description\n",
      "User Ratings\n",
      "Designed with the latest technology, it \n",
      "ensures top-notch quality. Perfect for \n",
      "everyday use, it provides excellent value \n",
      "for money. This item has received rave \n",
      "reviews from customers worldwide.\n",
      "Power Source\n",
      "This item has received rave reviews from \n",
      "customers worldwide. This product offers \n",
      "unmatched performance and reliability. \n",
      "Perfect for everyday use, it provides \n",
      "excellent value for money.\n",
      "User Ratings\n",
      "Perfect for everyday use, it provides \n",
      "excellent value for money. Designed with \n",
      "the latest technology, it ensures top-notch \n",
      "quality. Crafted with premium materials, it \n",
      "is built to last.\n",
      "Power Source\n",
      "Designed with the latest technology, it \n",
      "ensures top-notch quality. This item has \n",
      "received rave reviews from customers \n",
      "worldwide. Available in various sizes and \n",
      "colors to suit your needs.\n"
    ]
  }
]