[
  {
    "pagenum": 1,
    "content1": [
      "Product Catalog - Document 7\n",
      "Product 1\n",
      "Amazing Device\n",
      "Its ergonomic design makes it easy to use and handle. Available in various sizes and colors \n",
      "to suit your needs. Designed with the latest technology, it ensures top-notch quality.\n"
    ],
    "table": {
      "columns": [
        "Feature",
        "Description"
      ],
      "rows": [
        {
          "Feature": "Color Options",
          "Description": "This product offers unmatched performance and reliability. This item has received rave reviews from customers worldwide. Perfect for everyday use, it provides excellent value for money."
        },
        {
          "Feature": "Compatibility",
          "Description": "Designed with the latest technology, it ensures top-notch quality. Its ergonomic design makes it easy to use and handle. Available in various sizes and colors to suit your needs."
        },
        {
          "Feature": "Availability",
          "Description": "It is environmentally friendly and energy-efficient. This product offers unmatched performance and reliability. This item has received rave reviews from customers worldwide."
        },
        {
          "Feature": "Price",
          "Description": "Its ergonomic design makes it easy to use and handle. Designed with the latest technology, it ensures top-notch quality. Available in various sizes and colors to suit your needs."
        }
      ]
    },
    "content2": []
  },
  {
    "pagebreak": "pagebreak"
  },
  {
    "pagenum": 2,
    "content1": [
      "Product 2\n",
      "Fantastic Item\n",
      "Available in various sizes and colors to suit your needs. This item has received rave reviews \n",
      "from customers worldwide. Perfect for everyday use, it provides excellent value for money.\n"
    ],
    "table": {
      "columns": [
        "Feature",
        "Description"
      ],
      "rows": [
        {
          "Feature": "Color Options",
          "Description": "This product offers unmatched performance and reliability. This item has received rave reviews from customers worldwide. Perfect for everyday use, it provides excellent value for money."
        },
        {
          "Feature": "Compatibility",
          "Description": "Designed with the latest technology, it ensures top-notch quality. Its ergonomic design makes it easy to use and handle. Available in various sizes and colors to suit your needs."
        },
        {
          "Feature": "Availability",
          "Description": "It is environmentally friendly and energy-efficient. This product offers unmatched performance and reliability. This item has received rave reviews from customers worldwide."
        },
        {
          "Feature": "Price",
          "Description": "Its ergonomic design makes it easy to use and handle. Designed with the latest technology, it ensures top-notch quality. Available in various sizes and colors to suit your needs."
        }
      ]
    },
    "content2": []
  },
  {
    "pagebreak": "pagebreak"
  },
  {
    "pagenum": 3,
    "content1": [
      "Product 3\n",
      "Stylish Equipment\n",
      "It is environmentally friendly and energy-efficient. Available in various sizes and colors to \n",
      "suit your needs. Designed with the latest technology, it ensures top-notch quality.\n"
    ],
    "table": {
      "columns": [
        "Feature",
        "Description"
      ],
      "rows": [
        {
          "Feature": "Color Options",
          "Description": "This product offers unmatched performance and reliability. This item has received rave reviews from customers worldwide. Perfect for everyday use, it provides excellent value for money."
        },
        {
          "Feature": "Compatibility",
          "Description": "Designed with the latest technology, it ensures top-notch quality. Its ergonomic design makes it easy to use and handle. Available in various sizes and colors to suit your needs."
        },
        {
          "Feature": "Availability",
          "Description": "It is environmentally friendly and energy-efficient. This product offers unmatched performance and reliability. This item has received rave reviews from customers worldwide."
        },
        {
          "Feature": "Price",
          "Description": "Its ergonomic design makes it easy to use and handle. Designed with the latest technology, it ensures top-notch quality. Available in various sizes and colors to suit your needs."
        }
      ]
    },
    "content2": []
  },
  {
    "pagebreak": "pagebreak"
  },
  {
    "pagenum": 4,
    "content1": [
      "Product 4\n",
      "Fantastic Tool\n",
      "Its ergonomic design makes it easy to use and handle. Perfect for everyday use, it provides \n",
      "excellent value for money. Available in various sizes and colors to suit your needs.\n"
    ],
    "table": {
      "columns": [
        "Feature",
        "Description"
      ],
      "rows": [
        {
          "Feature": "Color Options",
          "Description": "This product offers unmatched performance and reliability. This item has received rave reviews from customers worldwide. Perfect for everyday use, it provides excellent value for money."
        },
        {
          "Feature": "Compatibility",
          "Description": "Designed with the latest technology, it ensures top-notch quality. Its ergonomic design makes it easy to use and handle. Available in various sizes and colors to suit your needs."
        },
        {
          "Feature": "Availability",
          "Description": "It is environmentally friendly and energy-efficient. This product offers unmatched performance and reliability. This item has received rave reviews from customers worldwide."
        },
        {
          "Feature": "Price",
          "Description": "Its ergonomic design makes it easy to use and handle. Designed with the latest technology, it ensures top-notch quality. Available in various sizes and colors to suit your needs."
        }
      ]
    },
    "content2": []
  },
  {
    "pagebreak": "pagebreak"
  },
  {
    "pagenum": 5,
    "content1": [
      "Product 5\n",
      "Amazing Item\n",
      "It is environmentally friendly and energy-efficient. Its ergonomic design makes it easy to \n",
      "use and handle. Perfect for everyday use, it provides excellent value for money.\n"
    ],
    "table": {
      "columns": [
        "Feature",
        "Description"
      ],
      "rows": [
        {
          "Feature": "Color Options",
          "Description": "This product offers unmatched performance and reliability. This item has received rave reviews from customers worldwide. Perfect for everyday use, it provides excellent value for money."
        },
        {
          "Feature": "Compatibility",
          "Description": "Designed with the latest technology, it ensures top-notch quality. Its ergonomic design makes it easy to use and handle. Available in various sizes and colors to suit your needs."
        },
        {
          "Feature": "Availability",
          "Description": "It is environmentally friendly and energy-efficient. This product offers unmatched performance and reliability. This item has received rave reviews from customers worldwide."
        },
        {
          "Feature": "Price",
          "Description": "Its ergonomic design makes it easy to use and handle. Designed with the latest technology, it ensures top-notch quality. Available in various sizes and colors to suit your needs."
        }
      ]
    },
    "content2": []
  },
  {
    "pagebreak": "pagebreak"
  },
  {
    "pagenum": 6,
    "content1": [
      "Product 6\n",
      "Stylish Instrument\n",
      "Available in various sizes and colors to suit your needs. Its ergonomic design makes it easy \n",
      "to use and handle. This item has received rave reviews from customers worldwide.\n"
    ],
    "table": {
      "columns": [
        "Feature",
        "Description"
      ],
      "rows": [
        {
          "Feature": "Color Options",
          "Description": "This product offers unmatched performance and reliability. This item has received rave reviews from customers worldwide. Perfect for everyday use, it provides excellent value for money."
        },
        {
          "Feature": "Compatibility",
          "Description": "Designed with the latest technology, it ensures top-notch quality. Its ergonomic design makes it easy to use and handle. Available in various sizes and colors to suit your needs."
        },
        {
          "Feature": "Availability",
          "Description": "It is environmentally friendly and energy-efficient. This product offers unmatched performance and reliability. This item has received rave reviews from customers worldwide."
        },
        {
          "Feature": "Price",
          "Description": "Its ergonomic design makes it easy to use and handle. Designed with the latest technology, it ensures top-notch quality. Available in various sizes and colors to suit your needs."
        }
      ]
    },
    "content2": []
  },
  {
    "pagebreak": "pagebreak"
  },
  {
    "pagenum": 7,
    "content1": [
      "Product 7\n",
      "Durable Device\n",
      "This product offers unmatched performance and reliability. Designed with the latest \n",
      "technology, it ensures top-notch quality. Crafted with premium materials, it is built to last.\n"
    ],
    "table": {
      "columns": [
        "Feature",
        "Description"
      ],
      "rows": [
        {
          "Feature": "Color Options",
          "Description": "This product offers unmatched performance and reliability. This item has received rave reviews from customers worldwide. Perfect for everyday use, it provides excellent value for money."
        },
        {
          "Feature": "Compatibility",
          "Description": "Designed with the latest technology, it ensures top-notch quality. Its ergonomic design makes it easy to use and handle. Available in various sizes and colors to suit your needs."
        },
        {
          "Feature": "Availability",
          "Description": "It is environmentally friendly and energy-efficient. This product offers unmatched performance and reliability. This item has received rave reviews from customers worldwide."
        },
        {
          "Feature": "Price",
          "Description": "Its ergonomic design makes it easy to use and handle. Designed with the latest technology, it ensures top-notch quality. Available in various sizes and colors to suit your needs."
        }
      ]
    },
    "content2": []
  },
  {
    "pagebreak": "pagebreak"
  },
  {
    "pagenum": 8,
    "content1": [
      "Product 8\n",
      "Eco-friendly Instrument\n",
      "Crafted with premium materials, it is built to last. This product offers unmatched \n",
      "performance and reliability. Available in various sizes and colors to suit your needs.\n"
    ],
    "table": {
      "columns": [
        "Feature",
        "Description"
      ],
      "rows": [
        {
          "Feature": "Color Options",
          "Description": "This product offers unmatched performance and reliability. This item has received rave reviews from customers worldwide. Perfect for everyday use, it provides excellent value for money."
        },
        {
          "Feature": "Compatibility",
          "Description": "Designed with the latest technology, it ensures top-notch quality. Its ergonomic design makes it easy to use and handle. Available in various sizes and colors to suit your needs."
        },
        {
          "Feature": "Availability",
          "Description": "It is environmentally friendly and energy-efficient. This product offers unmatched performance and reliability. This item has received rave reviews from customers worldwide."
        },
        {
          "Feature": "Price",
          "Description": "Its ergonomic design makes it easy to use and handle. Designed with the latest technology, it ensures top-notch quality. Available in various sizes and colors to suit your needs."
        }
      ]
    },
    "content2": [
      "efficient.\n",
      "environmentally friendly and energy-\n",
      "from customers worldwide. It is \n",
      "to last. This item has received rave reviews \n",
      "Crafted with premium materials, it is built \n",
      "Warranty\n",
      "ensures top-notch quality.\n",
      "Designed with the latest technology, it \n",
      "various sizes and colors to suit your needs. \n",
      "excellent value for money. Available in \n",
      "Perfect for everyday use, it provides \n",
      "Dimensions\n",
      "excellent value for money.\n",
      "Perfect for everyday use, it provides \n",
      "technology, it ensures top-notch quality. \n",
      "efficient. Designed with the latest \n",
      "It is environmentally friendly and energy-\n",
      "Dimensions\n",
      "with premium materials, it is built to last.\n",
      "sizes and colors to suit your needs. Crafted \n",
      "customers worldwide. Available in various \n",
      "This item has received rave reviews from \n",
      "Dimensions\n",
      "Description\n",
      "Feature\n"
    ]
  },
  {
    "pagebreak": "pagebreak"
  },
  {
    "pagenum": 9,
    "content1": [
      "Product 9\n",
      "Eco-friendly Instrument\n",
      "It is environmentally friendly and energy-efficient. This item has received rave reviews \n",
      "from customers worldwide. Its ergonomic design makes it easy to use and handle.\n"
    ],
    "table": {
      "columns": [
        "Feature",
        "Description"
      ],
      "rows": [
        {
          "Feature": "Color Options",
          "Description": "This product offers unmatched performance and reliability. This item has received rave reviews from customers worldwide. Perfect for everyday use, it provides excellent value for money."
        },
        {
          "Feature": "Compatibility",
          "Description": "Designed with the latest technology, it ensures top-notch quality. Its ergonomic design makes it easy to use and handle. Available in various sizes and colors to suit your needs."
        },
        {
          "Feature": "Availability",
          "Description": "It is environmentally friendly and energy-efficient. This product offers unmatched performance and reliability. This item has received rave reviews from customers worldwide."
        },
        {
          "Feature": "Price",
          "Description": "Its ergonomic design makes it easy to use and handle. Designed with the latest technology, it ensures top-notch quality. Available in various sizes and colors to suit your needs."
        }
      ]
    },
    "content2": []
  },
  {
    "pagebreak": "pagebreak"
  },
  {
    "pagenum": 10,
    "content1": [
      "Product 10\n",
      "Amazing Item\n",
      "Designed with the latest technology, it ensures top-notch quality. This product offers \n",
      "unmatched performance and reliability. Crafted with premium materials, it is built to last.\n"
    ],
    "table": {
      "columns": [
        "Feature",
        "Description"
      ],
      "rows": [
        {
          "Feature": "Color Options",
          "Description": "This product offers unmatched performance and reliability. This item has received rave reviews from customers worldwide. Perfect for everyday use, it provides excellent value for money."
        },
        {
          "Feature": "Compatibility",
          "Description": "Designed with the latest technology, it ensures top-notch quality. Its ergonomic design makes it easy to use and handle. Available in various sizes and colors to suit your needs."
        },
        {
          "Feature": "Availability",
          "Description": "It is environmentally friendly and energy-efficient. This product offers unmatched performance and reliability. This item has received rave reviews from customers worldwide."
        },
        {
          "Feature": "Price",
          "Description": "Its ergonomic design makes it easy to use and handle. Designed with the latest technology, it ensures top-notch quality. Available in various sizes and colors to suit your needs."
        }
      ]
    },
    "content2": []
  },
  {
    "pagebreak": "pagebreak"
  },
  {
    "pagenum": 11,
    "content1": [
      "Product 11\n",
      "Fantastic Device\n",
      "Available in various sizes and colors to suit your needs. This product offers unmatched \n",
      "performance and reliability. This item has received rave reviews from customers \n",
      "worldwide.\n"
    ],
    "table": {
      "columns": [
        "Feature",
        "Description"
      ],
      "rows": [
        {
          "Feature": "Color Options",
          "Description": "This product offers unmatched performance and reliability. This item has received rave reviews from customers worldwide. Perfect for everyday use, it provides excellent value for money."
        },
        {
          "Feature": "Compatibility",
          "Description": "Designed with the latest technology, it ensures top-notch quality. Its ergonomic design makes it easy to use and handle. Available in various sizes and colors to suit your needs."
        },
        {
          "Feature": "Availability",
          "Description": "It is environmentally friendly and energy-efficient. This product offers unmatched performance and reliability. This item has received rave reviews from customers worldwide."
        },
        {
          "Feature": "Price",
          "Description": "Its ergonomic design makes it easy to use and handle. Designed with the latest technology, it ensures top-notch quality. Available in various sizes and colors to suit your needs."
        }
      ]
    },
    "content2": []
  },
  {
    "pagebreak": "pagebreak"
  },
  {
    "pagenum": 12,
    "content1": [
      "Product 12\n",
      "Eco-friendly Instrument\n",
      "Available in various sizes and colors to suit your needs. Designed with the latest technology, \n",
      "it ensures top-notch quality. This product offers unmatched performance and reliability.\n"
    ],
    "table": {
      "columns": [
        "Feature",
        "Description"
      ],
      "rows": [
        {
          "Feature": "Color Options",
          "Description": "This product offers unmatched performance and reliability. This item has received rave reviews from customers worldwide. Perfect for everyday use, it provides excellent value for money."
        },
        {
          "Feature": "Compatibility",
          "Description": "Designed with the latest technology, it ensures top-notch quality. Its ergonomic design makes it easy to use and handle. Available in various sizes and colors to suit your needs."
        },
        {
          "Feature": "Availability",
          "Description": "It is environmentally friendly and energy-efficient. This product offers unmatched performance and reliability. This item has received rave reviews from customers worldwide."
        },
        {
          "Feature": "Price",
          "Description": "Its ergonomic design makes it easy to use and handle. Designed with the latest technology, it ensures top-notch quality. Available in various sizes and colors to suit your needs."
        }
      ]
    },
    "content2": []
  },
  {
    "pagebreak": "pagebreak"
  },
  {
    "pagenum": 13,
    "content1": [
      "Product 13\n",
      "Innovative Item\n",
      "Its ergonomic design makes it easy to use and handle. Crafted with premium materials, it is \n",
      "built to last. Available in various sizes and colors to suit your needs.\n"
    ],
    "table": {
      "columns": [
        "Feature",
        "Description"
      ],
      "rows": [
        {
          "Feature": "Color Options",
          "Description": "This product offers unmatched performance and reliability. This item has received rave reviews from customers worldwide. Perfect for everyday use, it provides excellent value for money."
        },
        {
          "Feature": "Compatibility",
          "Description": "Designed with the latest technology, it ensures top-notch quality. Its ergonomic design makes it easy to use and handle. Available in various sizes and colors to suit your needs."
        },
        {
          "Feature": "Availability",
          "Description": "It is environmentally friendly and energy-efficient. This product offers unmatched performance and reliability. This item has received rave reviews from customers worldwide."
        },
        {
          "Feature": "Price",
          "Description": "Its ergonomic design makes it easy to use and handle. Designed with the latest technology, it ensures top-notch quality. Available in various sizes and colors to suit your needs."
        }
      ]
    },
    "content2": []
  },
  {
    "pagebreak": "pagebreak"
  },
  {
    "pagenum": 14,
    "content1": [
      "Product 14\n",
      "Durable Appliance\n",
      "This item has received rave reviews from customers worldwide. Perfect for everyday use, it \n",
      "provides excellent value for money. Crafted with premium materials, it is built to last.\n"
    ],
    "table": {
      "columns": [
        "Feature",
        "Description"
      ],
      "rows": [
        {
          "Feature": "Color Options",
          "Description": "This product offers unmatched performance and reliability. This item has received rave reviews from customers worldwide. Perfect for everyday use, it provides excellent value for money."
        },
        {
          "Feature": "Compatibility",
          "Description": "Designed with the latest technology, it ensures top-notch quality. Its ergonomic design makes it easy to use and handle. Available in various sizes and colors to suit your needs."
        },
        {
          "Feature": "Availability",
          "Description": "It is environmentally friendly and energy-efficient. This product offers unmatched performance and reliability. This item has received rave reviews from customers worldwide."
        },
        {
          "Feature": "Price",
          "Description": "Its ergonomic design makes it easy to use and handle. Designed with the latest technology, it ensures top-notch quality. Available in various sizes and colors to suit your needs."
        }
      ]
    },
    "content2": []
  },
  {
    "pagebreak": "pagebreak"
  },
  {
    "pagenum": 15,
    "content1": [
      "Product 15\n",
      "Incredible Instrument\n",
      "Perfect for everyday use, it provides excellent value for money. This product offers \n",
      "unmatched performance and reliability. Its ergonomic design makes it easy to use and \n",
      "handle.\n"
    ],
    "table": {
      "columns": [
        "Feature",
        "Description"
      ],
      "rows": [
        {
          "Feature": "Color Options",
          "Description": "This product offers unmatched performance and reliability. This item has received rave reviews from customers worldwide. Perfect for everyday use, it provides excellent value for money."
        },
        {
          "Feature": "Compatibility",
          "Description": "Designed with the latest technology, it ensures top-notch quality. Its ergonomic design makes it easy to use and handle. Available in various sizes and colors to suit your needs."
        },
        {
          "Feature": "Availability",
          "Description": "It is environmentally friendly and energy-efficient. This product offers unmatched performance and reliability. This item has received rave reviews from customers worldwide."
        },
        {
          "Feature": "Price",
          "Description": "Its ergonomic design makes it easy to use and handle. Designed with the latest technology, it ensures top-notch quality. Available in various sizes and colors to suit your needs."
        }
      ]
    },
    "content2": [
      "efficient.\n",
      "environmentally friendly and energy-\n",
      "design makes it easy to use and handle. It is \n",
      "performance and reliability. Its ergonomic \n",
      "This product offers unmatched \n",
      "Material\n",
      "excellent value for money.\n",
      "Perfect for everyday use, it provides \n",
      "reviews from customers worldwide. \n",
      "and handle. This item has received rave \n",
      "Its ergonomic design makes it easy to use \n",
      "Weight\n",
      "reviews from customers worldwide.\n",
      "efficient. This item has received rave \n",
      "environmentally friendly and energy-\n",
      "performance and reliability. It is \n",
      "This product offers unmatched \n",
      "User Ratings\n",
      "reliability.\n",
      "product offers unmatched performance and \n",
      "makes it easy to use and handle. This \n",
      "customers worldwide. Its ergonomic design \n",
      "This item has received rave reviews from \n",
      "User Ratings\n",
      "Description\n",
      "Feature\n"
    ]
  },
  {
    "pagebreak": "pagebreak"
  },
  {
    "pagenum": 16,
    "content1": [
      "Product 16\n",
      "Eco-friendly Device\n",
      "Its ergonomic design makes it easy to use and handle. Crafted with premium materials, it is \n",
      "built to last. Perfect for everyday use, it provides excellent value for money.\n"
    ],
    "table": {
      "columns": [
        "Feature",
        "Description"
      ],
      "rows": [
        {
          "Feature": "Color Options",
          "Description": "This product offers unmatched performance and reliability. This item has received rave reviews from customers worldwide. Perfect for everyday use, it provides excellent value for money."
        },
        {
          "Feature": "Compatibility",
          "Description": "Designed with the latest technology, it ensures top-notch quality. Its ergonomic design makes it easy to use and handle. Available in various sizes and colors to suit your needs."
        },
        {
          "Feature": "Availability",
          "Description": "It is environmentally friendly and energy-efficient. This product offers unmatched performance and reliability. This item has received rave reviews from customers worldwide."
        },
        {
          "Feature": "Price",
          "Description": "Its ergonomic design makes it easy to use and handle. Designed with the latest technology, it ensures top-notch quality. Available in various sizes and colors to suit your needs."
        }
      ]
    },
    "content2": []
  },
  {
    "pagebreak": "pagebreak"
  },
  {
    "pagenum": 17,
    "content1": [
      "Product 17\n",
      "Compact Equipment\n",
      "This item has received rave reviews from customers worldwide. Crafted with premium \n",
      "materials, it is built to last. This product offers unmatched performance and reliability.\n"
    ],
    "table": {
      "columns": [
        "Feature",
        "Description"
      ],
      "rows": [
        {
          "Feature": "Color Options",
          "Description": "This product offers unmatched performance and reliability. This item has received rave reviews from customers worldwide. Perfect for everyday use, it provides excellent value for money."
        },
        {
          "Feature": "Compatibility",
          "Description": "Designed with the latest technology, it ensures top-notch quality. Its ergonomic design makes it easy to use and handle. Available in various sizes and colors to suit your needs."
        },
        {
          "Feature": "Availability",
          "Description": "It is environmentally friendly and energy-efficient. This product offers unmatched performance and reliability. This item has received rave reviews from customers worldwide."
        },
        {
          "Feature": "Price",
          "Description": "Its ergonomic design makes it easy to use and handle. Designed with the latest technology, it ensures top-notch quality. Available in various sizes and colors to suit your needs."
        }
      ]
    },
    "content2": []
  },
  {
    "pagebreak": "pagebreak"
  },
  {
    "pagenum": 18,
    "content1": [
      "Product 18\n",
      "Amazing Accessory\n",
      "This product offers unmatched performance and reliability. Perfect for everyday use, it \n",
      "provides excellent value for money. Its ergonomic design makes it easy to use and handle.\n"
    ],
    "table": {
      "columns": [
        "Feature",
        "Description"
      ],
      "rows": [
        {
          "Feature": "Color Options",
          "Description": "This product offers unmatched performance and reliability. This item has received rave reviews from customers worldwide. Perfect for everyday use, it provides excellent value for money."
        },
        {
          "Feature": "Compatibility",
          "Description": "Designed with the latest technology, it ensures top-notch quality. Its ergonomic design makes it easy to use and handle. Available in various sizes and colors to suit your needs."
        },
        {
          "Feature": "Availability",
          "Description": "It is environmentally friendly and energy-efficient. This product offers unmatched performance and reliability. This item has received rave reviews from customers worldwide."
        },
        {
          "Feature": "Price",
          "Description": "Its ergonomic design makes it easy to use and handle. Designed with the latest technology, it ensures top-notch quality. Available in various sizes and colors to suit your needs."
        }
      ]
    },
    "content2": []
  },
  {
    "pagebreak": "pagebreak"
  },
  {
    "pagenum": 19,
    "content1": [
      "Product 19\n",
      "Compact Item\n",
      "Perfect for everyday use, it provides excellent value for money. Crafted with premium \n",
      "materials, it is built to last. This item has received rave reviews from customers worldwide.\n"
    ],
    "table": {
      "columns": [
        "Feature",
        "Description"
      ],
      "rows": [
        {
          "Feature": "Color Options",
          "Description": "This product offers unmatched performance and reliability. This item has received rave reviews from customers worldwide. Perfect for everyday use, it provides excellent value for money."
        },
        {
          "Feature": "Compatibility",
          "Description": "Designed with the latest technology, it ensures top-notch quality. Its ergonomic design makes it easy to use and handle. Available in various sizes and colors to suit your needs."
        },
        {
          "Feature": "Availability",
          "Description": "It is environmentally friendly and energy-efficient. This product offers unmatched performance and reliability. This item has received rave reviews from customers worldwide."
        },
        {
          "Feature": "Price",
          "Description": "Its ergonomic design makes it easy to use and handle. Designed with the latest technology, it ensures top-notch quality. Available in various sizes and colors to suit your needs."
        }
      ]
    },
    "content2": []
  },
  {
    "pagebreak": "pagebreak"
  },
  {
    "pagenum": 20,
    "content1": [
      "Product 20\n",
      "Fantastic Item\n",
      "Its ergonomic design makes it easy to use and handle. Perfect for everyday use, it provides \n",
      "excellent value for money. It is environmentally friendly and energy-efficient.\n"
    ],
    "table": {
      "columns": [
        "Feature",
        "Description"
      ],
      "rows": [
        {
          "Feature": "Color Options",
          "Description": "This product offers unmatched performance and reliability. This item has received rave reviews from customers worldwide. Perfect for everyday use, it provides excellent value for money."
        },
        {
          "Feature": "Compatibility",
          "Description": "Designed with the latest technology, it ensures top-notch quality. Its ergonomic design makes it easy to use and handle. Available in various sizes and colors to suit your needs."
        },
        {
          "Feature": "Availability",
          "Description": "It is environmentally friendly and energy-efficient. This product offers unmatched performance and reliability. This item has received rave reviews from customers worldwide."
        },
        {
          "Feature": "Price",
          "Description": "Its ergonomic design makes it easy to use and handle. Designed with the latest technology, it ensures top-notch quality. Available in various sizes and colors to suit your needs."
        }
      ]
    },
    "content2": []
  },
  {
    "pagebreak": "pagebreak"
  },
  {
    "pagenum": 21,
    "content1": [
      "Product 21\n",
      "Durable Device\n",
      "Its ergonomic design makes it easy to use and handle. Perfect for everyday use, it provides \n",
      "excellent value for money. This product offers unmatched performance and reliability.\n"
    ],
    "table": {
      "columns": [
        "Feature",
        "Description"
      ],
      "rows": [
        {
          "Feature": "Color Options",
          "Description": "This product offers unmatched performance and reliability. This item has received rave reviews from customers worldwide. Perfect for everyday use, it provides excellent value for money."
        },
        {
          "Feature": "Compatibility",
          "Description": "Designed with the latest technology, it ensures top-notch quality. Its ergonomic design makes it easy to use and handle. Available in various sizes and colors to suit your needs."
        },
        {
          "Feature": "Availability",
          "Description": "It is environmentally friendly and energy-efficient. This product offers unmatched performance and reliability. This item has received rave reviews from customers worldwide."
        },
        {
          "Feature": "Price",
          "Description": "Its ergonomic design makes it easy to use and handle. Designed with the latest technology, it ensures top-notch quality. Available in various sizes and colors to suit your needs."
        }
      ]
    },
    "content2": []
  },
  {
    "pagebreak": "pagebreak"
  },
  {
    "pagenum": 22,
    "content1": [
      "Product 22\n",
      "Compact Tool\n",
      "Available in various sizes and colors to suit your needs. It is environmentally friendly and \n",
      "energy-efficient. This item has received rave reviews from customers worldwide.\n"
    ],
    "table": {
      "columns": [
        "Feature",
        "Description"
      ],
      "rows": [
        {
          "Feature": "Color Options",
          "Description": "This product offers unmatched performance and reliability. This item has received rave reviews from customers worldwide. Perfect for everyday use, it provides excellent value for money."
        },
        {
          "Feature": "Compatibility",
          "Description": "Designed with the latest technology, it ensures top-notch quality. Its ergonomic design makes it easy to use and handle. Available in various sizes and colors to suit your needs."
        },
        {
          "Feature": "Availability",
          "Description": "It is environmentally friendly and energy-efficient. This product offers unmatched performance and reliability. This item has received rave reviews from customers worldwide."
        },
        {
          "Feature": "Price",
          "Description": "Its ergonomic design makes it easy to use and handle. Designed with the latest technology, it ensures top-notch quality. Available in various sizes and colors to suit your needs."
        }
      ]
    },
    "content2": []
  },
  {
    "pagebreak": "pagebreak"
  },
  {
    "pagenum": 23,
    "content1": [
      "Product 23\n",
      "Stylish Tool\n",
      "This product offers unmatched performance and reliability. Available in various sizes and \n",
      "colors to suit your needs. Designed with the latest technology, it ensures top-notch quality.\n"
    ],
    "table": {
      "columns": [
        "Feature",
        "Description"
      ],
      "rows": [
        {
          "Feature": "Color Options",
          "Description": "This product offers unmatched performance and reliability. This item has received rave reviews from customers worldwide. Perfect for everyday use, it provides excellent value for money."
        },
        {
          "Feature": "Compatibility",
          "Description": "Designed with the latest technology, it ensures top-notch quality. Its ergonomic design makes it easy to use and handle. Available in various sizes and colors to suit your needs."
        },
        {
          "Feature": "Availability",
          "Description": "It is environmentally friendly and energy-efficient. This product offers unmatched performance and reliability. This item has received rave reviews from customers worldwide."
        },
        {
          "Feature": "Price",
          "Description": "Its ergonomic design makes it easy to use and handle. Designed with the latest technology, it ensures top-notch quality. Available in various sizes and colors to suit your needs."
        }
      ]
    },
    "content2": []
  },
  {
    "pagebreak": "pagebreak"
  },
  {
    "pagenum": 24,
    "content1": [
      "Product 24\n",
      "Eco-friendly Accessory\n",
      "Crafted with premium materials, it is built to last. It is environmentally friendly and energy-\n",
      "efficient. Perfect for everyday use, it provides excellent value for money.\n"
    ],
    "table": {
      "columns": [
        "Feature",
        "Description"
      ],
      "rows": [
        {
          "Feature": "Color Options",
          "Description": "This product offers unmatched performance and reliability. This item has received rave reviews from customers worldwide. Perfect for everyday use, it provides excellent value for money."
        },
        {
          "Feature": "Compatibility",
          "Description": "Designed with the latest technology, it ensures top-notch quality. Its ergonomic design makes it easy to use and handle. Available in various sizes and colors to suit your needs."
        },
        {
          "Feature": "Availability",
          "Description": "It is environmentally friendly and energy-efficient. This product offers unmatched performance and reliability. This item has received rave reviews from customers worldwide."
        },
        {
          "Feature": "Price",
          "Description": "Its ergonomic design makes it easy to use and handle. Designed with the latest technology, it ensures top-notch quality. Available in various sizes and colors to suit your needs."
        }
      ]
    },
    "content2": []
  },
  {
    "pagebreak": "pagebreak"
  },
  {
    "pagenum": 25,
    "content1": [
      "Product 25\n",
      "Incredible Gadget\n",
      "Designed with the latest technology, it ensures top-notch quality. Crafted with premium \n",
      "materials, it is built to last. It is environmentally friendly and energy-efficient.\n"
    ],
    "table": {
      "columns": [
        "Feature",
        "Description"
      ],
      "rows": [
        {
          "Feature": "Color Options",
          "Description": "This product offers unmatched performance and reliability. This item has received rave reviews from customers worldwide. Perfect for everyday use, it provides excellent value for money."
        },
        {
          "Feature": "Compatibility",
          "Description": "Designed with the latest technology, it ensures top-notch quality. Its ergonomic design makes it easy to use and handle. Available in various sizes and colors to suit your needs."
        },
        {
          "Feature": "Availability",
          "Description": "It is environmentally friendly and energy-efficient. This product offers unmatched performance and reliability. This item has received rave reviews from customers worldwide."
        },
        {
          "Feature": "Price",
          "Description": "Its ergonomic design makes it easy to use and handle. Designed with the latest technology, it ensures top-notch quality. Available in various sizes and colors to suit your needs."
        }
      ]
    },
    "content2": []
  },
  {
    "pagebreak": "pagebreak"
  },
  {
    "pagenum": 26,
    "content1": [
      "Product 26\n",
      "Compact Accessory\n",
      "This item has received rave reviews from customers worldwide. It is environmentally \n",
      "friendly and energy-efficient. Crafted with premium materials, it is built to last.\n"
    ],
    "table": {
      "columns": [
        "Feature",
        "Description"
      ],
      "rows": [
        {
          "Feature": "Color Options",
          "Description": "This product offers unmatched performance and reliability. This item has received rave reviews from customers worldwide. Perfect for everyday use, it provides excellent value for money."
        },
        {
          "Feature": "Compatibility",
          "Description": "Designed with the latest technology, it ensures top-notch quality. Its ergonomic design makes it easy to use and handle. Available in various sizes and colors to suit your needs."
        },
        {
          "Feature": "Availability",
          "Description": "It is environmentally friendly and energy-efficient. This product offers unmatched performance and reliability. This item has received rave reviews from customers worldwide."
        },
        {
          "Feature": "Price",
          "Description": "Its ergonomic design makes it easy to use and handle. Designed with the latest technology, it ensures top-notch quality. Available in various sizes and colors to suit your needs."
        }
      ]
    },
    "content2": []
  },
  {
    "pagebreak": "pagebreak"
  },
  {
    "pagenum": 27,
    "content1": [
      "Product 27\n",
      "Innovative Equipment\n",
      "This item has received rave reviews from customers worldwide. Its ergonomic design \n",
      "makes it easy to use and handle. Crafted with premium materials, it is built to last.\n"
    ],
    "table": {
      "columns": [
        "Feature",
        "Description"
      ],
      "rows": [
        {
          "Feature": "Color Options",
          "Description": "This product offers unmatched performance and reliability. This item has received rave reviews from customers worldwide. Perfect for everyday use, it provides excellent value for money."
        },
        {
          "Feature": "Compatibility",
          "Description": "Designed with the latest technology, it ensures top-notch quality. Its ergonomic design makes it easy to use and handle. Available in various sizes and colors to suit your needs."
        },
        {
          "Feature": "Availability",
          "Description": "It is environmentally friendly and energy-efficient. This product offers unmatched performance and reliability. This item has received rave reviews from customers worldwide."
        },
        {
          "Feature": "Price",
          "Description": "Its ergonomic design makes it easy to use and handle. Designed with the latest technology, it ensures top-notch quality. Available in various sizes and colors to suit your needs."
        }
      ]
    },
    "content2": []
  },
  {
    "pagebreak": "pagebreak"
  },
  {
    "pagenum": 28,
    "content1": [
      "Product 28\n",
      "Innovative Equipment\n",
      "Available in various sizes and colors to suit your needs. It is environmentally friendly and \n",
      "energy-efficient. This product offers unmatched performance and reliability.\n"
    ],
    "table": {
      "columns": [
        "Feature",
        "Description"
      ],
      "rows": [
        {
          "Feature": "Color Options",
          "Description": "This product offers unmatched performance and reliability. This item has received rave reviews from customers worldwide. Perfect for everyday use, it provides excellent value for money."
        },
        {
          "Feature": "Compatibility",
          "Description": "Designed with the latest technology, it ensures top-notch quality. Its ergonomic design makes it easy to use and handle. Available in various sizes and colors to suit your needs."
        },
        {
          "Feature": "Availability",
          "Description": "It is environmentally friendly and energy-efficient. This product offers unmatched performance and reliability. This item has received rave reviews from customers worldwide."
        },
        {
          "Feature": "Price",
          "Description": "Its ergonomic design makes it easy to use and handle. Designed with the latest technology, it ensures top-notch quality. Available in various sizes and colors to suit your needs."
        }
      ]
    },
    "content2": []
  },
  {
    "pagebreak": "pagebreak"
  },
  {
    "pagenum": 29,
    "content1": [
      "Product 29\n",
      "Stylish Accessory\n",
      "Crafted with premium materials, it is built to last. This item has received rave reviews from \n",
      "customers worldwide. Its ergonomic design makes it easy to use and handle.\n"
    ],
    "table": {
      "columns": [
        "Feature",
        "Description"
      ],
      "rows": [
        {
          "Feature": "Color Options",
          "Description": "This product offers unmatched performance and reliability. This item has received rave reviews from customers worldwide. Perfect for everyday use, it provides excellent value for money."
        },
        {
          "Feature": "Compatibility",
          "Description": "Designed with the latest technology, it ensures top-notch quality. Its ergonomic design makes it easy to use and handle. Available in various sizes and colors to suit your needs."
        },
        {
          "Feature": "Availability",
          "Description": "It is environmentally friendly and energy-efficient. This product offers unmatched performance and reliability. This item has received rave reviews from customers worldwide."
        },
        {
          "Feature": "Price",
          "Description": "Its ergonomic design makes it easy to use and handle. Designed with the latest technology, it ensures top-notch quality. Available in various sizes and colors to suit your needs."
        }
      ]
    },
    "content2": []
  },
  {
    "pagebreak": "pagebreak"
  },
  {
    "pagenum": 30,
    "content1": [
      "Product 30\n",
      "Stylish Tool\n",
      "Its ergonomic design makes it easy to use and handle. Available in various sizes and colors \n",
      "to suit your needs. Crafted with premium materials, it is built to last.\n"
    ],
    "table": {
      "columns": [
        "Feature",
        "Description"
      ],
      "rows": [
        {
          "Feature": "Color Options",
          "Description": "This product offers unmatched performance and reliability. This item has received rave reviews from customers worldwide. Perfect for everyday use, it provides excellent value for money."
        },
        {
          "Feature": "Compatibility",
          "Description": "Designed with the latest technology, it ensures top-notch quality. Its ergonomic design makes it easy to use and handle. Available in various sizes and colors to suit your needs."
        },
        {
          "Feature": "Availability",
          "Description": "It is environmentally friendly and energy-efficient. This product offers unmatched performance and reliability. This item has received rave reviews from customers worldwide."
        },
        {
          "Feature": "Price",
          "Description": "Its ergonomic design makes it easy to use and handle. Designed with the latest technology, it ensures top-notch quality. Available in various sizes and colors to suit your needs."
        }
      ]
    },
    "content2": []
  },
  {
    "pagebreak": "pagebreak"
  },
  {
    "pagenum": 31,
    "content1": [
      "Product 31\n",
      "Stylish Equipment\n",
      "This product offers unmatched performance and reliability. Designed with the latest \n",
      "technology, it ensures top-notch quality. Its ergonomic design makes it easy to use and \n",
      "handle.\n"
    ],
    "table": {
      "columns": [
        "Feature",
        "Description"
      ],
      "rows": [
        {
          "Feature": "Color Options",
          "Description": "This product offers unmatched performance and reliability. This item has received rave reviews from customers worldwide. Perfect for everyday use, it provides excellent value for money."
        },
        {
          "Feature": "Compatibility",
          "Description": "Designed with the latest technology, it ensures top-notch quality. Its ergonomic design makes it easy to use and handle. Available in various sizes and colors to suit your needs."
        },
        {
          "Feature": "Availability",
          "Description": "It is environmentally friendly and energy-efficient. This product offers unmatched performance and reliability. This item has received rave reviews from customers worldwide."
        },
        {
          "Feature": "Price",
          "Description": "Its ergonomic design makes it easy to use and handle. Designed with the latest technology, it ensures top-notch quality. Available in various sizes and colors to suit your needs."
        }
      ]
    },
    "content2": []
  },
  {
    "pagebreak": "pagebreak"
  },
  {
    "pagenum": 32,
    "content1": [
      "Product 32\n",
      "Durable Equipment\n",
      "Its ergonomic design makes it easy to use and handle. Available in various sizes and colors \n",
      "to suit your needs. This item has received rave reviews from customers worldwide.\n"
    ],
    "table": {
      "columns": [
        "Feature",
        "Description"
      ],
      "rows": [
        {
          "Feature": "Color Options",
          "Description": "This product offers unmatched performance and reliability. This item has received rave reviews from customers worldwide. Perfect for everyday use, it provides excellent value for money."
        },
        {
          "Feature": "Compatibility",
          "Description": "Designed with the latest technology, it ensures top-notch quality. Its ergonomic design makes it easy to use and handle. Available in various sizes and colors to suit your needs."
        },
        {
          "Feature": "Availability",
          "Description": "It is environmentally friendly and energy-efficient. This product offers unmatched performance and reliability. This item has received rave reviews from customers worldwide."
        },
        {
          "Feature": "Price",
          "Description": "Its ergonomic design makes it easy to use and handle. Designed with the latest technology, it ensures top-notch quality. Available in various sizes and colors to suit your needs."
        }
      ]
    },
    "content2": []
  },
  {
    "pagebreak": "pagebreak"
  },
  {
    "pagenum": 33,
    "content1": [
      "Product 33\n",
      "Amazing Tool\n",
      "Perfect for everyday use, it provides excellent value for money. Designed with the latest \n",
      "technology, it ensures top-notch quality. Its ergonomic design makes it easy to use and \n",
      "handle.\n"
    ],
    "table": {
      "columns": [
        "Feature",
        "Description"
      ],
      "rows": [
        {
          "Feature": "Color Options",
          "Description": "This product offers unmatched performance and reliability. This item has received rave reviews from customers worldwide. Perfect for everyday use, it provides excellent value for money."
        },
        {
          "Feature": "Compatibility",
          "Description": "Designed with the latest technology, it ensures top-notch quality. Its ergonomic design makes it easy to use and handle. Available in various sizes and colors to suit your needs."
        },
        {
          "Feature": "Availability",
          "Description": "It is environmentally friendly and energy-efficient. This product offers unmatched performance and reliability. This item has received rave reviews from customers worldwide."
        },
        {
          "Feature": "Price",
          "Description": "Its ergonomic design makes it easy to use and handle. Designed with the latest technology, it ensures top-notch quality. Available in various sizes and colors to suit your needs."
        }
      ]
    },
    "content2": []
  },
  {
    "pagebreak": "pagebreak"
  },
  {
    "pagenum": 34,
    "content1": [
      "Product 34\n",
      "Innovative Equipment\n",
      "It is environmentally friendly and energy-efficient. Crafted with premium materials, it is \n",
      "built to last. This item has received rave reviews from customers worldwide.\n"
    ],
    "table": {
      "columns": [
        "Feature",
        "Description"
      ],
      "rows": [
        {
          "Feature": "Color Options",
          "Description": "This product offers unmatched performance and reliability. This item has received rave reviews from customers worldwide. Perfect for everyday use, it provides excellent value for money."
        },
        {
          "Feature": "Compatibility",
          "Description": "Designed with the latest technology, it ensures top-notch quality. Its ergonomic design makes it easy to use and handle. Available in various sizes and colors to suit your needs."
        },
        {
          "Feature": "Availability",
          "Description": "It is environmentally friendly and energy-efficient. This product offers unmatched performance and reliability. This item has received rave reviews from customers worldwide."
        },
        {
          "Feature": "Price",
          "Description": "Its ergonomic design makes it easy to use and handle. Designed with the latest technology, it ensures top-notch quality. Available in various sizes and colors to suit your needs."
        }
      ]
    },
    "content2": []
  },
  {
    "pagebreak": "pagebreak"
  },
  {
    "pagenum": 35,
    "content1": [
      "Product 35\n",
      "Incredible Device\n",
      "Crafted with premium materials, it is built to last. This product offers unmatched \n",
      "performance and reliability. It is environmentally friendly and energy-efficient.\n"
    ],
    "table": {
      "columns": [
        "Feature",
        "Description"
      ],
      "rows": [
        {
          "Feature": "Color Options",
          "Description": "This product offers unmatched performance and reliability. This item has received rave reviews from customers worldwide. Perfect for everyday use, it provides excellent value for money."
        },
        {
          "Feature": "Compatibility",
          "Description": "Designed with the latest technology, it ensures top-notch quality. Its ergonomic design makes it easy to use and handle. Available in various sizes and colors to suit your needs."
        },
        {
          "Feature": "Availability",
          "Description": "It is environmentally friendly and energy-efficient. This product offers unmatched performance and reliability. This item has received rave reviews from customers worldwide."
        },
        {
          "Feature": "Price",
          "Description": "Its ergonomic design makes it easy to use and handle. Designed with the latest technology, it ensures top-notch quality. Available in various sizes and colors to suit your needs."
        }
      ]
    },
    "content2": []
  },
  {
    "pagebreak": "pagebreak"
  },
  {
    "pagenum": 36,
    "content1": [
      "Product 36\n",
      "Compact Accessory\n",
      "Available in various sizes and colors to suit your needs. Perfect for everyday use, it provides \n",
      "excellent value for money. Its ergonomic design makes it easy to use and handle.\n"
    ],
    "table": {
      "columns": [
        "Feature",
        "Description"
      ],
      "rows": [
        {
          "Feature": "Color Options",
          "Description": "This product offers unmatched performance and reliability. This item has received rave reviews from customers worldwide. Perfect for everyday use, it provides excellent value for money."
        },
        {
          "Feature": "Compatibility",
          "Description": "Designed with the latest technology, it ensures top-notch quality. Its ergonomic design makes it easy to use and handle. Available in various sizes and colors to suit your needs."
        },
        {
          "Feature": "Availability",
          "Description": "It is environmentally friendly and energy-efficient. This product offers unmatched performance and reliability. This item has received rave reviews from customers worldwide."
        },
        {
          "Feature": "Price",
          "Description": "Its ergonomic design makes it easy to use and handle. Designed with the latest technology, it ensures top-notch quality. Available in various sizes and colors to suit your needs."
        }
      ]
    },
    "content2": []
  },
  {
    "pagebreak": "pagebreak"
  },
  {
    "pagenum": 37,
    "content1": [
      "Product 37\n",
      "Incredible Item\n",
      "Designed with the latest technology, it ensures top-notch quality. Crafted with premium \n",
      "materials, it is built to last. This item has received rave reviews from customers worldwide.\n"
    ],
    "table": {
      "columns": [
        "Feature",
        "Description"
      ],
      "rows": [
        {
          "Feature": "Color Options",
          "Description": "This product offers unmatched performance and reliability. This item has received rave reviews from customers worldwide. Perfect for everyday use, it provides excellent value for money."
        },
        {
          "Feature": "Compatibility",
          "Description": "Designed with the latest technology, it ensures top-notch quality. Its ergonomic design makes it easy to use and handle. Available in various sizes and colors to suit your needs."
        },
        {
          "Feature": "Availability",
          "Description": "It is environmentally friendly and energy-efficient. This product offers unmatched performance and reliability. This item has received rave reviews from customers worldwide."
        },
        {
          "Feature": "Price",
          "Description": "Its ergonomic design makes it easy to use and handle. Designed with the latest technology, it ensures top-notch quality. Available in various sizes and colors to suit your needs."
        }
      ]
    },
    "content2": []
  },
  {
    "pagebreak": "pagebreak"
  },
  {
    "pagenum": 38,
    "content1": [
      "Product 38\n",
      "Compact Gadget\n",
      "This product offers unmatched performance and reliability. Crafted with premium \n",
      "materials, it is built to last. Perfect for everyday use, it provides excellent value for money.\n"
    ],
    "table": {
      "columns": [
        "Feature",
        "Description"
      ],
      "rows": [
        {
          "Feature": "Color Options",
          "Description": "This product offers unmatched performance and reliability. This item has received rave reviews from customers worldwide. Perfect for everyday use, it provides excellent value for money."
        },
        {
          "Feature": "Compatibility",
          "Description": "Designed with the latest technology, it ensures top-notch quality. Its ergonomic design makes it easy to use and handle. Available in various sizes and colors to suit your needs."
        },
        {
          "Feature": "Availability",
          "Description": "It is environmentally friendly and energy-efficient. This product offers unmatched performance and reliability. This item has received rave reviews from customers worldwide."
        },
        {
          "Feature": "Price",
          "Description": "Its ergonomic design makes it easy to use and handle. Designed with the latest technology, it ensures top-notch quality. Available in various sizes and colors to suit your needs."
        }
      ]
    },
    "content2": []
  },
  {
    "pagebreak": "pagebreak"
  },
  {
    "pagenum": 39,
    "content1": [
      "Product 39\n",
      "Durable Gadget\n",
      "Crafted with premium materials, it is built to last. It is environmentally friendly and energy-\n",
      "efficient. This product offers unmatched performance and reliability.\n"
    ],
    "table": {
      "columns": [
        "Feature",
        "Description"
      ],
      "rows": [
        {
          "Feature": "Color Options",
          "Description": "This product offers unmatched performance and reliability. This item has received rave reviews from customers worldwide. Perfect for everyday use, it provides excellent value for money."
        },
        {
          "Feature": "Compatibility",
          "Description": "Designed with the latest technology, it ensures top-notch quality. Its ergonomic design makes it easy to use and handle. Available in various sizes and colors to suit your needs."
        },
        {
          "Feature": "Availability",
          "Description": "It is environmentally friendly and energy-efficient. This product offers unmatched performance and reliability. This item has received rave reviews from customers worldwide."
        },
        {
          "Feature": "Price",
          "Description": "Its ergonomic design makes it easy to use and handle. Designed with the latest technology, it ensures top-notch quality. Available in various sizes and colors to suit your needs."
        }
      ]
    },
    "content2": []
  },
  {
    "pagebreak": "pagebreak"
  },
  {
    "pagenum": 40,
    "content1": [
      "Product 40\n",
      "Compact Accessory\n",
      "It is environmentally friendly and energy-efficient. Perfect for everyday use, it provides \n",
      "excellent value for money. Available in various sizes and colors to suit your needs.\n"
    ],
    "table": {
      "columns": [
        "Feature",
        "Description"
      ],
      "rows": [
        {
          "Feature": "Color Options",
          "Description": "This product offers unmatched performance and reliability. This item has received rave reviews from customers worldwide. Perfect for everyday use, it provides excellent value for money."
        },
        {
          "Feature": "Compatibility",
          "Description": "Designed with the latest technology, it ensures top-notch quality. Its ergonomic design makes it easy to use and handle. Available in various sizes and colors to suit your needs."
        },
        {
          "Feature": "Availability",
          "Description": "It is environmentally friendly and energy-efficient. This product offers unmatched performance and reliability. This item has received rave reviews from customers worldwide."
        },
        {
          "Feature": "Price",
          "Description": "Its ergonomic design makes it easy to use and handle. Designed with the latest technology, it ensures top-notch quality. Available in various sizes and colors to suit your needs."
        }
      ]
    },
    "content2": []
  },
  {
    "pagebreak": "pagebreak"
  },
  {
    "pagenum": 41,
    "content1": [
      "Product 41\n",
      "Fantastic Accessory\n",
      "Designed with the latest technology, it ensures top-notch quality. Available in various sizes \n",
      "and colors to suit your needs. It is environmentally friendly and energy-efficient.\n"
    ],
    "table": {
      "columns": [
        "Feature",
        "Description"
      ],
      "rows": [
        {
          "Feature": "Color Options",
          "Description": "This product offers unmatched performance and reliability. This item has received rave reviews from customers worldwide. Perfect for everyday use, it provides excellent value for money."
        },
        {
          "Feature": "Compatibility",
          "Description": "Designed with the latest technology, it ensures top-notch quality. Its ergonomic design makes it easy to use and handle. Available in various sizes and colors to suit your needs."
        },
        {
          "Feature": "Availability",
          "Description": "It is environmentally friendly and energy-efficient. This product offers unmatched performance and reliability. This item has received rave reviews from customers worldwide."
        },
        {
          "Feature": "Price",
          "Description": "Its ergonomic design makes it easy to use and handle. Designed with the latest technology, it ensures top-notch quality. Available in various sizes and colors to suit your needs."
        }
      ]
    },
    "content2": []
  },
  {
    "pagebreak": "pagebreak"
  },
  {
    "pagenum": 42,
    "content1": [
      "Product 42\n",
      "Innovative Tool\n",
      "This product offers unmatched performance and reliability. Its ergonomic design makes it \n",
      "easy to use and handle. Designed with the latest technology, it ensures top-notch quality.\n"
    ],
    "table": {
      "columns": [
        "Feature",
        "Description"
      ],
      "rows": [
        {
          "Feature": "Color Options",
          "Description": "This product offers unmatched performance and reliability. This item has received rave reviews from customers worldwide. Perfect for everyday use, it provides excellent value for money."
        },
        {
          "Feature": "Compatibility",
          "Description": "Designed with the latest technology, it ensures top-notch quality. Its ergonomic design makes it easy to use and handle. Available in various sizes and colors to suit your needs."
        },
        {
          "Feature": "Availability",
          "Description": "It is environmentally friendly and energy-efficient. This product offers unmatched performance and reliability. This item has received rave reviews from customers worldwide."
        },
        {
          "Feature": "Price",
          "Description": "Its ergonomic design makes it easy to use and handle. Designed with the latest technology, it ensures top-notch quality. Available in various sizes and colors to suit your needs."
        }
      ]
    },
    "content2": [
      "efficient.\n",
      "environmentally friendly and energy-\n",
      "from customers worldwide. It is \n",
      "to last. This item has received rave reviews \n",
      "Crafted with premium materials, it is built \n",
      "Weight\n",
      "reliability.\n",
      "product offers unmatched performance and \n",
      "provides excellent value for money. This \n",
      "and handle. Perfect for everyday use, it \n",
      "Its ergonomic design makes it easy to use \n",
      "Color Options\n"
    ]
  },
  {
    "pagebreak": "pagebreak"
  },
  {
    "pagenum": 43,
    "content1": [
      "Product 43\n",
      "Stylish Device\n",
      "It is environmentally friendly and energy-efficient. Perfect for everyday use, it provides \n",
      "excellent value for money. Crafted with premium materials, it is built to last.\n"
    ],
    "table": {
      "columns": [
        "Feature",
        "Description"
      ],
      "rows": [
        {
          "Feature": "Color Options",
          "Description": "This product offers unmatched performance and reliability. This item has received rave reviews from customers worldwide. Perfect for everyday use, it provides excellent value for money."
        },
        {
          "Feature": "Compatibility",
          "Description": "Designed with the latest technology, it ensures top-notch quality. Its ergonomic design makes it easy to use and handle. Available in various sizes and colors to suit your needs."
        },
        {
          "Feature": "Availability",
          "Description": "It is environmentally friendly and energy-efficient. This product offers unmatched performance and reliability. This item has received rave reviews from customers worldwide."
        },
        {
          "Feature": "Price",
          "Description": "Its ergonomic design makes it easy to use and handle. Designed with the latest technology, it ensures top-notch quality. Available in various sizes and colors to suit your needs."
        }
      ]
    },
    "content2": []
  },
  {
    "pagebreak": "pagebreak"
  },
  {
    "pagenum": 44,
    "content1": [
      "Product 44\n",
      "Stylish Item\n",
      "It is environmentally friendly and energy-efficient. Available in various sizes and colors to \n",
      "suit your needs. Crafted with premium materials, it is built to last.\n"
    ],
    "table": {
      "columns": [
        "Feature",
        "Description"
      ],
      "rows": [
        {
          "Feature": "Color Options",
          "Description": "This product offers unmatched performance and reliability. This item has received rave reviews from customers worldwide. Perfect for everyday use, it provides excellent value for money."
        },
        {
          "Feature": "Compatibility",
          "Description": "Designed with the latest technology, it ensures top-notch quality. Its ergonomic design makes it easy to use and handle. Available in various sizes and colors to suit your needs."
        },
        {
          "Feature": "Availability",
          "Description": "It is environmentally friendly and energy-efficient. This product offers unmatched performance and reliability. This item has received rave reviews from customers worldwide."
        },
        {
          "Feature": "Price",
          "Description": "Its ergonomic design makes it easy to use and handle. Designed with the latest technology, it ensures top-notch quality. Available in various sizes and colors to suit your needs."
        }
      ]
    },
    "content2": []
  },
  {
    "pagebreak": "pagebreak"
  },
  {
    "pagenum": 45,
    "content1": [
      "Product 45\n",
      "Amazing Equipment\n",
      "Designed with the latest technology, it ensures top-notch quality. Perfect for everyday use, it \n",
      "provides excellent value for money. Its ergonomic design makes it easy to use and handle.\n"
    ],
    "table": {
      "columns": [
        "Feature",
        "Description"
      ],
      "rows": [
        {
          "Feature": "Color Options",
          "Description": "This product offers unmatched performance and reliability. This item has received rave reviews from customers worldwide. Perfect for everyday use, it provides excellent value for money."
        },
        {
          "Feature": "Compatibility",
          "Description": "Designed with the latest technology, it ensures top-notch quality. Its ergonomic design makes it easy to use and handle. Available in various sizes and colors to suit your needs."
        },
        {
          "Feature": "Availability",
          "Description": "It is environmentally friendly and energy-efficient. This product offers unmatched performance and reliability. This item has received rave reviews from customers worldwide."
        },
        {
          "Feature": "Price",
          "Description": "Its ergonomic design makes it easy to use and handle. Designed with the latest technology, it ensures top-notch quality. Available in various sizes and colors to suit your needs."
        }
      ]
    },
    "content2": []
  },
  {
    "pagebreak": "pagebreak"
  },
  {
    "pagenum": 46,
    "content1": [
      "Product 46\n",
      "Compact Equipment\n",
      "Crafted with premium materials, it is built to last. This item has received rave reviews from \n",
      "customers worldwide. It is environmentally friendly and energy-efficient.\n"
    ],
    "table": {
      "columns": [
        "Feature",
        "Description"
      ],
      "rows": [
        {
          "Feature": "Color Options",
          "Description": "This product offers unmatched performance and reliability. This item has received rave reviews from customers worldwide. Perfect for everyday use, it provides excellent value for money."
        },
        {
          "Feature": "Compatibility",
          "Description": "Designed with the latest technology, it ensures top-notch quality. Its ergonomic design makes it easy to use and handle. Available in various sizes and colors to suit your needs."
        },
        {
          "Feature": "Availability",
          "Description": "It is environmentally friendly and energy-efficient. This product offers unmatched performance and reliability. This item has received rave reviews from customers worldwide."
        },
        {
          "Feature": "Price",
          "Description": "Its ergonomic design makes it easy to use and handle. Designed with the latest technology, it ensures top-notch quality. Available in various sizes and colors to suit your needs."
        }
      ]
    },
    "content2": []
  },
  {
    "pagebreak": "pagebreak"
  },
  {
    "pagenum": 47,
    "content1": [
      "Product 47\n",
      "Incredible Accessory\n",
      "It is environmentally friendly and energy-efficient. Crafted with premium materials, it is \n",
      "built to last. Its ergonomic design makes it easy to use and handle.\n"
    ],
    "table": {
      "columns": [
        "Feature",
        "Description"
      ],
      "rows": [
        {
          "Feature": "Color Options",
          "Description": "This product offers unmatched performance and reliability. This item has received rave reviews from customers worldwide. Perfect for everyday use, it provides excellent value for money."
        },
        {
          "Feature": "Compatibility",
          "Description": "Designed with the latest technology, it ensures top-notch quality. Its ergonomic design makes it easy to use and handle. Available in various sizes and colors to suit your needs."
        },
        {
          "Feature": "Availability",
          "Description": "It is environmentally friendly and energy-efficient. This product offers unmatched performance and reliability. This item has received rave reviews from customers worldwide."
        },
        {
          "Feature": "Price",
          "Description": "Its ergonomic design makes it easy to use and handle. Designed with the latest technology, it ensures top-notch quality. Available in various sizes and colors to suit your needs."
        }
      ]
    },
    "content2": []
  },
  {
    "pagebreak": "pagebreak"
  },
  {
    "pagenum": 48,
    "content1": [
      "Product 48\n",
      "Compact Item\n",
      "This product offers unmatched performance and reliability. This item has received rave \n",
      "reviews from customers worldwide. Perfect for everyday use, it provides excellent value for \n",
      "money.\n"
    ],
    "table": {
      "columns": [
        "Feature",
        "Description"
      ],
      "rows": [
        {
          "Feature": "Color Options",
          "Description": "This product offers unmatched performance and reliability. This item has received rave reviews from customers worldwide. Perfect for everyday use, it provides excellent value for money."
        },
        {
          "Feature": "Compatibility",
          "Description": "Designed with the latest technology, it ensures top-notch quality. Its ergonomic design makes it easy to use and handle. Available in various sizes and colors to suit your needs."
        },
        {
          "Feature": "Availability",
          "Description": "It is environmentally friendly and energy-efficient. This product offers unmatched performance and reliability. This item has received rave reviews from customers worldwide."
        },
        {
          "Feature": "Price",
          "Description": "Its ergonomic design makes it easy to use and handle. Designed with the latest technology, it ensures top-notch quality. Available in various sizes and colors to suit your needs."
        }
      ]
    },
    "content2": []
  },
  {
    "pagebreak": "pagebreak"
  },
  {
    "pagenum": 49,
    "content1": [
      "Product 49\n",
      "Stylish Accessory\n",
      "Designed with the latest technology, it ensures top-notch quality. It is environmentally \n",
      "friendly and energy-efficient. This product offers unmatched performance and reliability.\n"
    ],
    "table": {
      "columns": [
        "Feature",
        "Description"
      ],
      "rows": [
        {
          "Feature": "Color Options",
          "Description": "This product offers unmatched performance and reliability. This item has received rave reviews from customers worldwide. Perfect for everyday use, it provides excellent value for money."
        },
        {
          "Feature": "Compatibility",
          "Description": "Designed with the latest technology, it ensures top-notch quality. Its ergonomic design makes it easy to use and handle. Available in various sizes and colors to suit your needs."
        },
        {
          "Feature": "Availability",
          "Description": "It is environmentally friendly and energy-efficient. This product offers unmatched performance and reliability. This item has received rave reviews from customers worldwide."
        },
        {
          "Feature": "Price",
          "Description": "Its ergonomic design makes it easy to use and handle. Designed with the latest technology, it ensures top-notch quality. Available in various sizes and colors to suit your needs."
        }
      ]
    },
    "content2": []
  },
  {
    "pagebreak": "pagebreak"
  },
  {
    "pagenum": 50,
    "content1": [
      "Product 50\n",
      "Stylish Accessory\n",
      "This item has received rave reviews from customers worldwide. Designed with the latest \n",
      "technology, it ensures top-notch quality. Its ergonomic design makes it easy to use and \n",
      "handle.\n"
    ],
    "table": {
      "columns": [
        "Feature",
        "Description"
      ],
      "rows": [
        {
          "Feature": "Color Options",
          "Description": "This product offers unmatched performance and reliability. This item has received rave reviews from customers worldwide. Perfect for everyday use, it provides excellent value for money."
        },
        {
          "Feature": "Compatibility",
          "Description": "Designed with the latest technology, it ensures top-notch quality. Its ergonomic design makes it easy to use and handle. Available in various sizes and colors to suit your needs."
        },
        {
          "Feature": "Availability",
          "Description": "It is environmentally friendly and energy-efficient. This product offers unmatched performance and reliability. This item has received rave reviews from customers worldwide."
        },
        {
          "Feature": "Price",
          "Description": "Its ergonomic design makes it easy to use and handle. Designed with the latest technology, it ensures top-notch quality. Available in various sizes and colors to suit your needs."
        }
      ]
    },
    "content2": []
  },
  {
    "pagebreak": "pagebreak"
  }
]