[
  {
    "pagenum": 1,
    "content1": [
      "Product Catalog - Document 5\n",
      "Product 1\n",
      "Fantastic Appliance\n",
      "It is environmentally friendly and energy-efficient. This item has received rave reviews \n",
      "from customers worldwide. Its ergonomic design makes it easy to use and handle.\n"
    ],
    "table": {
      "columns": [
        "Feature",
        "Description"
      ],
      "rows": [
        {
          "Feature": "User Ratings",
          "Description": "This product offers unmatched performance and reliability. Its ergonomic design makes it easy to use and handle. This item has received rave reviews from customers worldwide."
        },
        {
          "Feature": "Power Source",
          "Description": "Designed with the latest technology, it ensures top-notch quality. This item has received rave reviews from customers worldwide. Perfect for everyday use, it provides excellent value for money."
        },
        {
          "Feature": "User Ratings",
          "Description": "This product offers unmatched performance and reliability. Perfect for everyday use, it provides excellent value for money. Available in various sizes and colors to suit your needs."
        },
        {
          "Feature": "Material",
          "Description": "Its ergonomic design makes it easy to use and handle. Crafted with premium materials, it is built to last. Perfect for everyday use, it provides excellent value for money."
        }
      ]
    },
    "content2": []
  },
  {
    "pagebreak": "pagebreak"
  },
  {
    "pagenum": 2,
    "content1": [
      "Product 2\n",
      "Amazing Gadget\n",
      "Designed with the latest technology, it ensures top-notch quality. It is environmentally \n",
      "friendly and energy-efficient. Available in various sizes and colors to suit your needs.\n"
    ],
    "table": {
      "columns": [
        "Feature",
        "Description"
      ],
      "rows": [
        {
          "Feature": "User Ratings",
          "Description": "This product offers unmatched performance and reliability. Its ergonomic design makes it easy to use and handle. This item has received rave reviews from customers worldwide."
        },
        {
          "Feature": "Power Source",
          "Description": "Designed with the latest technology, it ensures top-notch quality. This item has received rave reviews from customers worldwide. Perfect for everyday use, it provides excellent value for money."
        },
        {
          "Feature": "User Ratings",
          "Description": "This product offers unmatched performance and reliability. Perfect for everyday use, it provides excellent value for money. Available in various sizes and colors to suit your needs."
        },
        {
          "Feature": "Material",
          "Description": "Its ergonomic design makes it easy to use and handle. Crafted with premium materials, it is built to last. Perfect for everyday use, it provides excellent value for money."
        }
      ]
    },
    "content2": []
  },
  {
    "pagebreak": "pagebreak"
  },
  {
    "pagenum": 3,
    "content1": [
      "Product 3\n",
      "Stylish Accessory\n",
      "Designed with the latest technology, it ensures top-notch quality. Available in various sizes \n",
      "and colors to suit your needs. Crafted with premium materials, it is built to last.\n"
    ],
    "table": {
      "columns": [
        "Feature",
        "Description"
      ],
      "rows": [
        {
          "Feature": "User Ratings",
          "Description": "This product offers unmatched performance and reliability. Its ergonomic design makes it easy to use and handle. This item has received rave reviews from customers worldwide."
        },
        {
          "Feature": "Power Source",
          "Description": "Designed with the latest technology, it ensures top-notch quality. This item has received rave reviews from customers worldwide. Perfect for everyday use, it provides excellent value for money."
        },
        {
          "Feature": "User Ratings",
          "Description": "This product offers unmatched performance and reliability. Perfect for everyday use, it provides excellent value for money. Available in various sizes and colors to suit your needs."
        },
        {
          "Feature": "Material",
          "Description": "Its ergonomic design makes it easy to use and handle. Crafted with premium materials, it is built to last. Perfect for everyday use, it provides excellent value for money."
        }
      ]
    },
    "content2": []
  },
  {
    "pagebreak": "pagebreak"
  },
  {
    "pagenum": 4,
    "content1": [
      "Product 4\n",
      "Compact Equipment\n",
      "Perfect for everyday use, it provides excellent value for money. It is environmentally \n",
      "friendly and energy-efficient. This product offers unmatched performance and reliability.\n"
    ],
    "table": {
      "columns": [
        "Feature",
        "Description"
      ],
      "rows": [
        {
          "Feature": "User Ratings",
          "Description": "This product offers unmatched performance and reliability. Its ergonomic design makes it easy to use and handle. This item has received rave reviews from customers worldwide."
        },
        {
          "Feature": "Power Source",
          "Description": "Designed with the latest technology, it ensures top-notch quality. This item has received rave reviews from customers worldwide. Perfect for everyday use, it provides excellent value for money."
        },
        {
          "Feature": "User Ratings",
          "Description": "This product offers unmatched performance and reliability. Perfect for everyday use, it provides excellent value for money. Available in various sizes and colors to suit your needs."
        },
        {
          "Feature": "Material",
          "Description": "Its ergonomic design makes it easy to use and handle. Crafted with premium materials, it is built to last. Perfect for everyday use, it provides excellent value for money."
        }
      ]
    },
    "content2": []
  },
  {
    "pagebreak": "pagebreak"
  },
  {
    "pagenum": 5,
    "content1": [
      "Product 5\n",
      "Compact Tool\n",
      "This item has received rave reviews from customers worldwide. Its ergonomic design \n",
      "makes it easy to use and handle. Perfect for everyday use, it provides excellent value for \n",
      "money.\n"
    ],
    "table": {
      "columns": [
        "Feature",
        "Description"
      ],
      "rows": [
        {
          "Feature": "User Ratings",
          "Description": "This product offers unmatched performance and reliability. Its ergonomic design makes it easy to use and handle. This item has received rave reviews from customers worldwide."
        },
        {
          "Feature": "Power Source",
          "Description": "Designed with the latest technology, it ensures top-notch quality. This item has received rave reviews from customers worldwide. Perfect for everyday use, it provides excellent value for money."
        },
        {
          "Feature": "User Ratings",
          "Description": "This product offers unmatched performance and reliability. Perfect for everyday use, it provides excellent value for money. Available in various sizes and colors to suit your needs."
        },
        {
          "Feature": "Material",
          "Description": "Its ergonomic design makes it easy to use and handle. Crafted with premium materials, it is built to last. Perfect for everyday use, it provides excellent value for money."
        }
      ]
    },
    "content2": []
  },
  {
    "pagebreak": "pagebreak"
  },
  {
    "pagenum": 6,
    "content1": [
      "Product 6\n",
      "Amazing Instrument\n",
      "Designed with the latest technology, it ensures top-notch quality. This item has received \n",
      "rave reviews from customers worldwide. Perfect for everyday use, it provides excellent \n",
      "value for money.\n"
    ],
    "table": {
      "columns": [
        "Feature",
        "Description"
      ],
      "rows": [
        {
          "Feature": "User Ratings",
          "Description": "This product offers unmatched performance and reliability. Its ergonomic design makes it easy to use and handle. This item has received rave reviews from customers worldwide."
        },
        {
          "Feature": "Power Source",
          "Description": "Designed with the latest technology, it ensures top-notch quality. This item has received rave reviews from customers worldwide. Perfect for everyday use, it provides excellent value for money."
        },
        {
          "Feature": "User Ratings",
          "Description": "This product offers unmatched performance and reliability. Perfect for everyday use, it provides excellent value for money. Available in various sizes and colors to suit your needs."
        },
        {
          "Feature": "Material",
          "Description": "Its ergonomic design makes it easy to use and handle. Crafted with premium materials, it is built to last. Perfect for everyday use, it provides excellent value for money."
        }
      ]
    },
    "content2": []
  },
  {
    "pagebreak": "pagebreak"
  },
  {
    "pagenum": 7,
    "content1": [
      "Product 7\n",
      "Eco-friendly Gadget\n",
      "Designed with the latest technology, it ensures top-notch quality. This item has received \n",
      "rave reviews from customers worldwide. Its ergonomic design makes it easy to use and \n",
      "handle.\n"
    ],
    "table": {
      "columns": [
        "Feature",
        "Description"
      ],
      "rows": [
        {
          "Feature": "User Ratings",
          "Description": "This product offers unmatched performance and reliability. Its ergonomic design makes it easy to use and handle. This item has received rave reviews from customers worldwide."
        },
        {
          "Feature": "Power Source",
          "Description": "Designed with the latest technology, it ensures top-notch quality. This item has received rave reviews from customers worldwide. Perfect for everyday use, it provides excellent value for money."
        },
        {
          "Feature": "User Ratings",
          "Description": "This product offers unmatched performance and reliability. Perfect for everyday use, it provides excellent value for money. Available in various sizes and colors to suit your needs."
        },
        {
          "Feature": "Material",
          "Description": "Its ergonomic design makes it easy to use and handle. Crafted with premium materials, it is built to last. Perfect for everyday use, it provides excellent value for money."
        }
      ]
    },
    "content2": []
  },
  {
    "pagebreak": "pagebreak"
  },
  {
    "pagenum": 8,
    "content1": [
      "Product 8\n",
      "Eco-friendly Device\n",
      "Its ergonomic design makes it easy to use and handle. Designed with the latest technology, it \n",
      "ensures top-notch quality. Crafted with premium materials, it is built to last.\n"
    ],
    "table": {
      "columns": [
        "Feature",
        "Description"
      ],
      "rows": [
        {
          "Feature": "User Ratings",
          "Description": "This product offers unmatched performance and reliability. Its ergonomic design makes it easy to use and handle. This item has received rave reviews from customers worldwide."
        },
        {
          "Feature": "Power Source",
          "Description": "Designed with the latest technology, it ensures top-notch quality. This item has received rave reviews from customers worldwide. Perfect for everyday use, it provides excellent value for money."
        },
        {
          "Feature": "User Ratings",
          "Description": "This product offers unmatched performance and reliability. Perfect for everyday use, it provides excellent value for money. Available in various sizes and colors to suit your needs."
        },
        {
          "Feature": "Material",
          "Description": "Its ergonomic design makes it easy to use and handle. Crafted with premium materials, it is built to last. Perfect for everyday use, it provides excellent value for money."
        }
      ]
    },
    "content2": []
  },
  {
    "pagebreak": "pagebreak"
  },
  {
    "pagenum": 9,
    "content1": [
      "Product 9\n",
      "Fantastic Gadget\n",
      "Available in various sizes and colors to suit your needs. Perfect for everyday use, it provides \n",
      "excellent value for money. Designed with the latest technology, it ensures top-notch quality.\n"
    ],
    "table": {
      "columns": [
        "Feature",
        "Description"
      ],
      "rows": [
        {
          "Feature": "User Ratings",
          "Description": "This product offers unmatched performance and reliability. Its ergonomic design makes it easy to use and handle. This item has received rave reviews from customers worldwide."
        },
        {
          "Feature": "Power Source",
          "Description": "Designed with the latest technology, it ensures top-notch quality. This item has received rave reviews from customers worldwide. Perfect for everyday use, it provides excellent value for money."
        },
        {
          "Feature": "User Ratings",
          "Description": "This product offers unmatched performance and reliability. Perfect for everyday use, it provides excellent value for money. Available in various sizes and colors to suit your needs."
        },
        {
          "Feature": "Material",
          "Description": "Its ergonomic design makes it easy to use and handle. Crafted with premium materials, it is built to last. Perfect for everyday use, it provides excellent value for money."
        }
      ]
    },
    "content2": []
  },
  {
    "pagebreak": "pagebreak"
  },
  {
    "pagenum": 10,
    "content1": [
      "Product 10\n",
      "Incredible Equipment\n",
      "Crafted with premium materials, it is built to last. Available in various sizes and colors to \n",
      "suit your needs. This product offers unmatched performance and reliability.\n"
    ],
    "table": {
      "columns": [
        "Feature",
        "Description"
      ],
      "rows": [
        {
          "Feature": "User Ratings",
          "Description": "This product offers unmatched performance and reliability. Its ergonomic design makes it easy to use and handle. This item has received rave reviews from customers worldwide."
        },
        {
          "Feature": "Power Source",
          "Description": "Designed with the latest technology, it ensures top-notch quality. This item has received rave reviews from customers worldwide. Perfect for everyday use, it provides excellent value for money."
        },
        {
          "Feature": "User Ratings",
          "Description": "This product offers unmatched performance and reliability. Perfect for everyday use, it provides excellent value for money. Available in various sizes and colors to suit your needs."
        },
        {
          "Feature": "Material",
          "Description": "Its ergonomic design makes it easy to use and handle. Crafted with premium materials, it is built to last. Perfect for everyday use, it provides excellent value for money."
        }
      ]
    },
    "content2": []
  },
  {
    "pagebreak": "pagebreak"
  },
  {
    "pagenum": 11,
    "content1": [
      "Product 11\n",
      "Amazing Appliance\n",
      "This item has received rave reviews from customers worldwide. Available in various sizes \n",
      "and colors to suit your needs. Crafted with premium materials, it is built to last.\n"
    ],
    "table": {
      "columns": [
        "Feature",
        "Description"
      ],
      "rows": [
        {
          "Feature": "User Ratings",
          "Description": "This product offers unmatched performance and reliability. Its ergonomic design makes it easy to use and handle. This item has received rave reviews from customers worldwide."
        },
        {
          "Feature": "Power Source",
          "Description": "Designed with the latest technology, it ensures top-notch quality. This item has received rave reviews from customers worldwide. Perfect for everyday use, it provides excellent value for money."
        },
        {
          "Feature": "User Ratings",
          "Description": "This product offers unmatched performance and reliability. Perfect for everyday use, it provides excellent value for money. Available in various sizes and colors to suit your needs."
        },
        {
          "Feature": "Material",
          "Description": "Its ergonomic design makes it easy to use and handle. Crafted with premium materials, it is built to last. Perfect for everyday use, it provides excellent value for money."
        }
      ]
    },
    "content2": [
      "efficient.\n",
      "environmentally friendly and energy-\n",
      "provides excellent value for money. It is \n",
      "your needs. Perfect for everyday use, it \n",
      "Available in various sizes and colors to suit \n",
      "User Ratings\n",
      "easy to use and handle.\n",
      "for money. Its ergonomic design makes it \n",
      "everyday use, it provides excellent value \n",
      "ensures top-notch quality. Perfect for \n",
      "Designed with the latest technology, it \n",
      "Weight\n"
    ]
  },
  {
    "pagebreak": "pagebreak"
  },
  {
    "pagenum": 12,
    "content1": [
      "Product 12\n",
      "Compact Appliance\n",
      "Available in various sizes and colors to suit your needs. This product offers unmatched \n",
      "performance and reliability. Perfect for everyday use, it provides excellent value for money.\n"
    ],
    "table": {
      "columns": [
        "Feature",
        "Description"
      ],
      "rows": [
        {
          "Feature": "User Ratings",
          "Description": "This product offers unmatched performance and reliability. Its ergonomic design makes it easy to use and handle. This item has received rave reviews from customers worldwide."
        },
        {
          "Feature": "Power Source",
          "Description": "Designed with the latest technology, it ensures top-notch quality. This item has received rave reviews from customers worldwide. Perfect for everyday use, it provides excellent value for money."
        },
        {
          "Feature": "User Ratings",
          "Description": "This product offers unmatched performance and reliability. Perfect for everyday use, it provides excellent value for money. Available in various sizes and colors to suit your needs."
        },
        {
          "Feature": "Material",
          "Description": "Its ergonomic design makes it easy to use and handle. Crafted with premium materials, it is built to last. Perfect for everyday use, it provides excellent value for money."
        }
      ]
    },
    "content2": []
  },
  {
    "pagebreak": "pagebreak"
  },
  {
    "pagenum": 13,
    "content1": [
      "Product 13\n",
      "Durable Tool\n",
      "Its ergonomic design makes it easy to use and handle. Designed with the latest technology, it \n",
      "ensures top-notch quality. This item has received rave reviews from customers worldwide.\n"
    ],
    "table": {
      "columns": [
        "Feature",
        "Description"
      ],
      "rows": [
        {
          "Feature": "User Ratings",
          "Description": "This product offers unmatched performance and reliability. Its ergonomic design makes it easy to use and handle. This item has received rave reviews from customers worldwide."
        },
        {
          "Feature": "Power Source",
          "Description": "Designed with the latest technology, it ensures top-notch quality. This item has received rave reviews from customers worldwide. Perfect for everyday use, it provides excellent value for money."
        },
        {
          "Feature": "User Ratings",
          "Description": "This product offers unmatched performance and reliability. Perfect for everyday use, it provides excellent value for money. Available in various sizes and colors to suit your needs."
        },
        {
          "Feature": "Material",
          "Description": "Its ergonomic design makes it easy to use and handle. Crafted with premium materials, it is built to last. Perfect for everyday use, it provides excellent value for money."
        }
      ]
    },
    "content2": []
  },
  {
    "pagebreak": "pagebreak"
  },
  {
    "pagenum": 14,
    "content1": [
      "Product 14\n",
      "Compact Instrument\n",
      "It is environmentally friendly and energy-efficient. Designed with the latest technology, it \n",
      "ensures top-notch quality. This product offers unmatched performance and reliability.\n"
    ],
    "table": {
      "columns": [
        "Feature",
        "Description"
      ],
      "rows": [
        {
          "Feature": "User Ratings",
          "Description": "This product offers unmatched performance and reliability. Its ergonomic design makes it easy to use and handle. This item has received rave reviews from customers worldwide."
        },
        {
          "Feature": "Power Source",
          "Description": "Designed with the latest technology, it ensures top-notch quality. This item has received rave reviews from customers worldwide. Perfect for everyday use, it provides excellent value for money."
        },
        {
          "Feature": "User Ratings",
          "Description": "This product offers unmatched performance and reliability. Perfect for everyday use, it provides excellent value for money. Available in various sizes and colors to suit your needs."
        },
        {
          "Feature": "Material",
          "Description": "Its ergonomic design makes it easy to use and handle. Crafted with premium materials, it is built to last. Perfect for everyday use, it provides excellent value for money."
        }
      ]
    },
    "content2": []
  },
  {
    "pagebreak": "pagebreak"
  },
  {
    "pagenum": 15,
    "content1": [
      "Product 15\n",
      "Compact Equipment\n",
      "It is environmentally friendly and energy-efficient. Its ergonomic design makes it easy to \n",
      "use and handle. This item has received rave reviews from customers worldwide.\n"
    ],
    "table": {
      "columns": [
        "Feature",
        "Description"
      ],
      "rows": [
        {
          "Feature": "User Ratings",
          "Description": "This product offers unmatched performance and reliability. Its ergonomic design makes it easy to use and handle. This item has received rave reviews from customers worldwide."
        },
        {
          "Feature": "Power Source",
          "Description": "Designed with the latest technology, it ensures top-notch quality. This item has received rave reviews from customers worldwide. Perfect for everyday use, it provides excellent value for money."
        },
        {
          "Feature": "User Ratings",
          "Description": "This product offers unmatched performance and reliability. Perfect for everyday use, it provides excellent value for money. Available in various sizes and colors to suit your needs."
        },
        {
          "Feature": "Material",
          "Description": "Its ergonomic design makes it easy to use and handle. Crafted with premium materials, it is built to last. Perfect for everyday use, it provides excellent value for money."
        }
      ]
    },
    "content2": []
  },
  {
    "pagebreak": "pagebreak"
  },
  {
    "pagenum": 16,
    "content1": [
      "Product 16\n",
      "Fantastic Accessory\n",
      "Its ergonomic design makes it easy to use and handle. Crafted with premium materials, it is \n",
      "built to last. This product offers unmatched performance and reliability.\n"
    ],
    "table": {
      "columns": [
        "Feature",
        "Description"
      ],
      "rows": [
        {
          "Feature": "User Ratings",
          "Description": "This product offers unmatched performance and reliability. Its ergonomic design makes it easy to use and handle. This item has received rave reviews from customers worldwide."
        },
        {
          "Feature": "Power Source",
          "Description": "Designed with the latest technology, it ensures top-notch quality. This item has received rave reviews from customers worldwide. Perfect for everyday use, it provides excellent value for money."
        },
        {
          "Feature": "User Ratings",
          "Description": "This product offers unmatched performance and reliability. Perfect for everyday use, it provides excellent value for money. Available in various sizes and colors to suit your needs."
        },
        {
          "Feature": "Material",
          "Description": "Its ergonomic design makes it easy to use and handle. Crafted with premium materials, it is built to last. Perfect for everyday use, it provides excellent value for money."
        }
      ]
    },
    "content2": []
  },
  {
    "pagebreak": "pagebreak"
  },
  {
    "pagenum": 17,
    "content1": [
      "Product 17\n",
      "Amazing Equipment\n",
      "Designed with the latest technology, it ensures top-notch quality. It is environmentally \n",
      "friendly and energy-efficient. Available in various sizes and colors to suit your needs.\n"
    ],
    "table": {
      "columns": [
        "Feature",
        "Description"
      ],
      "rows": [
        {
          "Feature": "User Ratings",
          "Description": "This product offers unmatched performance and reliability. Its ergonomic design makes it easy to use and handle. This item has received rave reviews from customers worldwide."
        },
        {
          "Feature": "Power Source",
          "Description": "Designed with the latest technology, it ensures top-notch quality. This item has received rave reviews from customers worldwide. Perfect for everyday use, it provides excellent value for money."
        },
        {
          "Feature": "User Ratings",
          "Description": "This product offers unmatched performance and reliability. Perfect for everyday use, it provides excellent value for money. Available in various sizes and colors to suit your needs."
        },
        {
          "Feature": "Material",
          "Description": "Its ergonomic design makes it easy to use and handle. Crafted with premium materials, it is built to last. Perfect for everyday use, it provides excellent value for money."
        }
      ]
    },
    "content2": []
  },
  {
    "pagebreak": "pagebreak"
  },
  {
    "pagenum": 18,
    "content1": [
      "Product 18\n",
      "Stylish Accessory\n",
      "This product offers unmatched performance and reliability. Crafted with premium \n",
      "materials, it is built to last. Its ergonomic design makes it easy to use and handle.\n"
    ],
    "table": {
      "columns": [
        "Feature",
        "Description"
      ],
      "rows": [
        {
          "Feature": "User Ratings",
          "Description": "This product offers unmatched performance and reliability. Its ergonomic design makes it easy to use and handle. This item has received rave reviews from customers worldwide."
        },
        {
          "Feature": "Power Source",
          "Description": "Designed with the latest technology, it ensures top-notch quality. This item has received rave reviews from customers worldwide. Perfect for everyday use, it provides excellent value for money."
        },
        {
          "Feature": "User Ratings",
          "Description": "This product offers unmatched performance and reliability. Perfect for everyday use, it provides excellent value for money. Available in various sizes and colors to suit your needs."
        },
        {
          "Feature": "Material",
          "Description": "Its ergonomic design makes it easy to use and handle. Crafted with premium materials, it is built to last. Perfect for everyday use, it provides excellent value for money."
        }
      ]
    },
    "content2": []
  },
  {
    "pagebreak": "pagebreak"
  },
  {
    "pagenum": 19,
    "content1": [
      "Product 19\n",
      "Compact Item\n",
      "Designed with the latest technology, it ensures top-notch quality. Crafted with premium \n",
      "materials, it is built to last. This product offers unmatched performance and reliability.\n"
    ],
    "table": {
      "columns": [
        "Feature",
        "Description"
      ],
      "rows": [
        {
          "Feature": "User Ratings",
          "Description": "This product offers unmatched performance and reliability. Its ergonomic design makes it easy to use and handle. This item has received rave reviews from customers worldwide."
        },
        {
          "Feature": "Power Source",
          "Description": "Designed with the latest technology, it ensures top-notch quality. This item has received rave reviews from customers worldwide. Perfect for everyday use, it provides excellent value for money."
        },
        {
          "Feature": "User Ratings",
          "Description": "This product offers unmatched performance and reliability. Perfect for everyday use, it provides excellent value for money. Available in various sizes and colors to suit your needs."
        },
        {
          "Feature": "Material",
          "Description": "Its ergonomic design makes it easy to use and handle. Crafted with premium materials, it is built to last. Perfect for everyday use, it provides excellent value for money."
        }
      ]
    },
    "content2": []
  },
  {
    "pagebreak": "pagebreak"
  },
  {
    "pagenum": 20,
    "content1": [
      "Product 20\n",
      "Durable Item\n",
      "Designed with the latest technology, it ensures top-notch quality. This product offers \n",
      "unmatched performance and reliability. Available in various sizes and colors to suit your \n",
      "needs.\n"
    ],
    "table": {
      "columns": [
        "Feature",
        "Description"
      ],
      "rows": [
        {
          "Feature": "User Ratings",
          "Description": "This product offers unmatched performance and reliability. Its ergonomic design makes it easy to use and handle. This item has received rave reviews from customers worldwide."
        },
        {
          "Feature": "Power Source",
          "Description": "Designed with the latest technology, it ensures top-notch quality. This item has received rave reviews from customers worldwide. Perfect for everyday use, it provides excellent value for money."
        },
        {
          "Feature": "User Ratings",
          "Description": "This product offers unmatched performance and reliability. Perfect for everyday use, it provides excellent value for money. Available in various sizes and colors to suit your needs."
        },
        {
          "Feature": "Material",
          "Description": "Its ergonomic design makes it easy to use and handle. Crafted with premium materials, it is built to last. Perfect for everyday use, it provides excellent value for money."
        }
      ]
    },
    "content2": []
  },
  {
    "pagebreak": "pagebreak"
  },
  {
    "pagenum": 21,
    "content1": [
      "Product 21\n",
      "Stylish Gadget\n",
      "Available in various sizes and colors to suit your needs. Crafted with premium materials, it \n",
      "is built to last. Perfect for everyday use, it provides excellent value for money.\n"
    ],
    "table": {
      "columns": [
        "Feature",
        "Description"
      ],
      "rows": [
        {
          "Feature": "User Ratings",
          "Description": "This product offers unmatched performance and reliability. Its ergonomic design makes it easy to use and handle. This item has received rave reviews from customers worldwide."
        },
        {
          "Feature": "Power Source",
          "Description": "Designed with the latest technology, it ensures top-notch quality. This item has received rave reviews from customers worldwide. Perfect for everyday use, it provides excellent value for money."
        },
        {
          "Feature": "User Ratings",
          "Description": "This product offers unmatched performance and reliability. Perfect for everyday use, it provides excellent value for money. Available in various sizes and colors to suit your needs."
        },
        {
          "Feature": "Material",
          "Description": "Its ergonomic design makes it easy to use and handle. Crafted with premium materials, it is built to last. Perfect for everyday use, it provides excellent value for money."
        }
      ]
    },
    "content2": []
  },
  {
    "pagebreak": "pagebreak"
  },
  {
    "pagenum": 22,
    "content1": [
      "Product 22\n",
      "Amazing Accessory\n",
      "It is environmentally friendly and energy-efficient. Its ergonomic design makes it easy to \n",
      "use and handle. Designed with the latest technology, it ensures top-notch quality.\n"
    ],
    "table": {
      "columns": [
        "Feature",
        "Description"
      ],
      "rows": [
        {
          "Feature": "User Ratings",
          "Description": "This product offers unmatched performance and reliability. Its ergonomic design makes it easy to use and handle. This item has received rave reviews from customers worldwide."
        },
        {
          "Feature": "Power Source",
          "Description": "Designed with the latest technology, it ensures top-notch quality. This item has received rave reviews from customers worldwide. Perfect for everyday use, it provides excellent value for money."
        },
        {
          "Feature": "User Ratings",
          "Description": "This product offers unmatched performance and reliability. Perfect for everyday use, it provides excellent value for money. Available in various sizes and colors to suit your needs."
        },
        {
          "Feature": "Material",
          "Description": "Its ergonomic design makes it easy to use and handle. Crafted with premium materials, it is built to last. Perfect for everyday use, it provides excellent value for money."
        }
      ]
    },
    "content2": []
  },
  {
    "pagebreak": "pagebreak"
  },
  {
    "pagenum": 23,
    "content1": [
      "Product 23\n",
      "Compact Instrument\n",
      "Crafted with premium materials, it is built to last. This item has received rave reviews from \n",
      "customers worldwide. It is environmentally friendly and energy-efficient.\n"
    ],
    "table": {
      "columns": [
        "Feature",
        "Description"
      ],
      "rows": [
        {
          "Feature": "User Ratings",
          "Description": "This product offers unmatched performance and reliability. Its ergonomic design makes it easy to use and handle. This item has received rave reviews from customers worldwide."
        },
        {
          "Feature": "Power Source",
          "Description": "Designed with the latest technology, it ensures top-notch quality. This item has received rave reviews from customers worldwide. Perfect for everyday use, it provides excellent value for money."
        },
        {
          "Feature": "User Ratings",
          "Description": "This product offers unmatched performance and reliability. Perfect for everyday use, it provides excellent value for money. Available in various sizes and colors to suit your needs."
        },
        {
          "Feature": "Material",
          "Description": "Its ergonomic design makes it easy to use and handle. Crafted with premium materials, it is built to last. Perfect for everyday use, it provides excellent value for money."
        }
      ]
    },
    "content2": []
  },
  {
    "pagebreak": "pagebreak"
  },
  {
    "pagenum": 24,
    "content1": [
      "Product 24\n",
      "Amazing Instrument\n",
      "This item has received rave reviews from customers worldwide. Available in various sizes \n",
      "and colors to suit your needs. Designed with the latest technology, it ensures top-notch \n",
      "quality.\n"
    ],
    "table": {
      "columns": [
        "Feature",
        "Description"
      ],
      "rows": [
        {
          "Feature": "User Ratings",
          "Description": "This product offers unmatched performance and reliability. Its ergonomic design makes it easy to use and handle. This item has received rave reviews from customers worldwide."
        },
        {
          "Feature": "Power Source",
          "Description": "Designed with the latest technology, it ensures top-notch quality. This item has received rave reviews from customers worldwide. Perfect for everyday use, it provides excellent value for money."
        },
        {
          "Feature": "User Ratings",
          "Description": "This product offers unmatched performance and reliability. Perfect for everyday use, it provides excellent value for money. Available in various sizes and colors to suit your needs."
        },
        {
          "Feature": "Material",
          "Description": "Its ergonomic design makes it easy to use and handle. Crafted with premium materials, it is built to last. Perfect for everyday use, it provides excellent value for money."
        }
      ]
    },
    "content2": []
  },
  {
    "pagebreak": "pagebreak"
  },
  {
    "pagenum": 25,
    "content1": [
      "Product 25\n",
      "Incredible Appliance\n",
      "Its ergonomic design makes it easy to use and handle. Available in various sizes and colors \n",
      "to suit your needs. This item has received rave reviews from customers worldwide.\n"
    ],
    "table": {
      "columns": [
        "Feature",
        "Description"
      ],
      "rows": [
        {
          "Feature": "User Ratings",
          "Description": "This product offers unmatched performance and reliability. Its ergonomic design makes it easy to use and handle. This item has received rave reviews from customers worldwide."
        },
        {
          "Feature": "Power Source",
          "Description": "Designed with the latest technology, it ensures top-notch quality. This item has received rave reviews from customers worldwide. Perfect for everyday use, it provides excellent value for money."
        },
        {
          "Feature": "User Ratings",
          "Description": "This product offers unmatched performance and reliability. Perfect for everyday use, it provides excellent value for money. Available in various sizes and colors to suit your needs."
        },
        {
          "Feature": "Material",
          "Description": "Its ergonomic design makes it easy to use and handle. Crafted with premium materials, it is built to last. Perfect for everyday use, it provides excellent value for money."
        }
      ]
    },
    "content2": []
  },
  {
    "pagebreak": "pagebreak"
  },
  {
    "pagenum": 26,
    "content1": [
      "Product 26\n",
      "Stylish Instrument\n",
      "Available in various sizes and colors to suit your needs. Designed with the latest technology, \n",
      "it ensures top-notch quality. Perfect for everyday use, it provides excellent value for money.\n"
    ],
    "table": {
      "columns": [
        "Feature",
        "Description"
      ],
      "rows": [
        {
          "Feature": "User Ratings",
          "Description": "This product offers unmatched performance and reliability. Its ergonomic design makes it easy to use and handle. This item has received rave reviews from customers worldwide."
        },
        {
          "Feature": "Power Source",
          "Description": "Designed with the latest technology, it ensures top-notch quality. This item has received rave reviews from customers worldwide. Perfect for everyday use, it provides excellent value for money."
        },
        {
          "Feature": "User Ratings",
          "Description": "This product offers unmatched performance and reliability. Perfect for everyday use, it provides excellent value for money. Available in various sizes and colors to suit your needs."
        },
        {
          "Feature": "Material",
          "Description": "Its ergonomic design makes it easy to use and handle. Crafted with premium materials, it is built to last. Perfect for everyday use, it provides excellent value for money."
        }
      ]
    },
    "content2": []
  },
  {
    "pagebreak": "pagebreak"
  },
  {
    "pagenum": 27,
    "content1": [
      "Product 27\n",
      "Incredible Instrument\n",
      "Crafted with premium materials, it is built to last. This item has received rave reviews from \n",
      "customers worldwide. This product offers unmatched performance and reliability.\n"
    ],
    "table": {
      "columns": [
        "Feature",
        "Description"
      ],
      "rows": [
        {
          "Feature": "User Ratings",
          "Description": "This product offers unmatched performance and reliability. Its ergonomic design makes it easy to use and handle. This item has received rave reviews from customers worldwide."
        },
        {
          "Feature": "Power Source",
          "Description": "Designed with the latest technology, it ensures top-notch quality. This item has received rave reviews from customers worldwide. Perfect for everyday use, it provides excellent value for money."
        },
        {
          "Feature": "User Ratings",
          "Description": "This product offers unmatched performance and reliability. Perfect for everyday use, it provides excellent value for money. Available in various sizes and colors to suit your needs."
        },
        {
          "Feature": "Material",
          "Description": "Its ergonomic design makes it easy to use and handle. Crafted with premium materials, it is built to last. Perfect for everyday use, it provides excellent value for money."
        }
      ]
    },
    "content2": []
  },
  {
    "pagebreak": "pagebreak"
  },
  {
    "pagenum": 28,
    "content1": [
      "Product 28\n",
      "Durable Appliance\n",
      "Available in various sizes and colors to suit your needs. This item has received rave reviews \n",
      "from customers worldwide. It is environmentally friendly and energy-efficient.\n"
    ],
    "table": {
      "columns": [
        "Feature",
        "Description"
      ],
      "rows": [
        {
          "Feature": "User Ratings",
          "Description": "This product offers unmatched performance and reliability. Its ergonomic design makes it easy to use and handle. This item has received rave reviews from customers worldwide."
        },
        {
          "Feature": "Power Source",
          "Description": "Designed with the latest technology, it ensures top-notch quality. This item has received rave reviews from customers worldwide. Perfect for everyday use, it provides excellent value for money."
        },
        {
          "Feature": "User Ratings",
          "Description": "This product offers unmatched performance and reliability. Perfect for everyday use, it provides excellent value for money. Available in various sizes and colors to suit your needs."
        },
        {
          "Feature": "Material",
          "Description": "Its ergonomic design makes it easy to use and handle. Crafted with premium materials, it is built to last. Perfect for everyday use, it provides excellent value for money."
        }
      ]
    },
    "content2": [
      "efficient.\n",
      "is environmentally friendly and energy-\n",
      "technology, it ensures top-notch quality. It \n",
      "and handle. Designed with the latest \n",
      "Its ergonomic design makes it easy to use \n",
      "Warranty\n",
      "excellent value for money.\n",
      "Perfect for everyday use, it provides \n",
      "technology, it ensures top-notch quality. \n",
      "and handle. Designed with the latest \n",
      "Its ergonomic design makes it easy to use \n",
      "Warranty\n",
      "handle.\n",
      "ergonomic design makes it easy to use and \n",
      "provides excellent value for money. Its \n",
      "your needs. Perfect for everyday use, it \n",
      "Available in various sizes and colors to suit \n",
      "Material\n",
      "to last.\n",
      "Crafted with premium materials, it is built \n",
      "unmatched performance and reliability. \n",
      "customers worldwide. This product offers \n",
      "This item has received rave reviews from \n",
      "Price\n",
      "Description\n",
      "Feature\n"
    ]
  },
  {
    "pagebreak": "pagebreak"
  },
  {
    "pagenum": 29,
    "content1": [
      "Product 29\n",
      "Compact Equipment\n",
      "Crafted with premium materials, it is built to last. It is environmentally friendly and energy-\n",
      "efficient. Perfect for everyday use, it provides excellent value for money.\n"
    ],
    "table": {
      "columns": [
        "Feature",
        "Description"
      ],
      "rows": [
        {
          "Feature": "User Ratings",
          "Description": "This product offers unmatched performance and reliability. Its ergonomic design makes it easy to use and handle. This item has received rave reviews from customers worldwide."
        },
        {
          "Feature": "Power Source",
          "Description": "Designed with the latest technology, it ensures top-notch quality. This item has received rave reviews from customers worldwide. Perfect for everyday use, it provides excellent value for money."
        },
        {
          "Feature": "User Ratings",
          "Description": "This product offers unmatched performance and reliability. Perfect for everyday use, it provides excellent value for money. Available in various sizes and colors to suit your needs."
        },
        {
          "Feature": "Material",
          "Description": "Its ergonomic design makes it easy to use and handle. Crafted with premium materials, it is built to last. Perfect for everyday use, it provides excellent value for money."
        }
      ]
    },
    "content2": []
  },
  {
    "pagebreak": "pagebreak"
  },
  {
    "pagenum": 30,
    "content1": [
      "Product 30\n",
      "Eco-friendly Item\n",
      "Crafted with premium materials, it is built to last. This item has received rave reviews from \n",
      "customers worldwide. Perfect for everyday use, it provides excellent value for money.\n"
    ],
    "table": {
      "columns": [
        "Feature",
        "Description"
      ],
      "rows": [
        {
          "Feature": "User Ratings",
          "Description": "This product offers unmatched performance and reliability. Its ergonomic design makes it easy to use and handle. This item has received rave reviews from customers worldwide."
        },
        {
          "Feature": "Power Source",
          "Description": "Designed with the latest technology, it ensures top-notch quality. This item has received rave reviews from customers worldwide. Perfect for everyday use, it provides excellent value for money."
        },
        {
          "Feature": "User Ratings",
          "Description": "This product offers unmatched performance and reliability. Perfect for everyday use, it provides excellent value for money. Available in various sizes and colors to suit your needs."
        },
        {
          "Feature": "Material",
          "Description": "Its ergonomic design makes it easy to use and handle. Crafted with premium materials, it is built to last. Perfect for everyday use, it provides excellent value for money."
        }
      ]
    },
    "content2": []
  },
  {
    "pagebreak": "pagebreak"
  },
  {
    "pagenum": 31,
    "content1": [
      "Product 31\n",
      "Stylish Accessory\n",
      "Crafted with premium materials, it is built to last. It is environmentally friendly and energy-\n",
      "efficient. Available in various sizes and colors to suit your needs.\n"
    ],
    "table": {
      "columns": [
        "Feature",
        "Description"
      ],
      "rows": [
        {
          "Feature": "User Ratings",
          "Description": "This product offers unmatched performance and reliability. Its ergonomic design makes it easy to use and handle. This item has received rave reviews from customers worldwide."
        },
        {
          "Feature": "Power Source",
          "Description": "Designed with the latest technology, it ensures top-notch quality. This item has received rave reviews from customers worldwide. Perfect for everyday use, it provides excellent value for money."
        },
        {
          "Feature": "User Ratings",
          "Description": "This product offers unmatched performance and reliability. Perfect for everyday use, it provides excellent value for money. Available in various sizes and colors to suit your needs."
        },
        {
          "Feature": "Material",
          "Description": "Its ergonomic design makes it easy to use and handle. Crafted with premium materials, it is built to last. Perfect for everyday use, it provides excellent value for money."
        }
      ]
    },
    "content2": []
  },
  {
    "pagebreak": "pagebreak"
  },
  {
    "pagenum": 32,
    "content1": [
      "Product 32\n",
      "Stylish Instrument\n",
      "Its ergonomic design makes it easy to use and handle. Crafted with premium materials, it is \n",
      "built to last. This product offers unmatched performance and reliability.\n"
    ],
    "table": {
      "columns": [
        "Feature",
        "Description"
      ],
      "rows": [
        {
          "Feature": "User Ratings",
          "Description": "This product offers unmatched performance and reliability. Its ergonomic design makes it easy to use and handle. This item has received rave reviews from customers worldwide."
        },
        {
          "Feature": "Power Source",
          "Description": "Designed with the latest technology, it ensures top-notch quality. This item has received rave reviews from customers worldwide. Perfect for everyday use, it provides excellent value for money."
        },
        {
          "Feature": "User Ratings",
          "Description": "This product offers unmatched performance and reliability. Perfect for everyday use, it provides excellent value for money. Available in various sizes and colors to suit your needs."
        },
        {
          "Feature": "Material",
          "Description": "Its ergonomic design makes it easy to use and handle. Crafted with premium materials, it is built to last. Perfect for everyday use, it provides excellent value for money."
        }
      ]
    },
    "content2": []
  },
  {
    "pagebreak": "pagebreak"
  },
  {
    "pagenum": 33,
    "content1": [
      "Product 33\n",
      "Fantastic Gadget\n",
      "Available in various sizes and colors to suit your needs. This product offers unmatched \n",
      "performance and reliability. Crafted with premium materials, it is built to last.\n"
    ],
    "table": {
      "columns": [
        "Feature",
        "Description"
      ],
      "rows": [
        {
          "Feature": "User Ratings",
          "Description": "This product offers unmatched performance and reliability. Its ergonomic design makes it easy to use and handle. This item has received rave reviews from customers worldwide."
        },
        {
          "Feature": "Power Source",
          "Description": "Designed with the latest technology, it ensures top-notch quality. This item has received rave reviews from customers worldwide. Perfect for everyday use, it provides excellent value for money."
        },
        {
          "Feature": "User Ratings",
          "Description": "This product offers unmatched performance and reliability. Perfect for everyday use, it provides excellent value for money. Available in various sizes and colors to suit your needs."
        },
        {
          "Feature": "Material",
          "Description": "Its ergonomic design makes it easy to use and handle. Crafted with premium materials, it is built to last. Perfect for everyday use, it provides excellent value for money."
        }
      ]
    },
    "content2": []
  },
  {
    "pagebreak": "pagebreak"
  },
  {
    "pagenum": 34,
    "content1": [
      "Product 34\n",
      "Incredible Tool\n",
      "Crafted with premium materials, it is built to last. Its ergonomic design makes it easy to use \n",
      "and handle. This item has received rave reviews from customers worldwide.\n"
    ],
    "table": {
      "columns": [
        "Feature",
        "Description"
      ],
      "rows": [
        {
          "Feature": "User Ratings",
          "Description": "This product offers unmatched performance and reliability. Its ergonomic design makes it easy to use and handle. This item has received rave reviews from customers worldwide."
        },
        {
          "Feature": "Power Source",
          "Description": "Designed with the latest technology, it ensures top-notch quality. This item has received rave reviews from customers worldwide. Perfect for everyday use, it provides excellent value for money."
        },
        {
          "Feature": "User Ratings",
          "Description": "This product offers unmatched performance and reliability. Perfect for everyday use, it provides excellent value for money. Available in various sizes and colors to suit your needs."
        },
        {
          "Feature": "Material",
          "Description": "Its ergonomic design makes it easy to use and handle. Crafted with premium materials, it is built to last. Perfect for everyday use, it provides excellent value for money."
        }
      ]
    },
    "content2": []
  },
  {
    "pagebreak": "pagebreak"
  },
  {
    "pagenum": 35,
    "content1": [
      "Product 35\n",
      "Fantastic Tool\n",
      "It is environmentally friendly and energy-efficient. This product offers unmatched \n",
      "performance and reliability. Available in various sizes and colors to suit your needs.\n"
    ],
    "table": {
      "columns": [
        "Feature",
        "Description"
      ],
      "rows": [
        {
          "Feature": "User Ratings",
          "Description": "This product offers unmatched performance and reliability. Its ergonomic design makes it easy to use and handle. This item has received rave reviews from customers worldwide."
        },
        {
          "Feature": "Power Source",
          "Description": "Designed with the latest technology, it ensures top-notch quality. This item has received rave reviews from customers worldwide. Perfect for everyday use, it provides excellent value for money."
        },
        {
          "Feature": "User Ratings",
          "Description": "This product offers unmatched performance and reliability. Perfect for everyday use, it provides excellent value for money. Available in various sizes and colors to suit your needs."
        },
        {
          "Feature": "Material",
          "Description": "Its ergonomic design makes it easy to use and handle. Crafted with premium materials, it is built to last. Perfect for everyday use, it provides excellent value for money."
        }
      ]
    },
    "content2": []
  },
  {
    "pagebreak": "pagebreak"
  },
  {
    "pagenum": 36,
    "content1": [
      "Product 36\n",
      "Amazing Item\n",
      "Perfect for everyday use, it provides excellent value for money. Designed with the latest \n",
      "technology, it ensures top-notch quality. Available in various sizes and colors to suit your \n",
      "needs.\n"
    ],
    "table": {
      "columns": [
        "Feature",
        "Description"
      ],
      "rows": [
        {
          "Feature": "User Ratings",
          "Description": "This product offers unmatched performance and reliability. Its ergonomic design makes it easy to use and handle. This item has received rave reviews from customers worldwide."
        },
        {
          "Feature": "Power Source",
          "Description": "Designed with the latest technology, it ensures top-notch quality. This item has received rave reviews from customers worldwide. Perfect for everyday use, it provides excellent value for money."
        },
        {
          "Feature": "User Ratings",
          "Description": "This product offers unmatched performance and reliability. Perfect for everyday use, it provides excellent value for money. Available in various sizes and colors to suit your needs."
        },
        {
          "Feature": "Material",
          "Description": "Its ergonomic design makes it easy to use and handle. Crafted with premium materials, it is built to last. Perfect for everyday use, it provides excellent value for money."
        }
      ]
    },
    "content2": []
  },
  {
    "pagebreak": "pagebreak"
  },
  {
    "pagenum": 37,
    "content1": [
      "Product 37\n",
      "Innovative Item\n",
      "Available in various sizes and colors to suit your needs. This item has received rave reviews \n",
      "from customers worldwide. It is environmentally friendly and energy-efficient.\n"
    ],
    "table": {
      "columns": [
        "Feature",
        "Description"
      ],
      "rows": [
        {
          "Feature": "User Ratings",
          "Description": "This product offers unmatched performance and reliability. Its ergonomic design makes it easy to use and handle. This item has received rave reviews from customers worldwide."
        },
        {
          "Feature": "Power Source",
          "Description": "Designed with the latest technology, it ensures top-notch quality. This item has received rave reviews from customers worldwide. Perfect for everyday use, it provides excellent value for money."
        },
        {
          "Feature": "User Ratings",
          "Description": "This product offers unmatched performance and reliability. Perfect for everyday use, it provides excellent value for money. Available in various sizes and colors to suit your needs."
        },
        {
          "Feature": "Material",
          "Description": "Its ergonomic design makes it easy to use and handle. Crafted with premium materials, it is built to last. Perfect for everyday use, it provides excellent value for money."
        }
      ]
    },
    "content2": []
  },
  {
    "pagebreak": "pagebreak"
  },
  {
    "pagenum": 38,
    "content1": [
      "Product 38\n",
      "Eco-friendly Item\n",
      "Available in various sizes and colors to suit your needs. This product offers unmatched \n",
      "performance and reliability. It is environmentally friendly and energy-efficient.\n"
    ],
    "table": {
      "columns": [
        "Feature",
        "Description"
      ],
      "rows": [
        {
          "Feature": "User Ratings",
          "Description": "This product offers unmatched performance and reliability. Its ergonomic design makes it easy to use and handle. This item has received rave reviews from customers worldwide."
        },
        {
          "Feature": "Power Source",
          "Description": "Designed with the latest technology, it ensures top-notch quality. This item has received rave reviews from customers worldwide. Perfect for everyday use, it provides excellent value for money."
        },
        {
          "Feature": "User Ratings",
          "Description": "This product offers unmatched performance and reliability. Perfect for everyday use, it provides excellent value for money. Available in various sizes and colors to suit your needs."
        },
        {
          "Feature": "Material",
          "Description": "Its ergonomic design makes it easy to use and handle. Crafted with premium materials, it is built to last. Perfect for everyday use, it provides excellent value for money."
        }
      ]
    },
    "content2": []
  },
  {
    "pagebreak": "pagebreak"
  },
  {
    "pagenum": 39,
    "content1": [
      "Product 39\n",
      "Stylish Gadget\n",
      "Designed with the latest technology, it ensures top-notch quality. This product offers \n",
      "unmatched performance and reliability. It is environmentally friendly and energy-efficient.\n"
    ],
    "table": {
      "columns": [
        "Feature",
        "Description"
      ],
      "rows": [
        {
          "Feature": "User Ratings",
          "Description": "This product offers unmatched performance and reliability. Its ergonomic design makes it easy to use and handle. This item has received rave reviews from customers worldwide."
        },
        {
          "Feature": "Power Source",
          "Description": "Designed with the latest technology, it ensures top-notch quality. This item has received rave reviews from customers worldwide. Perfect for everyday use, it provides excellent value for money."
        },
        {
          "Feature": "User Ratings",
          "Description": "This product offers unmatched performance and reliability. Perfect for everyday use, it provides excellent value for money. Available in various sizes and colors to suit your needs."
        },
        {
          "Feature": "Material",
          "Description": "Its ergonomic design makes it easy to use and handle. Crafted with premium materials, it is built to last. Perfect for everyday use, it provides excellent value for money."
        }
      ]
    },
    "content2": []
  },
  {
    "pagebreak": "pagebreak"
  },
  {
    "pagenum": 40,
    "content1": [
      "Product 40\n",
      "Stylish Gadget\n",
      "Its ergonomic design makes it easy to use and handle. Crafted with premium materials, it is \n",
      "built to last. This product offers unmatched performance and reliability.\n"
    ],
    "table": {
      "columns": [
        "Feature",
        "Description"
      ],
      "rows": [
        {
          "Feature": "User Ratings",
          "Description": "This product offers unmatched performance and reliability. Its ergonomic design makes it easy to use and handle. This item has received rave reviews from customers worldwide."
        },
        {
          "Feature": "Power Source",
          "Description": "Designed with the latest technology, it ensures top-notch quality. This item has received rave reviews from customers worldwide. Perfect for everyday use, it provides excellent value for money."
        },
        {
          "Feature": "User Ratings",
          "Description": "This product offers unmatched performance and reliability. Perfect for everyday use, it provides excellent value for money. Available in various sizes and colors to suit your needs."
        },
        {
          "Feature": "Material",
          "Description": "Its ergonomic design makes it easy to use and handle. Crafted with premium materials, it is built to last. Perfect for everyday use, it provides excellent value for money."
        }
      ]
    },
    "content2": []
  },
  {
    "pagebreak": "pagebreak"
  },
  {
    "pagenum": 41,
    "content1": [
      "Product 41\n",
      "Amazing Device\n",
      "Perfect for everyday use, it provides excellent value for money. It is environmentally \n",
      "friendly and energy-efficient. This product offers unmatched performance and reliability.\n"
    ],
    "table": {
      "columns": [
        "Feature",
        "Description"
      ],
      "rows": [
        {
          "Feature": "User Ratings",
          "Description": "This product offers unmatched performance and reliability. Its ergonomic design makes it easy to use and handle. This item has received rave reviews from customers worldwide."
        },
        {
          "Feature": "Power Source",
          "Description": "Designed with the latest technology, it ensures top-notch quality. This item has received rave reviews from customers worldwide. Perfect for everyday use, it provides excellent value for money."
        },
        {
          "Feature": "User Ratings",
          "Description": "This product offers unmatched performance and reliability. Perfect for everyday use, it provides excellent value for money. Available in various sizes and colors to suit your needs."
        },
        {
          "Feature": "Material",
          "Description": "Its ergonomic design makes it easy to use and handle. Crafted with premium materials, it is built to last. Perfect for everyday use, it provides excellent value for money."
        }
      ]
    },
    "content2": []
  },
  {
    "pagebreak": "pagebreak"
  },
  {
    "pagenum": 42,
    "content1": [
      "Product 42\n",
      "Compact Device\n",
      "Designed with the latest technology, it ensures top-notch quality. It is environmentally \n",
      "friendly and energy-efficient. Crafted with premium materials, it is built to last.\n"
    ],
    "table": {
      "columns": [
        "Feature",
        "Description"
      ],
      "rows": [
        {
          "Feature": "User Ratings",
          "Description": "This product offers unmatched performance and reliability. Its ergonomic design makes it easy to use and handle. This item has received rave reviews from customers worldwide."
        },
        {
          "Feature": "Power Source",
          "Description": "Designed with the latest technology, it ensures top-notch quality. This item has received rave reviews from customers worldwide. Perfect for everyday use, it provides excellent value for money."
        },
        {
          "Feature": "User Ratings",
          "Description": "This product offers unmatched performance and reliability. Perfect for everyday use, it provides excellent value for money. Available in various sizes and colors to suit your needs."
        },
        {
          "Feature": "Material",
          "Description": "Its ergonomic design makes it easy to use and handle. Crafted with premium materials, it is built to last. Perfect for everyday use, it provides excellent value for money."
        }
      ]
    },
    "content2": []
  },
  {
    "pagebreak": "pagebreak"
  },
  {
    "pagenum": 43,
    "content1": [
      "Product 43\n",
      "Stylish Device\n",
      "It is environmentally friendly and energy-efficient. Perfect for everyday use, it provides \n",
      "excellent value for money. This product offers unmatched performance and reliability.\n"
    ],
    "table": {
      "columns": [
        "Feature",
        "Description"
      ],
      "rows": [
        {
          "Feature": "User Ratings",
          "Description": "This product offers unmatched performance and reliability. Its ergonomic design makes it easy to use and handle. This item has received rave reviews from customers worldwide."
        },
        {
          "Feature": "Power Source",
          "Description": "Designed with the latest technology, it ensures top-notch quality. This item has received rave reviews from customers worldwide. Perfect for everyday use, it provides excellent value for money."
        },
        {
          "Feature": "User Ratings",
          "Description": "This product offers unmatched performance and reliability. Perfect for everyday use, it provides excellent value for money. Available in various sizes and colors to suit your needs."
        },
        {
          "Feature": "Material",
          "Description": "Its ergonomic design makes it easy to use and handle. Crafted with premium materials, it is built to last. Perfect for everyday use, it provides excellent value for money."
        }
      ]
    },
    "content2": []
  },
  {
    "pagebreak": "pagebreak"
  },
  {
    "pagenum": 44,
    "content1": [
      "Product 44\n",
      "Eco-friendly Accessory\n",
      "Perfect for everyday use, it provides excellent value for money. This item has received rave \n",
      "reviews from customers worldwide. Designed with the latest technology, it ensures top-\n",
      "notch quality.\n"
    ],
    "table": {
      "columns": [
        "Feature",
        "Description"
      ],
      "rows": [
        {
          "Feature": "User Ratings",
          "Description": "This product offers unmatched performance and reliability. Its ergonomic design makes it easy to use and handle. This item has received rave reviews from customers worldwide."
        },
        {
          "Feature": "Power Source",
          "Description": "Designed with the latest technology, it ensures top-notch quality. This item has received rave reviews from customers worldwide. Perfect for everyday use, it provides excellent value for money."
        },
        {
          "Feature": "User Ratings",
          "Description": "This product offers unmatched performance and reliability. Perfect for everyday use, it provides excellent value for money. Available in various sizes and colors to suit your needs."
        },
        {
          "Feature": "Material",
          "Description": "Its ergonomic design makes it easy to use and handle. Crafted with premium materials, it is built to last. Perfect for everyday use, it provides excellent value for money."
        }
      ]
    },
    "content2": []
  },
  {
    "pagebreak": "pagebreak"
  },
  {
    "pagenum": 45,
    "content1": [
      "Product 45\n",
      "Stylish Instrument\n",
      "Designed with the latest technology, it ensures top-notch quality. Available in various sizes \n",
      "and colors to suit your needs. Its ergonomic design makes it easy to use and handle.\n"
    ],
    "table": {
      "columns": [
        "Feature",
        "Description"
      ],
      "rows": [
        {
          "Feature": "User Ratings",
          "Description": "This product offers unmatched performance and reliability. Its ergonomic design makes it easy to use and handle. This item has received rave reviews from customers worldwide."
        },
        {
          "Feature": "Power Source",
          "Description": "Designed with the latest technology, it ensures top-notch quality. This item has received rave reviews from customers worldwide. Perfect for everyday use, it provides excellent value for money."
        },
        {
          "Feature": "User Ratings",
          "Description": "This product offers unmatched performance and reliability. Perfect for everyday use, it provides excellent value for money. Available in various sizes and colors to suit your needs."
        },
        {
          "Feature": "Material",
          "Description": "Its ergonomic design makes it easy to use and handle. Crafted with premium materials, it is built to last. Perfect for everyday use, it provides excellent value for money."
        }
      ]
    },
    "content2": [
      "efficient.\n",
      "is environmentally friendly and energy-\n",
      "technology, it ensures top-notch quality. It \n",
      "your needs. Designed with the latest \n",
      "Available in various sizes and colors to suit \n",
      "Availability\n",
      "design makes it easy to use and handle.\n",
      "from customers worldwide. Its ergonomic \n",
      "to last. This item has received rave reviews \n",
      "Crafted with premium materials, it is built \n",
      "Power Source\n"
    ]
  },
  {
    "pagebreak": "pagebreak"
  },
  {
    "pagenum": 46,
    "content1": [
      "Product 46\n",
      "Amazing Equipment\n",
      "Perfect for everyday use, it provides excellent value for money. Available in various sizes \n",
      "and colors to suit your needs. It is environmentally friendly and energy-efficient.\n"
    ],
    "table": {
      "columns": [
        "Feature",
        "Description"
      ],
      "rows": [
        {
          "Feature": "User Ratings",
          "Description": "This product offers unmatched performance and reliability. Its ergonomic design makes it easy to use and handle. This item has received rave reviews from customers worldwide."
        },
        {
          "Feature": "Power Source",
          "Description": "Designed with the latest technology, it ensures top-notch quality. This item has received rave reviews from customers worldwide. Perfect for everyday use, it provides excellent value for money."
        },
        {
          "Feature": "User Ratings",
          "Description": "This product offers unmatched performance and reliability. Perfect for everyday use, it provides excellent value for money. Available in various sizes and colors to suit your needs."
        },
        {
          "Feature": "Material",
          "Description": "Its ergonomic design makes it easy to use and handle. Crafted with premium materials, it is built to last. Perfect for everyday use, it provides excellent value for money."
        }
      ]
    },
    "content2": []
  },
  {
    "pagebreak": "pagebreak"
  },
  {
    "pagenum": 47,
    "content1": [
      "Product 47\n",
      "Incredible Equipment\n",
      "This product offers unmatched performance and reliability. It is environmentally friendly \n",
      "and energy-efficient. Perfect for everyday use, it provides excellent value for money.\n"
    ],
    "table": {
      "columns": [
        "Feature",
        "Description"
      ],
      "rows": [
        {
          "Feature": "User Ratings",
          "Description": "This product offers unmatched performance and reliability. Its ergonomic design makes it easy to use and handle. This item has received rave reviews from customers worldwide."
        },
        {
          "Feature": "Power Source",
          "Description": "Designed with the latest technology, it ensures top-notch quality. This item has received rave reviews from customers worldwide. Perfect for everyday use, it provides excellent value for money."
        },
        {
          "Feature": "User Ratings",
          "Description": "This product offers unmatched performance and reliability. Perfect for everyday use, it provides excellent value for money. Available in various sizes and colors to suit your needs."
        },
        {
          "Feature": "Material",
          "Description": "Its ergonomic design makes it easy to use and handle. Crafted with premium materials, it is built to last. Perfect for everyday use, it provides excellent value for money."
        }
      ]
    },
    "content2": []
  },
  {
    "pagebreak": "pagebreak"
  },
  {
    "pagenum": 48,
    "content1": [
      "Product 48\n",
      "Compact Appliance\n",
      "Crafted with premium materials, it is built to last. Designed with the latest technology, it \n",
      "ensures top-notch quality. Its ergonomic design makes it easy to use and handle.\n"
    ],
    "table": {
      "columns": [
        "Feature",
        "Description"
      ],
      "rows": [
        {
          "Feature": "User Ratings",
          "Description": "This product offers unmatched performance and reliability. Its ergonomic design makes it easy to use and handle. This item has received rave reviews from customers worldwide."
        },
        {
          "Feature": "Power Source",
          "Description": "Designed with the latest technology, it ensures top-notch quality. This item has received rave reviews from customers worldwide. Perfect for everyday use, it provides excellent value for money."
        },
        {
          "Feature": "User Ratings",
          "Description": "This product offers unmatched performance and reliability. Perfect for everyday use, it provides excellent value for money. Available in various sizes and colors to suit your needs."
        },
        {
          "Feature": "Material",
          "Description": "Its ergonomic design makes it easy to use and handle. Crafted with premium materials, it is built to last. Perfect for everyday use, it provides excellent value for money."
        }
      ]
    },
    "content2": []
  },
  {
    "pagebreak": "pagebreak"
  },
  {
    "pagenum": 49,
    "content1": [
      "Product 49\n",
      "Stylish Gadget\n",
      "Designed with the latest technology, it ensures top-notch quality. This product offers \n",
      "unmatched performance and reliability. Crafted with premium materials, it is built to last.\n"
    ],
    "table": {
      "columns": [
        "Feature",
        "Description"
      ],
      "rows": [
        {
          "Feature": "User Ratings",
          "Description": "This product offers unmatched performance and reliability. Its ergonomic design makes it easy to use and handle. This item has received rave reviews from customers worldwide."
        },
        {
          "Feature": "Power Source",
          "Description": "Designed with the latest technology, it ensures top-notch quality. This item has received rave reviews from customers worldwide. Perfect for everyday use, it provides excellent value for money."
        },
        {
          "Feature": "User Ratings",
          "Description": "This product offers unmatched performance and reliability. Perfect for everyday use, it provides excellent value for money. Available in various sizes and colors to suit your needs."
        },
        {
          "Feature": "Material",
          "Description": "Its ergonomic design makes it easy to use and handle. Crafted with premium materials, it is built to last. Perfect for everyday use, it provides excellent value for money."
        }
      ]
    },
    "content2": []
  },
  {
    "pagebreak": "pagebreak"
  },
  {
    "pagenum": 50,
    "content1": [
      "Product 50\n",
      "Compact Equipment\n",
      "Designed with the latest technology, it ensures top-notch quality. It is environmentally \n",
      "friendly and energy-efficient. Crafted with premium materials, it is built to last.\n"
    ],
    "table": {
      "columns": [
        "Feature",
        "Description"
      ],
      "rows": [
        {
          "Feature": "User Ratings",
          "Description": "This product offers unmatched performance and reliability. Its ergonomic design makes it easy to use and handle. This item has received rave reviews from customers worldwide."
        },
        {
          "Feature": "Power Source",
          "Description": "Designed with the latest technology, it ensures top-notch quality. This item has received rave reviews from customers worldwide. Perfect for everyday use, it provides excellent value for money."
        },
        {
          "Feature": "User Ratings",
          "Description": "This product offers unmatched performance and reliability. Perfect for everyday use, it provides excellent value for money. Available in various sizes and colors to suit your needs."
        },
        {
          "Feature": "Material",
          "Description": "Its ergonomic design makes it easy to use and handle. Crafted with premium materials, it is built to last. Perfect for everyday use, it provides excellent value for money."
        }
      ]
    },
    "content2": []
  },
  {
    "pagebreak": "pagebreak"
  }
]