[
  {
    "page": 1,
    "table": {
      "columns": [
        "Feature",
        "Description"
      ],
      "rows": [
        {
          "Feature": "User Ratings",
          "Description": "This product offers unmatched performance and reliability. Its ergonomic design makes it easy to use and handle. This item has received rave reviews from customers worldwide."
        },
        {
          "Feature": "Power Source",
          "Description": "Designed with the latest technology, it ensures top-notch quality. This item has received rave reviews from customers worldwide. Perfect for everyday use, it provides excellent value for money."
        },
        {
          "Feature": "User Ratings",
          "Description": "This product offers unmatched performance and reliability. Perfect for everyday use, it provides excellent value for money. Available in various sizes and colors to suit your needs."
        },
        {
          "Feature": "Material",
          "Description": "Its ergonomic design makes it easy to use and handle. Crafted with premium materials, it is built to last. Perfect for everyday use, it provides excellent value for money."
        }
      ]
    }
  },
  {
    "page": 2,
    "table": {
      "columns": [
        "Feature",
        "Description"
      ],
      "rows": [
        {
          "Feature": "Weight",
          "Description": "Designed with the latest technology, it ensures top-notch quality. Crafted with premium materials, it is built to last. It is environmentally friendly and energy-efficient."
        },
        {
          "Feature": "Price",
          "Description": "Crafted with premium materials, it is built to last. Its ergonomic design makes it easy to use and handle. This product offers unmatched performance and reliability."
        },
        {
          "Feature": "User Ratings",
          "Description": "Perfect for everyday use, it provides excellent value for money. Designed with the latest technology, it ensures top-notch quality. Crafted with premium materials, it is built to last."
        },
        {
          "Feature": "Availability",
          "Description": "Available in various sizes and colors to suit your needs. It is environmentally friendly and energy-efficient. Crafted with premium materials, it is built to last."
        }
      ]
    }
  },
  {
    "page": 3,
    "table": {
      "columns": [
        "Feature",
        "Description"
      ],
      "rows": [
        {
          "Feature": "Power Source",
          "Description": "Designed with the latest technology, it ensures top-notch quality. This item has received rave reviews from customers worldwide. It is environmentally friendly and energy-efficient."
        },
        {
          "Feature": "Price",
          "Description": "It is environmentally friendly and energy-efficient. This item has received rave reviews from customers worldwide. Its ergonomic design makes it easy to use and handle."
        },
        {
          "Feature": "Power Source",
          "Description": "It is environmentally friendly and energy-efficient. Crafted with premium materials, it is built to last. This item has received rave reviews from customers worldwide."
        },
        {
          "Feature": "Color Options",
          "Description": "It is environmentally friendly and energy-efficient. Designed with the latest technology, it ensures top-notch quality. This item has received rave reviews from customers worldwide."
        }
      ]
    }
  },
  {
    "page": 4,
    "table": {
      "columns": [
        "Feature",
        "Description"
      ],
      "rows": [
        {
          "Feature": "Color Options",
          "Description": "Designed with the latest technology, it ensures top-notch quality. It is environmentally friendly and energy-efficient. Available in various sizes and colors to suit your needs."
        },
        {
          "Feature": "Dimensions",
          "Description": "This item has received rave reviews from customers worldwide. This product offers unmatched performance and reliability. It is environmentally friendly and energy-efficient."
        },
        {
          "Feature": "Material",
          "Description": "Its ergonomic design makes it easy to use and handle. This item has received rave reviews from customers worldwide. Available in various sizes and colors to suit your needs."
        },
        {
          "Feature": "Availability",
          "Description": "This item has received rave reviews from customers worldwide. Crafted with premium materials, it is built to last. Designed with the latest technology, it ensures top-notch quality."
        }
      ]
    }
  },
  {
    "page": 5,
    "table": {
      "columns": [
        "Feature",
        "Description"
      ],
      "rows": [
        {
          "Feature": "Material",
          "Description": "Perfect for everyday use, it provides excellent value for money. It is environmentally friendly and energy-efficient. Available in various sizes and colors to suit your needs."
        },
        {
          "Feature": "Warranty",
          "Description": "Its ergonomic design makes it easy to use and handle. It is environmentally friendly and energy-efficient. Designed with the latest technology, it ensures top-notch quality."
        },
        {
          "Feature": "Color Options",
          "Description": "Crafted with premium materials, it is built to last. This item has received rave reviews from customers worldwide. Its ergonomic design makes it easy to use and handle."
        },
        {
          "Feature": "Price",
          "Description": "Designed with the latest technology, it ensures top-notch quality. Available in various sizes and colors to suit your needs. This item has received rave reviews from customers worldwide."
        }
      ]
    }
  },
  {
    "page": 6,
    "table": {
      "columns": [
        "Feature",
        "Description"
      ],
      "rows": [
        {
          "Feature": "Compatibility",
          "Description": "Designed with the latest technology, it ensures top-notch quality. This item has received rave reviews from customers worldwide. It is environmentally friendly and energy-efficient."
        },
        {
          "Feature": "Color Options",
          "Description": "Perfect for everyday use, it provides excellent value for money. It is environmentally friendly and energy-efficient. Available in various sizes and colors to suit your needs."
        },
        {
          "Feature": "Dimensions",
          "Description": "Perfect for everyday use, it provides excellent value for money. This product offers unmatched performance and reliability. Crafted with premium materials, it is built to last."
        },
        {
          "Feature": "Availability",
          "Description": "This item has received rave reviews from customers worldwide. Designed with the latest technology, it ensures top-notch quality. Perfect for everyday use, it provides excellent value for money."
        }
      ]
    }
  },
  {
    "page": 7,
    "table": {
      "columns": [
        "Feature",
        "Description"
      ],
      "rows": [
        {
          "Feature": "User Ratings",
          "Description": "Perfect for everyday use, it provides excellent value for money. Designed with the latest technology, it ensures top-notch quality. Its ergonomic design makes it easy to use and handle."
        },
        {
          "Feature": "Price",
          "Description": "This item has received rave reviews from customers worldwide. Available in various sizes and colors to suit your needs. Perfect for everyday use, it provides excellent value for money."
        },
        {
          "Feature": "Power Source",
          "Description": "Its ergonomic design makes it easy to use and handle. Available in various sizes and colors to suit your needs. Designed with the latest technology, it ensures top-notch quality."
        },
        {
          "Feature": "Color Options",
          "Description": "It is environmentally friendly and energy-efficient. Available in various sizes and colors to suit your needs. Crafted with premium materials, it is built to last."
        }
      ]
    }
  },
  {
    "page": 8,
    "table": {
      "columns": [
        "Feature",
        "Description"
      ],
      "rows": [
        {
          "Feature": "Power Source",
          "Description": "Designed with the latest technology, it ensures top-notch quality. This product offers unmatched performance and reliability. This item has received rave reviews from customers worldwide."
        },
        {
          "Feature": "Power Source",
          "Description": "Crafted with premium materials, it is built to last. It is environmentally friendly and energy-efficient. Designed with the latest technology, it ensures top-notch quality."
        },
        {
          "Feature": "Weight",
          "Description": "Perfect for everyday use, it provides excellent value for money. Crafted with premium materials, it is built to last. Designed with the latest technology, it ensures top-notch quality."
        },
        {
          "Feature": "Dimensions",
          "Description": "Designed with the latest technology, it ensures top-notch quality. Available in various sizes and colors to suit your needs. Crafted with premium materials, it is built to last."
        }
      ]
    }
  },
  {
    "page": 9,
    "table": {
      "columns": [
        "Feature",
        "Description"
      ],
      "rows": [
        {
          "Feature": "Power Source",
          "Description": "Perfect for everyday use, it provides excellent value for money. Its ergonomic design makes it easy to use and handle. Crafted with premium materials, it is built to last."
        },
        {
          "Feature": "User Ratings",
          "Description": "Perfect for everyday use, it provides excellent value for money. Its ergonomic design makes it easy to use and handle. Designed with the latest technology, it ensures top-notch quality."
        },
        {
          "Feature": "User Ratings",
          "Description": "Designed with the latest technology, it ensures top-notch quality. Perfect for everyday use, it provides excellent value for money. This product offers unmatched performance and reliability."
        },
        {
          "Feature": "Availability",
          "Description": "It is environmentally friendly and energy-efficient. Its ergonomic design makes it easy to use and handle. Available in various sizes and colors to suit your needs."
        }
      ]
    }
  },
  {
    "page": 10,
    "table": {
      "columns": [
        "Feature",
        "Description"
      ],
      "rows": [
        {
          "Feature": "Weight",
          "Description": "Crafted with premium materials, it is built to last. Designed with the latest technology, it ensures top-notch quality. Its ergonomic design makes it easy to use and handle."
        },
        {
          "Feature": "Compatibility",
          "Description": "Crafted with premium materials, it is built to last. This item has received rave reviews from customers worldwide. Its ergonomic design makes it easy to use and handle."
        },
        {
          "Feature": "Warranty",
          "Description": "Designed with the latest technology, it ensures top-notch quality. This item has received rave reviews from customers worldwide. Its ergonomic design makes it easy to use and handle."
        },
        {
          "Feature": "Availability",
          "Description": "It is environmentally friendly and energy-efficient. Designed with the latest technology, it ensures top-notch quality. Perfect for everyday use, it provides excellent value for money."
        }
      ]
    }
  },
  {
    "page": 11,
    "table": {
      "columns": [
        "Feature",
        "Description"
      ],
      "rows": [
        {
          "Feature": "Availability",
          "Description": "This product offers unmatched performance and reliability. Perfect for everyday use, it provides excellent value for money. Crafted with premium materials, it is built to last."
        },
        {
          "Feature": "Compatibility",
          "Description": "This item has received rave reviews from customers worldwide. Designed with the latest technology, it ensures top-notch quality. It is environmentally friendly and energy-efficient."
        },
        {
          "Feature": "Weight",
          "Description": "Designed with the latest technology, it ensures top-notch quality. Perfect for everyday use, it provides excellent value for money. Its ergonomic design makes it easy to use and handle."
        },
        {
          "Feature": "User Ratings",
          "Description": "Available in various sizes and colors to suit your needs. Perfect for everyday use, it provides excellent value for money. It is environmentally friendly and energy-efficient."
        }
      ]
    }
  },
  {
    "page": 12,
    "table": {
      "columns": [
        "Feature",
        "Description"
      ],
      "rows": [
        {
          "Feature": "User Ratings",
          "Description": "Perfect for everyday use, it provides excellent value for money. Crafted with premium materials, it is built to last. Designed with the latest technology, it ensures top-notch quality."
        },
        {
          "Feature": "User Ratings",
          "Description": "This item has received rave reviews from customers worldwide. Designed with the latest technology, it ensures top-notch quality. This product offers unmatched performance and reliability."
        },
        {
          "Feature": "Availability",
          "Description": "This item has received rave reviews from customers worldwide. Perfect for everyday use, it provides excellent value for money. This product offers unmatched performance and reliability."
        },
        {
          "Feature": "Compatibility",
          "Description": "Perfect for everyday use, it provides excellent value for money. It is environmentally friendly and energy-efficient. Designed with the latest technology, it ensures top-notch quality."
        }
      ]
    }
  },
  {
    "page": 13,
    "table": {
      "columns": [
        "Feature",
        "Description"
      ],
      "rows": [
        {
          "Feature": "Dimensions",
          "Description": "Designed with the latest technology, it ensures top-notch quality. This item has received rave reviews from customers worldwide. Its ergonomic design makes it easy to use and handle."
        },
        {
          "Feature": "Material",
          "Description": "Designed with the latest technology, it ensures top-notch quality. Perfect for everyday use, it provides excellent value for money. Available in various sizes and colors to suit your needs."
        },
        {
          "Feature": "Weight",
          "Description": "Available in various sizes and colors to suit your needs. This product offers unmatched performance and reliability. Its ergonomic design makes it easy to use and handle."
        },
        {
          "Feature": "Color Options",
          "Description": "Available in various sizes and colors to suit your needs. Crafted with premium materials, it is built to last. Its ergonomic design makes it easy to use and handle."
        }
      ]
    }
  },
  {
    "page": 14,
    "table": {
      "columns": [
        "Feature",
        "Description"
      ],
      "rows": [
        {
          "Feature": "Weight",
          "Description": "Its ergonomic design makes it easy to use and handle. It is environmentally friendly and energy-efficient. Crafted with premium materials, it is built to last."
        },
        {
          "Feature": "Availability",
          "Description": "It is environmentally friendly and energy-efficient. Its ergonomic design makes it easy to use and handle. Available in various sizes and colors to suit your needs."
        },
        {
          "Feature": "Availability",
          "Description": "Designed with the latest technology, it ensures top-notch quality. This product offers unmatched performance and reliability. This item has received rave reviews from customers worldwide."
        },
        {
          "Feature": "Compatibility",
          "Description": "Perfect for everyday use, it provides excellent value for money. This item has received rave reviews from customers worldwide. Its ergonomic design makes it easy to use and handle."
        }
      ]
    }
  },
  {
    "page": 15,
    "table": {
      "columns": [
        "Feature",
        "Description"
      ],
      "rows": [
        {
          "Feature": "Price",
          "Description": "Available in various sizes and colors to suit your needs. This item has received rave reviews from customers worldwide. Designed with the latest technology, it ensures top-notch quality."
        },
        {
          "Feature": "Color Options",
          "Description": "This product offers unmatched performance and reliability. Perfect for everyday use, it provides excellent value for money. It is environmentally friendly and energy-efficient."
        },
        {
          "Feature": "Price",
          "Description": "Its ergonomic design makes it easy to use and handle. Perfect for everyday use, it provides excellent value for money. This product offers unmatched performance and reliability."
        },
        {
          "Feature": "Weight",
          "Description": "Perfect for everyday use, it provides excellent value for money. This product offers unmatched performance and reliability. Its ergonomic design makes it easy to use and handle."
        }
      ]
    }
  },
  {
    "page": 16,
    "table": {
      "columns": [
        "Feature",
        "Description"
      ],
      "rows": [
        {
          "Feature": "Weight",
          "Description": "Crafted with premium materials, it is built to last. Available in various sizes and colors to suit your needs. This item has received rave reviews from customers worldwide."
        },
        {
          "Feature": "Material",
          "Description": "Perfect for everyday use, it provides excellent value for money. Its ergonomic design makes it easy to use and handle. This item has received rave reviews from customers worldwide."
        },
        {
          "Feature": "Power Source",
          "Description": "It is environmentally friendly and energy-efficient. Perfect for everyday use, it provides excellent value for money. This item has received rave reviews from customers worldwide."
        },
        {
          "Feature": "Compatibility",
          "Description": "This product offers unmatched performance and reliability. Its ergonomic design makes it easy to use and handle. Available in various sizes and colors to suit your needs."
        }
      ]
    }
  },
  {
    "page": 17,
    "table": {
      "columns": [
        "Feature",
        "Description"
      ],
      "rows": [
        {
          "Feature": "Dimensions",
          "Description": "Available in various sizes and colors to suit your needs. It is environmentally friendly and energy-efficient. This item has received rave reviews from customers worldwide."
        },
        {
          "Feature": "Power Source",
          "Description": "This item has received rave reviews from customers worldwide. This product offers unmatched performance and reliability. Available in various sizes and colors to suit your needs."
        },
        {
          "Feature": "Weight",
          "Description": "Crafted with premium materials, it is built to last. This item has received rave reviews from customers worldwide. It is environmentally friendly and energy-efficient."
        },
        {
          "Feature": "Warranty",
          "Description": "This product offers unmatched performance and reliability. Perfect for everyday use, it provides excellent value for money. This item has received rave reviews from customers worldwide."
        }
      ]
    }
  },
  {
    "page": 18,
    "table": {
      "columns": [
        "Feature",
        "Description"
      ],
      "rows": [
        {
          "Feature": "Warranty",
          "Description": "Crafted with premium materials, it is built to last. Available in various sizes and colors to suit your needs. Designed with the latest technology, it ensures top-notch quality."
        },
        {
          "Feature": "Color Options",
          "Description": "Its ergonomic design makes it easy to use and handle. This product offers unmatched performance and reliability. Available in various sizes and colors to suit your needs."
        },
        {
          "Feature": "User Ratings",
          "Description": "This product offers unmatched performance and reliability. Available in various sizes and colors to suit your needs. Designed with the latest technology, it ensures top-notch quality."
        },
        {
          "Feature": "Weight",
          "Description": "Its ergonomic design makes it easy to use and handle. This product offers unmatched performance and reliability. Perfect for everyday use, it provides excellent value for money."
        }
      ]
    }
  },
  {
    "page": 19,
    "table": {
      "columns": [
        "Feature",
        "Description"
      ],
      "rows": [
        {
          "Feature": "Power Source",
          "Description": "Designed with the latest technology, it ensures top-notch quality. This product offers unmatched performance and reliability. It is environmentally friendly and energy-efficient."
        },
        {
          "Feature": "Color Options",
          "Description": "It is environmentally friendly and energy-efficient. This item has received rave reviews from customers worldwide. Crafted with premium materials, it is built to last."
        },
        {
          "Feature": "Power Source",
          "Description": "Perfect for everyday use, it provides excellent value for money. Available in various sizes and colors to suit your needs. It is environmentally friendly and energy-efficient."
        },
        {
          "Feature": "Color Options",
          "Description": "Available in various sizes and colors to suit your needs. This item has received rave reviews from customers worldwide. This product offers unmatched performance and reliability."
        }
      ]
    }
  },
  {
    "page": 20,
    "table": {
      "columns": [
        "Feature",
        "Description"
      ],
      "rows": [
        {
          "Feature": "Compatibility",
          "Description": "Its ergonomic design makes it easy to use and handle. This product offers unmatched performance and reliability. This item has received rave reviews from customers worldwide."
        },
        {
          "Feature": "Power Source",
          "Description": "Crafted with premium materials, it is built to last. Designed with the latest technology, it ensures top-notch quality. Its ergonomic design makes it easy to use and handle."
        },
        {
          "Feature": "Availability",
          "Description": "Designed with the latest technology, it ensures top-notch quality. Crafted with premium materials, it is built to last. It is environmentally friendly and energy-efficient."
        },
        {
          "Feature": "Warranty",
          "Description": "This item has received rave reviews from customers worldwide. This product offers unmatched performance and reliability. Available in various sizes and colors to suit your needs."
        }
      ]
    }
  },
  {
    "page": 21,
    "table": {
      "columns": [
        "Feature",
        "Description"
      ],
      "rows": [
        {
          "Feature": "User Ratings",
          "Description": "This item has received rave reviews from customers worldwide. Designed with the latest technology, it ensures top-notch quality. Its ergonomic design makes it easy to use and handle."
        },
        {
          "Feature": "Dimensions",
          "Description": "Its ergonomic design makes it easy to use and handle. Perfect for everyday use, it provides excellent value for money. Designed with the latest technology, it ensures top-notch quality."
        },
        {
          "Feature": "Color Options",
          "Description": "Designed with the latest technology, it ensures top-notch quality. Perfect for everyday use, it provides excellent value for money. Available in various sizes and colors to suit your needs."
        },
        {
          "Feature": "Material",
          "Description": "This item has received rave reviews from customers worldwide. It is environmentally friendly and energy-efficient. Its ergonomic design makes it easy to use and handle."
        }
      ]
    }
  },
  {
    "page": 22,
    "table": {
      "columns": [
        "Feature",
        "Description"
      ],
      "rows": [
        {
          "Feature": "User Ratings",
          "Description": "Crafted with premium materials, it is built to last. Its ergonomic design makes it easy to use and handle. It is environmentally friendly and energy-efficient."
        },
        {
          "Feature": "User Ratings",
          "Description": "It is environmentally friendly and energy-efficient. This product offers unmatched performance and reliability. Designed with the latest technology, it ensures top-notch quality."
        },
        {
          "Feature": "Availability",
          "Description": "It is environmentally friendly and energy-efficient. Its ergonomic design makes it easy to use and handle. This product offers unmatched performance and reliability."
        },
        {
          "Feature": "Availability",
          "Description": "Its ergonomic design makes it easy to use and handle. Perfect for everyday use, it provides excellent value for money. Designed with the latest technology, it ensures top-notch quality."
        }
      ]
    }
  },
  {
    "page": 23,
    "table": {
      "columns": [
        "Feature",
        "Description"
      ],
      "rows": [
        {
          "Feature": "Price",
          "Description": "Its ergonomic design makes it easy to use and handle. It is environmentally friendly and energy-efficient. Perfect for everyday use, it provides excellent value for money."
        },
        {
          "Feature": "Compatibility",
          "Description": "Its ergonomic design makes it easy to use and handle. Crafted with premium materials, it is built to last. This product offers unmatched performance and reliability."
        },
        {
          "Feature": "Availability",
          "Description": "Available in various sizes and colors to suit your needs. This item has received rave reviews from customers worldwide. Its ergonomic design makes it easy to use and handle."
        },
        {
          "Feature": "Price",
          "Description": "This product offers unmatched performance and reliability. Available in various sizes and colors to suit your needs. Designed with the latest technology, it ensures top-notch quality."
        }
      ]
    }
  },
  {
    "page": 24,
    "table": {
      "columns": [
        "Feature",
        "Description"
      ],
      "rows": [
        {
          "Feature": "Warranty",
          "Description": "Perfect for everyday use, it provides excellent value for money. It is environmentally friendly and energy-efficient. Its ergonomic design makes it easy to use and handle."
        },
        {
          "Feature": "Warranty",
          "Description": "This product offers unmatched performance and reliability. This item has received rave reviews from customers worldwide. Crafted with premium materials, it is built to last."
        },
        {
          "Feature": "Compatibility",
          "Description": "Its ergonomic design makes it easy to use and handle. Available in various sizes and colors to suit your needs. This product offers unmatched performance and reliability."
        },
        {
          "Feature": "Color Options",
          "Description": "Designed with the latest technology, it ensures top-notch quality. This item has received rave reviews from customers worldwide. Available in various sizes and colors to suit your needs."
        }
      ]
    }
  },
  {
    "page": 25,
    "table": {
      "columns": [
        "Feature",
        "Description"
      ],
      "rows": [
        {
          "Feature": "Compatibility",
          "Description": "It is environmentally friendly and energy-efficient. This item has received rave reviews from customers worldwide. Designed with the latest technology, it ensures top-notch quality."
        },
        {
          "Feature": "User Ratings",
          "Description": "This product offers unmatched performance and reliability. Its ergonomic design makes it easy to use and handle. Designed with the latest technology, it ensures top-notch quality."
        },
        {
          "Feature": "Dimensions",
          "Description": "This item has received rave reviews from customers worldwide. Crafted with premium materials, it is built to last. Designed with the latest technology, it ensures top-notch quality."
        },
        {
          "Feature": "Compatibility",
          "Description": "Designed with the latest technology, it ensures top-notch quality. Crafted with premium materials, it is built to last. Available in various sizes and colors to suit your needs."
        }
      ]
    }
  },
  {
    "page": 26,
    "table": {
      "columns": [
        "Feature",
        "Description"
      ],
      "rows": [
        {
          "Feature": "Weight",
          "Description": "This product offers unmatched performance and reliability. Its ergonomic design makes it easy to use and handle. Available in various sizes and colors to suit your needs."
        },
        {
          "Feature": "Warranty",
          "Description": "Designed with the latest technology, it ensures top-notch quality. This product offers unmatched performance and reliability. Available in various sizes and colors to suit your needs."
        },
        {
          "Feature": "Compatibility",
          "Description": "Available in various sizes and colors to suit your needs. Crafted with premium materials, it is built to last. It is environmentally friendly and energy-efficient."
        },
        {
          "Feature": "Dimensions",
          "Description": "This item has received rave reviews from customers worldwide. Designed with the latest technology, it ensures top-notch quality. Perfect for everyday use, it provides excellent value for money."
        }
      ]
    }
  },
  {
    "page": 27,
    "table": {
      "columns": [
        "Feature",
        "Description"
      ],
      "rows": [
        {
          "Feature": "User Ratings",
          "Description": "Available in various sizes and colors to suit your needs. This item has received rave reviews from customers worldwide. Crafted with premium materials, it is built to last."
        },
        {
          "Feature": "User Ratings",
          "Description": "This item has received rave reviews from customers worldwide. This product offers unmatched performance and reliability. Perfect for everyday use, it provides excellent value for money."
        },
        {
          "Feature": "Weight",
          "Description": "It is environmentally friendly and energy-efficient. Perfect for everyday use, it provides excellent value for money. This product offers unmatched performance and reliability."
        },
        {
          "Feature": "Weight",
          "Description": "This item has received rave reviews from customers worldwide. It is environmentally friendly and energy-efficient. Designed with the latest technology, it ensures top-notch quality."
        }
      ]
    }
  },
  {
    "page": 28,
    "table": {
      "columns": [
        "Feature",
        "Description"
      ],
      "rows": [
        {
          "Feature": "Price",
          "Description": "This item has received rave reviews from customers worldwide. This product offers unmatched performance and reliability. Crafted with premium materials, it is built to last."
        },
        {
          "Feature": "Material",
          "Description": "Available in various sizes and colors to suit your needs. Perfect for everyday use, it provides excellent value for money. Its ergonomic design makes it easy to use and handle."
        },
        {
          "Feature": "Warranty",
          "Description": "Its ergonomic design makes it easy to use and handle. Designed with the latest technology, it ensures top-notch quality. Perfect for everyday use, it provides excellent value for money."
        },
        {
          "Feature": "Warranty",
          "Description": "Its ergonomic design makes it easy to use and handle. Designed with the latest technology, it ensures top-notch quality. It is environmentally friendly and energy-efficient."
        }
      ]
    }
  },
  {
    "page": 29,
    "table": {
      "columns": [
        "Feature",
        "Description"
      ],
      "rows": [
        {
          "Feature": "Weight",
          "Description": "This product offers unmatched performance and reliability. Its ergonomic design makes it easy to use and handle. Available in various sizes and colors to suit your needs."
        },
        {
          "Feature": "Dimensions",
          "Description": "This product offers unmatched performance and reliability. Available in various sizes and colors to suit your needs. Crafted with premium materials, it is built to last."
        },
        {
          "Feature": "Weight",
          "Description": "This product offers unmatched performance and reliability. Crafted with premium materials, it is built to last. Designed with the latest technology, it ensures top-notch quality."
        },
        {
          "Feature": "Power Source",
          "Description": "Designed with the latest technology, it ensures top-notch quality. It is environmentally friendly and energy-efficient. Its ergonomic design makes it easy to use and handle."
        }
      ]
    }
  },
  {
    "page": 30,
    "table": {
      "columns": [
        "Feature",
        "Description"
      ],
      "rows": [
        {
          "Feature": "Material",
          "Description": "Available in various sizes and colors to suit your needs. Perfect for everyday use, it provides excellent value for money. This item has received rave reviews from customers worldwide."
        },
        {
          "Feature": "Power Source",
          "Description": "This item has received rave reviews from customers worldwide. Its ergonomic design makes it easy to use and handle. Designed with the latest technology, it ensures top-notch quality."
        },
        {
          "Feature": "Weight",
          "Description": "Designed with the latest technology, it ensures top-notch quality. This product offers unmatched performance and reliability. Its ergonomic design makes it easy to use and handle."
        },
        {
          "Feature": "Dimensions",
          "Description": "Available in various sizes and colors to suit your needs. It is environmentally friendly and energy-efficient. Designed with the latest technology, it ensures top-notch quality."
        }
      ]
    }
  },
  {
    "page": 31,
    "table": {
      "columns": [
        "Feature",
        "Description"
      ],
      "rows": [
        {
          "Feature": "Price",
          "Description": "Perfect for everyday use, it provides excellent value for money. Crafted with premium materials, it is built to last. Its ergonomic design makes it easy to use and handle."
        },
        {
          "Feature": "Availability",
          "Description": "Designed with the latest technology, it ensures top-notch quality. Available in various sizes and colors to suit your needs. This item has received rave reviews from customers worldwide."
        },
        {
          "Feature": "Compatibility",
          "Description": "It is environmentally friendly and energy-efficient. Crafted with premium materials, it is built to last. Available in various sizes and colors to suit your needs."
        },
        {
          "Feature": "Dimensions",
          "Description": "Available in various sizes and colors to suit your needs. This item has received rave reviews from customers worldwide. Crafted with premium materials, it is built to last."
        }
      ]
    }
  },
  {
    "page": 32,
    "table": {
      "columns": [
        "Feature",
        "Description"
      ],
      "rows": [
        {
          "Feature": "Material",
          "Description": "Available in various sizes and colors to suit your needs. Crafted with premium materials, it is built to last. Perfect for everyday use, it provides excellent value for money."
        },
        {
          "Feature": "Material",
          "Description": "Available in various sizes and colors to suit your needs. Designed with the latest technology, it ensures top-notch quality. This item has received rave reviews from customers worldwide."
        },
        {
          "Feature": "User Ratings",
          "Description": "Designed with the latest technology, it ensures top-notch quality. This item has received rave reviews from customers worldwide. Available in various sizes and colors to suit your needs."
        },
        {
          "Feature": "Weight",
          "Description": "Available in various sizes and colors to suit your needs. Crafted with premium materials, it is built to last. Its ergonomic design makes it easy to use and handle."
        }
      ]
    }
  },
  {
    "page": 33,
    "table": {
      "columns": [
        "Feature",
        "Description"
      ],
      "rows": [
        {
          "Feature": "Weight",
          "Description": "Its ergonomic design makes it easy to use and handle. It is environmentally friendly and energy-efficient. This product offers unmatched performance and reliability."
        },
        {
          "Feature": "Weight",
          "Description": "Designed with the latest technology, it ensures top-notch quality. Perfect for everyday use, it provides excellent value for money. Available in various sizes and colors to suit your needs."
        },
        {
          "Feature": "Color Options",
          "Description": "This item has received rave reviews from customers worldwide. Crafted with premium materials, it is built to last. This product offers unmatched performance and reliability."
        },
        {
          "Feature": "Availability",
          "Description": "It is environmentally friendly and energy-efficient. Designed with the latest technology, it ensures top-notch quality. Its ergonomic design makes it easy to use and handle."
        }
      ]
    }
  },
  {
    "page": 34,
    "table": {
      "columns": [
        "Feature",
        "Description"
      ],
      "rows": [
        {
          "Feature": "Color Options",
          "Description": "Perfect for everyday use, it provides excellent value for money. This item has received rave reviews from customers worldwide. This product offers unmatched performance and reliability."
        },
        {
          "Feature": "Warranty",
          "Description": "This product offers unmatched performance and reliability. Crafted with premium materials, it is built to last. This item has received rave reviews from customers worldwide."
        },
        {
          "Feature": "Warranty",
          "Description": "This item has received rave reviews from customers worldwide. Crafted with premium materials, it is built to last. Designed with the latest technology, it ensures top-notch quality."
        },
        {
          "Feature": "Weight",
          "Description": "Its ergonomic design makes it easy to use and handle. This item has received rave reviews from customers worldwide. Perfect for everyday use, it provides excellent value for money."
        }
      ]
    }
  },
  {
    "page": 35,
    "table": {
      "columns": [
        "Feature",
        "Description"
      ],
      "rows": [
        {
          "Feature": "Availability",
          "Description": "This product offers unmatched performance and reliability. Crafted with premium materials, it is built to last. Its ergonomic design makes it easy to use and handle."
        },
        {
          "Feature": "Color Options",
          "Description": "Crafted with premium materials, it is built to last. Designed with the latest technology, it ensures top-notch quality. Perfect for everyday use, it provides excellent value for money."
        },
        {
          "Feature": "Availability",
          "Description": "This product offers unmatched performance and reliability. It is environmentally friendly and energy-efficient. Perfect for everyday use, it provides excellent value for money."
        },
        {
          "Feature": "Dimensions",
          "Description": "It is environmentally friendly and energy-efficient. Its ergonomic design makes it easy to use and handle. Available in various sizes and colors to suit your needs."
        }
      ]
    }
  },
  {
    "page": 36,
    "table": {
      "columns": [
        "Feature",
        "Description"
      ],
      "rows": [
        {
          "Feature": "Weight",
          "Description": "This product offers unmatched performance and reliability. This item has received rave reviews from customers worldwide. It is environmentally friendly and energy-efficient."
        },
        {
          "Feature": "Availability",
          "Description": "Its ergonomic design makes it easy to use and handle. This item has received rave reviews from customers worldwide. Crafted with premium materials, it is built to last."
        },
        {
          "Feature": "Price",
          "Description": "This product offers unmatched performance and reliability. Crafted with premium materials, it is built to last. This item has received rave reviews from customers worldwide."
        },
        {
          "Feature": "Dimensions",
          "Description": "It is environmentally friendly and energy-efficient. Its ergonomic design makes it easy to use and handle. Crafted with premium materials, it is built to last."
        }
      ]
    }
  },
  {
    "page": 37,
    "table": {
      "columns": [
        "Feature",
        "Description"
      ],
      "rows": [
        {
          "Feature": "Price",
          "Description": "Perfect for everyday use, it provides excellent value for money. Its ergonomic design makes it easy to use and handle. Crafted with premium materials, it is built to last."
        },
        {
          "Feature": "Availability",
          "Description": "Designed with the latest technology, it ensures top-notch quality. Perfect for everyday use, it provides excellent value for money. Available in various sizes and colors to suit your needs."
        },
        {
          "Feature": "User Ratings",
          "Description": "Crafted with premium materials, it is built to last. This product offers unmatched performance and reliability. This item has received rave reviews from customers worldwide."
        },
        {
          "Feature": "Color Options",
          "Description": "Available in various sizes and colors to suit your needs. Its ergonomic design makes it easy to use and handle. This product offers unmatched performance and reliability."
        }
      ]
    }
  },
  {
    "page": 38,
    "table": {
      "columns": [
        "Feature",
        "Description"
      ],
      "rows": [
        {
          "Feature": "Availability",
          "Description": "This product offers unmatched performance and reliability. Its ergonomic design makes it easy to use and handle. Perfect for everyday use, it provides excellent value for money."
        },
        {
          "Feature": "Power Source",
          "Description": "This product offers unmatched performance and reliability. It is environmentally friendly and energy-efficient. Crafted with premium materials, it is built to last."
        },
        {
          "Feature": "Dimensions",
          "Description": "This item has received rave reviews from customers worldwide. This product offers unmatched performance and reliability. Crafted with premium materials, it is built to last."
        },
        {
          "Feature": "Color Options",
          "Description": "This item has received rave reviews from customers worldwide. Available in various sizes and colors to suit your needs. Crafted with premium materials, it is built to last."
        }
      ]
    }
  },
  {
    "page": 39,
    "table": {
      "columns": [
        "Feature",
        "Description"
      ],
      "rows": [
        {
          "Feature": "Dimensions",
          "Description": "Its ergonomic design makes it easy to use and handle. Designed with the latest technology, it ensures top-notch quality. It is environmentally friendly and energy-efficient."
        },
        {
          "Feature": "Availability",
          "Description": "This product offers unmatched performance and reliability. This item has received rave reviews from customers worldwide. Crafted with premium materials, it is built to last."
        },
        {
          "Feature": "Material",
          "Description": "This item has received rave reviews from customers worldwide. Perfect for everyday use, it provides excellent value for money. Available in various sizes and colors to suit your needs."
        },
        {
          "Feature": "Availability",
          "Description": "This product offers unmatched performance and reliability. It is environmentally friendly and energy-efficient. Available in various sizes and colors to suit your needs."
        }
      ]
    }
  },
  {
    "page": 40,
    "table": {
      "columns": [
        "Feature",
        "Description"
      ],
      "rows": [
        {
          "Feature": "Material",
          "Description": "This product offers unmatched performance and reliability. It is environmentally friendly and energy-efficient. Designed with the latest technology, it ensures top-notch quality."
        },
        {
          "Feature": "Compatibility",
          "Description": "This product offers unmatched performance and reliability. Available in various sizes and colors to suit your needs. Its ergonomic design makes it easy to use and handle."
        },
        {
          "Feature": "Power Source",
          "Description": "This item has received rave reviews from customers worldwide. Its ergonomic design makes it easy to use and handle. Designed with the latest technology, it ensures top-notch quality."
        },
        {
          "Feature": "Dimensions",
          "Description": "This product offers unmatched performance and reliability. Perfect for everyday use, it provides excellent value for money. Available in various sizes and colors to suit your needs."
        }
      ]
    }
  },
  {
    "page": 41,
    "table": {
      "columns": [
        "Feature",
        "Description"
      ],
      "rows": [
        {
          "Feature": "Color Options",
          "Description": "Crafted with premium materials, it is built to last. It is environmentally friendly and energy-efficient. Perfect for everyday use, it provides excellent value for money."
        },
        {
          "Feature": "Color Options",
          "Description": "Available in various sizes and colors to suit your needs. It is environmentally friendly and energy-efficient. Designed with the latest technology, it ensures top-notch quality."
        },
        {
          "Feature": "Availability",
          "Description": "Available in various sizes and colors to suit your needs. Its ergonomic design makes it easy to use and handle. Perfect for everyday use, it provides excellent value for money."
        },
        {
          "Feature": "Weight",
          "Description": "It is environmentally friendly and energy-efficient. Crafted with premium materials, it is built to last. Its ergonomic design makes it easy to use and handle."
        }
      ]
    }
  },
  {
    "page": 42,
    "table": {
      "columns": [
        "Feature",
        "Description"
      ],
      "rows": [
        {
          "Feature": "Compatibility",
          "Description": "Its ergonomic design makes it easy to use and handle. Crafted with premium materials, it is built to last. This item has received rave reviews from customers worldwide."
        },
        {
          "Feature": "Color Options",
          "Description": "Perfect for everyday use, it provides excellent value for money. Its ergonomic design makes it easy to use and handle. This product offers unmatched performance and reliability."
        },
        {
          "Feature": "Power Source",
          "Description": "It is environmentally friendly and energy-efficient. This product offers unmatched performance and reliability. This item has received rave reviews from customers worldwide."
        },
        {
          "Feature": "Color Options",
          "Description": "Designed with the latest technology, it ensures top-notch quality. Available in various sizes and colors to suit your needs. This product offers unmatched performance and reliability."
        }
      ]
    }
  },
  {
    "page": 43,
    "table": {
      "columns": [
        "Feature",
        "Description"
      ],
      "rows": [
        {
          "Feature": "Power Source",
          "Description": "Available in various sizes and colors to suit your needs. This item has received rave reviews from customers worldwide. Designed with the latest technology, it ensures top-notch quality."
        },
        {
          "Feature": "Material",
          "Description": "Its ergonomic design makes it easy to use and handle. Designed with the latest technology, it ensures top-notch quality. This item has received rave reviews from customers worldwide."
        },
        {
          "Feature": "Material",
          "Description": "Available in various sizes and colors to suit your needs. Perfect for everyday use, it provides excellent value for money. Crafted with premium materials, it is built to last."
        },
        {
          "Feature": "Availability",
          "Description": "Its ergonomic design makes it easy to use and handle. Perfect for everyday use, it provides excellent value for money. Available in various sizes and colors to suit your needs."
        }
      ]
    }
  },
  {
    "page": 44,
    "table": {
      "columns": [
        "Feature",
        "Description"
      ],
      "rows": [
        {
          "Feature": "Price",
          "Description": "Crafted with premium materials, it is built to last. Designed with the latest technology, it ensures top-notch quality. It is environmentally friendly and energy-efficient."
        },
        {
          "Feature": "Availability",
          "Description": "This product offers unmatched performance and reliability. Available in various sizes and colors to suit your needs. Designed with the latest technology, it ensures top-notch quality."
        },
        {
          "Feature": "Weight",
          "Description": "This product offers unmatched performance and reliability. Crafted with premium materials, it is built to last. Its ergonomic design makes it easy to use and handle."
        },
        {
          "Feature": "Color Options",
          "Description": "This product offers unmatched performance and reliability. Perfect for everyday use, it provides excellent value for money. This item has received rave reviews from customers worldwide."
        }
      ]
    }
  },
  {
    "page": 45,
    "table": {
      "columns": [
        "Feature",
        "Description"
      ],
      "rows": [
        {
          "Feature": "Availability",
          "Description": "Perfect for everyday use, it provides excellent value for money. Crafted with premium materials, it is built to last. Designed with the latest technology, it ensures top-notch quality."
        },
        {
          "Feature": "Compatibility",
          "Description": "Designed with the latest technology, it ensures top-notch quality. This product offers unmatched performance and reliability. It is environmentally friendly and energy-efficient."
        },
        {
          "Feature": "Power Source",
          "Description": "Crafted with premium materials, it is built to last. This item has received rave reviews from customers worldwide. Its ergonomic design makes it easy to use and handle."
        },
        {
          "Feature": "Availability",
          "Description": "Available in various sizes and colors to suit your needs. Designed with the latest technology, it ensures top-notch quality. It is environmentally friendly and energy-efficient."
        }
      ]
    }
  },
  {
    "page": 46,
    "table": {
      "columns": [
        "Feature",
        "Description"
      ],
      "rows": [
        {
          "Feature": "Material",
          "Description": "Crafted with premium materials, it is built to last. Designed with the latest technology, it ensures top-notch quality. Its ergonomic design makes it easy to use and handle."
        },
        {
          "Feature": "Weight",
          "Description": "Available in various sizes and colors to suit your needs. This item has received rave reviews from customers worldwide. Designed with the latest technology, it ensures top-notch quality."
        },
        {
          "Feature": "Price",
          "Description": "Available in various sizes and colors to suit your needs. Its ergonomic design makes it easy to use and handle. Designed with the latest technology, it ensures top-notch quality."
        },
        {
          "Feature": "Color Options",
          "Description": "Designed with the latest technology, it ensures top-notch quality. Perfect for everyday use, it provides excellent value for money. Available in various sizes and colors to suit your needs."
        }
      ]
    }
  },
  {
    "page": 47,
    "table": {
      "columns": [
        "Feature",
        "Description"
      ],
      "rows": [
        {
          "Feature": "Weight",
          "Description": "It is environmentally friendly and energy-efficient. This item has received rave reviews from customers worldwide. This product offers unmatched performance and reliability."
        },
        {
          "Feature": "User Ratings",
          "Description": "Its ergonomic design makes it easy to use and handle. Available in various sizes and colors to suit your needs. It is environmentally friendly and energy-efficient."
        },
        {
          "Feature": "Material",
          "Description": "This item has received rave reviews from customers worldwide. Crafted with premium materials, it is built to last. Perfect for everyday use, it provides excellent value for money."
        },
        {
          "Feature": "Power Source",
          "Description": "Available in various sizes and colors to suit your needs. This item has received rave reviews from customers worldwide. This product offers unmatched performance and reliability."
        }
      ]
    }
  },
  {
    "page": 48,
    "table": {
      "columns": [
        "Feature",
        "Description"
      ],
      "rows": [
        {
          "Feature": "Weight",
          "Description": "This product offers unmatched performance and reliability. Perfect for everyday use, it provides excellent value for money. Designed with the latest technology, it ensures top-notch quality."
        },
        {
          "Feature": "Power Source",
          "Description": "This product offers unmatched performance and reliability. It is environmentally friendly and energy-efficient. Its ergonomic design makes it easy to use and handle."
        },
        {
          "Feature": "Material",
          "Description": "This product offers unmatched performance and reliability. It is environmentally friendly and energy-efficient. Available in various sizes and colors to suit your needs."
        },
        {
          "Feature": "User Ratings",
          "Description": "This product offers unmatched performance and reliability. Its ergonomic design makes it easy to use and handle. Crafted with premium materials, it is built to last."
        }
      ]
    }
  },
  {
    "page": 49,
    "table": {
      "columns": [
        "Feature",
        "Description"
      ],
      "rows": [
        {
          "Feature": "Color Options",
          "Description": "This item has received rave reviews from customers worldwide. Crafted with premium materials, it is built to last. Its ergonomic design makes it easy to use and handle."
        },
        {
          "Feature": "Compatibility",
          "Description": "Designed with the latest technology, it ensures top-notch quality. Perfect for everyday use, it provides excellent value for money. This item has received rave reviews from customers worldwide."
        },
        {
          "Feature": "Material",
          "Description": "It is environmentally friendly and energy-efficient. Crafted with premium materials, it is built to last. Its ergonomic design makes it easy to use and handle."
        },
        {
          "Feature": "Price",
          "Description": "This product offers unmatched performance and reliability. It is environmentally friendly and energy-efficient. Perfect for everyday use, it provides excellent value for money."
        }
      ]
    }
  },
  {
    "page": 50,
    "table": {
      "columns": [
        "Feature",
        "Description"
      ],
      "rows": [
        {
          "Feature": "Weight",
          "Description": "This item has received rave reviews from customers worldwide. Perfect for everyday use, it provides excellent value for money. Its ergonomic design makes it easy to use and handle."
        },
        {
          "Feature": "Price",
          "Description": "This item has received rave reviews from customers worldwide. Designed with the latest technology, it ensures top-notch quality. Crafted with premium materials, it is built to last."
        },
        {
          "Feature": "Material",
          "Description": "Available in various sizes and colors to suit your needs. This item has received rave reviews from customers worldwide. Perfect for everyday use, it provides excellent value for money."
        },
        {
          "Feature": "Price",
          "Description": "Perfect for everyday use, it provides excellent value for money. This product offers unmatched performance and reliability. Crafted with premium materials, it is built to last."
        }
      ]
    }
  }
]