[
  {
    "pagenum": 1,
    "content1": [
      "Product Catalog - Document 6\n",
      "Product 1\n",
      "Stylish Device\n",
      "Crafted with premium materials, it is built to last. This product offers unmatched \n",
      "performance and reliability. Perfect for everyday use, it provides excellent value for money.\n"
    ],
    "table": {
      "columns": [
        "Feature",
        "Description"
      ],
      "rows": [
        {
          "Feature": "Material",
          "Description": "Crafted with premium materials, it is built to last. Available in various sizes and colors to suit your needs. Perfect for everyday use, it provides excellent value for money."
        },
        {
          "Feature": "User Ratings",
          "Description": "Available in various sizes and colors to suit your needs. Designed with the latest technology, it ensures top-notch quality. Its ergonomic design makes it easy to use and handle."
        },
        {
          "Feature": "Price",
          "Description": "Its ergonomic design makes it easy to use and handle. Perfect for everyday use, it provides excellent value for money. This product offers unmatched performance and reliability."
        },
        {
          "Feature": "Dimensions",
          "Description": "Designed with the latest technology, it ensures top-notch quality. Its ergonomic design makes it easy to use and handle. Crafted with premium materials, it is built to last."
        }
      ]
    },
    "content2": []
  },
  {
    "pagebreak": "pagebreak"
  },
  {
    "pagenum": 2,
    "content1": [
      "Product 2\n",
      "Innovative Device\n",
      "Designed with the latest technology, it ensures top-notch quality. Available in various sizes \n",
      "and colors to suit your needs. Perfect for everyday use, it provides excellent value for \n",
      "money.\n"
    ],
    "table": {
      "columns": [
        "Feature",
        "Description"
      ],
      "rows": [
        {
          "Feature": "Material",
          "Description": "Crafted with premium materials, it is built to last. Available in various sizes and colors to suit your needs. Perfect for everyday use, it provides excellent value for money."
        },
        {
          "Feature": "User Ratings",
          "Description": "Available in various sizes and colors to suit your needs. Designed with the latest technology, it ensures top-notch quality. Its ergonomic design makes it easy to use and handle."
        },
        {
          "Feature": "Price",
          "Description": "Its ergonomic design makes it easy to use and handle. Perfect for everyday use, it provides excellent value for money. This product offers unmatched performance and reliability."
        },
        {
          "Feature": "Dimensions",
          "Description": "Designed with the latest technology, it ensures top-notch quality. Its ergonomic design makes it easy to use and handle. Crafted with premium materials, it is built to last."
        }
      ]
    },
    "content2": []
  },
  {
    "pagebreak": "pagebreak"
  },
  {
    "pagenum": 3,
    "content1": [
      "Product 3\n",
      "Amazing Device\n",
      "Available in various sizes and colors to suit your needs. Its ergonomic design makes it easy \n",
      "to use and handle. Crafted with premium materials, it is built to last.\n"
    ],
    "table": {
      "columns": [
        "Feature",
        "Description"
      ],
      "rows": [
        {
          "Feature": "Material",
          "Description": "Crafted with premium materials, it is built to last. Available in various sizes and colors to suit your needs. Perfect for everyday use, it provides excellent value for money."
        },
        {
          "Feature": "User Ratings",
          "Description": "Available in various sizes and colors to suit your needs. Designed with the latest technology, it ensures top-notch quality. Its ergonomic design makes it easy to use and handle."
        },
        {
          "Feature": "Price",
          "Description": "Its ergonomic design makes it easy to use and handle. Perfect for everyday use, it provides excellent value for money. This product offers unmatched performance and reliability."
        },
        {
          "Feature": "Dimensions",
          "Description": "Designed with the latest technology, it ensures top-notch quality. Its ergonomic design makes it easy to use and handle. Crafted with premium materials, it is built to last."
        }
      ]
    },
    "content2": []
  },
  {
    "pagebreak": "pagebreak"
  },
  {
    "pagenum": 4,
    "content1": [
      "Product 4\n",
      "Compact Tool\n",
      "This product offers unmatched performance and reliability. Its ergonomic design makes it \n",
      "easy to use and handle. Available in various sizes and colors to suit your needs.\n"
    ],
    "table": {
      "columns": [
        "Feature",
        "Description"
      ],
      "rows": [
        {
          "Feature": "Material",
          "Description": "Crafted with premium materials, it is built to last. Available in various sizes and colors to suit your needs. Perfect for everyday use, it provides excellent value for money."
        },
        {
          "Feature": "User Ratings",
          "Description": "Available in various sizes and colors to suit your needs. Designed with the latest technology, it ensures top-notch quality. Its ergonomic design makes it easy to use and handle."
        },
        {
          "Feature": "Price",
          "Description": "Its ergonomic design makes it easy to use and handle. Perfect for everyday use, it provides excellent value for money. This product offers unmatched performance and reliability."
        },
        {
          "Feature": "Dimensions",
          "Description": "Designed with the latest technology, it ensures top-notch quality. Its ergonomic design makes it easy to use and handle. Crafted with premium materials, it is built to last."
        }
      ]
    },
    "content2": []
  },
  {
    "pagebreak": "pagebreak"
  },
  {
    "pagenum": 5,
    "content1": [
      "Product 5\n",
      "Incredible Accessory\n",
      "Its ergonomic design makes it easy to use and handle. This product offers unmatched \n",
      "performance and reliability. It is environmentally friendly and energy-efficient.\n"
    ],
    "table": {
      "columns": [
        "Feature",
        "Description"
      ],
      "rows": [
        {
          "Feature": "Material",
          "Description": "Crafted with premium materials, it is built to last. Available in various sizes and colors to suit your needs. Perfect for everyday use, it provides excellent value for money."
        },
        {
          "Feature": "User Ratings",
          "Description": "Available in various sizes and colors to suit your needs. Designed with the latest technology, it ensures top-notch quality. Its ergonomic design makes it easy to use and handle."
        },
        {
          "Feature": "Price",
          "Description": "Its ergonomic design makes it easy to use and handle. Perfect for everyday use, it provides excellent value for money. This product offers unmatched performance and reliability."
        },
        {
          "Feature": "Dimensions",
          "Description": "Designed with the latest technology, it ensures top-notch quality. Its ergonomic design makes it easy to use and handle. Crafted with premium materials, it is built to last."
        }
      ]
    },
    "content2": []
  },
  {
    "pagebreak": "pagebreak"
  },
  {
    "pagenum": 6,
    "content1": [
      "Product 6\n",
      "Amazing Device\n",
      "This product offers unmatched performance and reliability. It is environmentally friendly \n",
      "and energy-efficient. Crafted with premium materials, it is built to last.\n"
    ],
    "table": {
      "columns": [
        "Feature",
        "Description"
      ],
      "rows": [
        {
          "Feature": "Material",
          "Description": "Crafted with premium materials, it is built to last. Available in various sizes and colors to suit your needs. Perfect for everyday use, it provides excellent value for money."
        },
        {
          "Feature": "User Ratings",
          "Description": "Available in various sizes and colors to suit your needs. Designed with the latest technology, it ensures top-notch quality. Its ergonomic design makes it easy to use and handle."
        },
        {
          "Feature": "Price",
          "Description": "Its ergonomic design makes it easy to use and handle. Perfect for everyday use, it provides excellent value for money. This product offers unmatched performance and reliability."
        },
        {
          "Feature": "Dimensions",
          "Description": "Designed with the latest technology, it ensures top-notch quality. Its ergonomic design makes it easy to use and handle. Crafted with premium materials, it is built to last."
        }
      ]
    },
    "content2": []
  },
  {
    "pagebreak": "pagebreak"
  },
  {
    "pagenum": 7,
    "content1": [
      "Product 7\n",
      "Stylish Tool\n",
      "Crafted with premium materials, it is built to last. It is environmentally friendly and energy-\n",
      "efficient. Its ergonomic design makes it easy to use and handle.\n"
    ],
    "table": {
      "columns": [
        "Feature",
        "Description"
      ],
      "rows": [
        {
          "Feature": "Material",
          "Description": "Crafted with premium materials, it is built to last. Available in various sizes and colors to suit your needs. Perfect for everyday use, it provides excellent value for money."
        },
        {
          "Feature": "User Ratings",
          "Description": "Available in various sizes and colors to suit your needs. Designed with the latest technology, it ensures top-notch quality. Its ergonomic design makes it easy to use and handle."
        },
        {
          "Feature": "Price",
          "Description": "Its ergonomic design makes it easy to use and handle. Perfect for everyday use, it provides excellent value for money. This product offers unmatched performance and reliability."
        },
        {
          "Feature": "Dimensions",
          "Description": "Designed with the latest technology, it ensures top-notch quality. Its ergonomic design makes it easy to use and handle. Crafted with premium materials, it is built to last."
        }
      ]
    },
    "content2": []
  },
  {
    "pagebreak": "pagebreak"
  },
  {
    "pagenum": 8,
    "content1": [
      "Product 8\n",
      "Durable Device\n",
      "Its ergonomic design makes it easy to use and handle. Designed with the latest technology, it \n",
      "ensures top-notch quality. This item has received rave reviews from customers worldwide.\n"
    ],
    "table": {
      "columns": [
        "Feature",
        "Description"
      ],
      "rows": [
        {
          "Feature": "Material",
          "Description": "Crafted with premium materials, it is built to last. Available in various sizes and colors to suit your needs. Perfect for everyday use, it provides excellent value for money."
        },
        {
          "Feature": "User Ratings",
          "Description": "Available in various sizes and colors to suit your needs. Designed with the latest technology, it ensures top-notch quality. Its ergonomic design makes it easy to use and handle."
        },
        {
          "Feature": "Price",
          "Description": "Its ergonomic design makes it easy to use and handle. Perfect for everyday use, it provides excellent value for money. This product offers unmatched performance and reliability."
        },
        {
          "Feature": "Dimensions",
          "Description": "Designed with the latest technology, it ensures top-notch quality. Its ergonomic design makes it easy to use and handle. Crafted with premium materials, it is built to last."
        }
      ]
    },
    "content2": []
  },
  {
    "pagebreak": "pagebreak"
  },
  {
    "pagenum": 9,
    "content1": [
      "Product 9\n",
      "Eco-friendly Gadget\n",
      "This product offers unmatched performance and reliability. Designed with the latest \n",
      "technology, it ensures top-notch quality. Crafted with premium materials, it is built to last.\n"
    ],
    "table": {
      "columns": [
        "Feature",
        "Description"
      ],
      "rows": [
        {
          "Feature": "Material",
          "Description": "Crafted with premium materials, it is built to last. Available in various sizes and colors to suit your needs. Perfect for everyday use, it provides excellent value for money."
        },
        {
          "Feature": "User Ratings",
          "Description": "Available in various sizes and colors to suit your needs. Designed with the latest technology, it ensures top-notch quality. Its ergonomic design makes it easy to use and handle."
        },
        {
          "Feature": "Price",
          "Description": "Its ergonomic design makes it easy to use and handle. Perfect for everyday use, it provides excellent value for money. This product offers unmatched performance and reliability."
        },
        {
          "Feature": "Dimensions",
          "Description": "Designed with the latest technology, it ensures top-notch quality. Its ergonomic design makes it easy to use and handle. Crafted with premium materials, it is built to last."
        }
      ]
    },
    "content2": []
  },
  {
    "pagebreak": "pagebreak"
  },
  {
    "pagenum": 10,
    "content1": [
      "Product 10\n",
      "Durable Equipment\n",
      "This item has received rave reviews from customers worldwide. Perfect for everyday use, it \n",
      "provides excellent value for money. Its ergonomic design makes it easy to use and handle.\n"
    ],
    "table": {
      "columns": [
        "Feature",
        "Description"
      ],
      "rows": [
        {
          "Feature": "Material",
          "Description": "Crafted with premium materials, it is built to last. Available in various sizes and colors to suit your needs. Perfect for everyday use, it provides excellent value for money."
        },
        {
          "Feature": "User Ratings",
          "Description": "Available in various sizes and colors to suit your needs. Designed with the latest technology, it ensures top-notch quality. Its ergonomic design makes it easy to use and handle."
        },
        {
          "Feature": "Price",
          "Description": "Its ergonomic design makes it easy to use and handle. Perfect for everyday use, it provides excellent value for money. This product offers unmatched performance and reliability."
        },
        {
          "Feature": "Dimensions",
          "Description": "Designed with the latest technology, it ensures top-notch quality. Its ergonomic design makes it easy to use and handle. Crafted with premium materials, it is built to last."
        }
      ]
    },
    "content2": []
  },
  {
    "pagebreak": "pagebreak"
  },
  {
    "pagenum": 11,
    "content1": [
      "Product 11\n",
      "Incredible Instrument\n",
      "This item has received rave reviews from customers worldwide. This product offers \n",
      "unmatched performance and reliability. Its ergonomic design makes it easy to use and \n",
      "handle.\n"
    ],
    "table": {
      "columns": [
        "Feature",
        "Description"
      ],
      "rows": [
        {
          "Feature": "Material",
          "Description": "Crafted with premium materials, it is built to last. Available in various sizes and colors to suit your needs. Perfect for everyday use, it provides excellent value for money."
        },
        {
          "Feature": "User Ratings",
          "Description": "Available in various sizes and colors to suit your needs. Designed with the latest technology, it ensures top-notch quality. Its ergonomic design makes it easy to use and handle."
        },
        {
          "Feature": "Price",
          "Description": "Its ergonomic design makes it easy to use and handle. Perfect for everyday use, it provides excellent value for money. This product offers unmatched performance and reliability."
        },
        {
          "Feature": "Dimensions",
          "Description": "Designed with the latest technology, it ensures top-notch quality. Its ergonomic design makes it easy to use and handle. Crafted with premium materials, it is built to last."
        }
      ]
    },
    "content2": []
  },
  {
    "pagebreak": "pagebreak"
  },
  {
    "pagenum": 12,
    "content1": [
      "Product 12\n",
      "Durable Appliance\n",
      "It is environmentally friendly and energy-efficient. Available in various sizes and colors to \n",
      "suit your needs. Crafted with premium materials, it is built to last.\n"
    ],
    "table": {
      "columns": [
        "Feature",
        "Description"
      ],
      "rows": [
        {
          "Feature": "Material",
          "Description": "Crafted with premium materials, it is built to last. Available in various sizes and colors to suit your needs. Perfect for everyday use, it provides excellent value for money."
        },
        {
          "Feature": "User Ratings",
          "Description": "Available in various sizes and colors to suit your needs. Designed with the latest technology, it ensures top-notch quality. Its ergonomic design makes it easy to use and handle."
        },
        {
          "Feature": "Price",
          "Description": "Its ergonomic design makes it easy to use and handle. Perfect for everyday use, it provides excellent value for money. This product offers unmatched performance and reliability."
        },
        {
          "Feature": "Dimensions",
          "Description": "Designed with the latest technology, it ensures top-notch quality. Its ergonomic design makes it easy to use and handle. Crafted with premium materials, it is built to last."
        }
      ]
    },
    "content2": []
  },
  {
    "pagebreak": "pagebreak"
  },
  {
    "pagenum": 13,
    "content1": [
      "Product 13\n",
      "Compact Gadget\n",
      "This product offers unmatched performance and reliability. Available in various sizes and \n",
      "colors to suit your needs. Its ergonomic design makes it easy to use and handle.\n"
    ],
    "table": {
      "columns": [
        "Feature",
        "Description"
      ],
      "rows": [
        {
          "Feature": "Material",
          "Description": "Crafted with premium materials, it is built to last. Available in various sizes and colors to suit your needs. Perfect for everyday use, it provides excellent value for money."
        },
        {
          "Feature": "User Ratings",
          "Description": "Available in various sizes and colors to suit your needs. Designed with the latest technology, it ensures top-notch quality. Its ergonomic design makes it easy to use and handle."
        },
        {
          "Feature": "Price",
          "Description": "Its ergonomic design makes it easy to use and handle. Perfect for everyday use, it provides excellent value for money. This product offers unmatched performance and reliability."
        },
        {
          "Feature": "Dimensions",
          "Description": "Designed with the latest technology, it ensures top-notch quality. Its ergonomic design makes it easy to use and handle. Crafted with premium materials, it is built to last."
        }
      ]
    },
    "content2": []
  },
  {
    "pagebreak": "pagebreak"
  },
  {
    "pagenum": 14,
    "content1": [
      "Product 14\n",
      "Incredible Tool\n",
      "Available in various sizes and colors to suit your needs. Designed with the latest technology, \n",
      "it ensures top-notch quality. This product offers unmatched performance and reliability.\n"
    ],
    "table": {
      "columns": [
        "Feature",
        "Description"
      ],
      "rows": [
        {
          "Feature": "Material",
          "Description": "Crafted with premium materials, it is built to last. Available in various sizes and colors to suit your needs. Perfect for everyday use, it provides excellent value for money."
        },
        {
          "Feature": "User Ratings",
          "Description": "Available in various sizes and colors to suit your needs. Designed with the latest technology, it ensures top-notch quality. Its ergonomic design makes it easy to use and handle."
        },
        {
          "Feature": "Price",
          "Description": "Its ergonomic design makes it easy to use and handle. Perfect for everyday use, it provides excellent value for money. This product offers unmatched performance and reliability."
        },
        {
          "Feature": "Dimensions",
          "Description": "Designed with the latest technology, it ensures top-notch quality. Its ergonomic design makes it easy to use and handle. Crafted with premium materials, it is built to last."
        }
      ]
    },
    "content2": []
  },
  {
    "pagebreak": "pagebreak"
  },
  {
    "pagenum": 15,
    "content1": [
      "Product 15\n",
      "Incredible Gadget\n",
      "Available in various sizes and colors to suit your needs. This product offers unmatched \n",
      "performance and reliability. It is environmentally friendly and energy-efficient.\n"
    ],
    "table": {
      "columns": [
        "Feature",
        "Description"
      ],
      "rows": [
        {
          "Feature": "Material",
          "Description": "Crafted with premium materials, it is built to last. Available in various sizes and colors to suit your needs. Perfect for everyday use, it provides excellent value for money."
        },
        {
          "Feature": "User Ratings",
          "Description": "Available in various sizes and colors to suit your needs. Designed with the latest technology, it ensures top-notch quality. Its ergonomic design makes it easy to use and handle."
        },
        {
          "Feature": "Price",
          "Description": "Its ergonomic design makes it easy to use and handle. Perfect for everyday use, it provides excellent value for money. This product offers unmatched performance and reliability."
        },
        {
          "Feature": "Dimensions",
          "Description": "Designed with the latest technology, it ensures top-notch quality. Its ergonomic design makes it easy to use and handle. Crafted with premium materials, it is built to last."
        }
      ]
    },
    "content2": []
  },
  {
    "pagebreak": "pagebreak"
  },
  {
    "pagenum": 16,
    "content1": [
      "Product 16\n",
      "Compact Accessory\n",
      "This product offers unmatched performance and reliability. Designed with the latest \n",
      "technology, it ensures top-notch quality. It is environmentally friendly and energy-efficient.\n"
    ],
    "table": {
      "columns": [
        "Feature",
        "Description"
      ],
      "rows": [
        {
          "Feature": "Material",
          "Description": "Crafted with premium materials, it is built to last. Available in various sizes and colors to suit your needs. Perfect for everyday use, it provides excellent value for money."
        },
        {
          "Feature": "User Ratings",
          "Description": "Available in various sizes and colors to suit your needs. Designed with the latest technology, it ensures top-notch quality. Its ergonomic design makes it easy to use and handle."
        },
        {
          "Feature": "Price",
          "Description": "Its ergonomic design makes it easy to use and handle. Perfect for everyday use, it provides excellent value for money. This product offers unmatched performance and reliability."
        },
        {
          "Feature": "Dimensions",
          "Description": "Designed with the latest technology, it ensures top-notch quality. Its ergonomic design makes it easy to use and handle. Crafted with premium materials, it is built to last."
        }
      ]
    },
    "content2": []
  },
  {
    "pagebreak": "pagebreak"
  },
  {
    "pagenum": 17,
    "content1": [
      "Product 17\n",
      "Innovative Accessory\n",
      "This item has received rave reviews from customers worldwide. Crafted with premium \n",
      "materials, it is built to last. It is environmentally friendly and energy-efficient.\n"
    ],
    "table": {
      "columns": [
        "Feature",
        "Description"
      ],
      "rows": [
        {
          "Feature": "Material",
          "Description": "Crafted with premium materials, it is built to last. Available in various sizes and colors to suit your needs. Perfect for everyday use, it provides excellent value for money."
        },
        {
          "Feature": "User Ratings",
          "Description": "Available in various sizes and colors to suit your needs. Designed with the latest technology, it ensures top-notch quality. Its ergonomic design makes it easy to use and handle."
        },
        {
          "Feature": "Price",
          "Description": "Its ergonomic design makes it easy to use and handle. Perfect for everyday use, it provides excellent value for money. This product offers unmatched performance and reliability."
        },
        {
          "Feature": "Dimensions",
          "Description": "Designed with the latest technology, it ensures top-notch quality. Its ergonomic design makes it easy to use and handle. Crafted with premium materials, it is built to last."
        }
      ]
    },
    "content2": []
  },
  {
    "pagebreak": "pagebreak"
  },
  {
    "pagenum": 18,
    "content1": [
      "Product 18\n",
      "Durable Tool\n",
      "Perfect for everyday use, it provides excellent value for money. Designed with the latest \n",
      "technology, it ensures top-notch quality. This product offers unmatched performance and \n",
      "reliability.\n"
    ],
    "table": {
      "columns": [
        "Feature",
        "Description"
      ],
      "rows": [
        {
          "Feature": "Material",
          "Description": "Crafted with premium materials, it is built to last. Available in various sizes and colors to suit your needs. Perfect for everyday use, it provides excellent value for money."
        },
        {
          "Feature": "User Ratings",
          "Description": "Available in various sizes and colors to suit your needs. Designed with the latest technology, it ensures top-notch quality. Its ergonomic design makes it easy to use and handle."
        },
        {
          "Feature": "Price",
          "Description": "Its ergonomic design makes it easy to use and handle. Perfect for everyday use, it provides excellent value for money. This product offers unmatched performance and reliability."
        },
        {
          "Feature": "Dimensions",
          "Description": "Designed with the latest technology, it ensures top-notch quality. Its ergonomic design makes it easy to use and handle. Crafted with premium materials, it is built to last."
        }
      ]
    },
    "content2": []
  },
  {
    "pagebreak": "pagebreak"
  },
  {
    "pagenum": 19,
    "content1": [
      "Product 19\n",
      "Durable Device\n",
      "Its ergonomic design makes it easy to use and handle. Designed with the latest technology, it \n",
      "ensures top-notch quality. Available in various sizes and colors to suit your needs.\n"
    ],
    "table": {
      "columns": [
        "Feature",
        "Description"
      ],
      "rows": [
        {
          "Feature": "Material",
          "Description": "Crafted with premium materials, it is built to last. Available in various sizes and colors to suit your needs. Perfect for everyday use, it provides excellent value for money."
        },
        {
          "Feature": "User Ratings",
          "Description": "Available in various sizes and colors to suit your needs. Designed with the latest technology, it ensures top-notch quality. Its ergonomic design makes it easy to use and handle."
        },
        {
          "Feature": "Price",
          "Description": "Its ergonomic design makes it easy to use and handle. Perfect for everyday use, it provides excellent value for money. This product offers unmatched performance and reliability."
        },
        {
          "Feature": "Dimensions",
          "Description": "Designed with the latest technology, it ensures top-notch quality. Its ergonomic design makes it easy to use and handle. Crafted with premium materials, it is built to last."
        }
      ]
    },
    "content2": []
  },
  {
    "pagebreak": "pagebreak"
  },
  {
    "pagenum": 20,
    "content1": [
      "Product 20\n",
      "Compact Accessory\n",
      "This item has received rave reviews from customers worldwide. Perfect for everyday use, it \n",
      "provides excellent value for money. Crafted with premium materials, it is built to last.\n"
    ],
    "table": {
      "columns": [
        "Feature",
        "Description"
      ],
      "rows": [
        {
          "Feature": "Material",
          "Description": "Crafted with premium materials, it is built to last. Available in various sizes and colors to suit your needs. Perfect for everyday use, it provides excellent value for money."
        },
        {
          "Feature": "User Ratings",
          "Description": "Available in various sizes and colors to suit your needs. Designed with the latest technology, it ensures top-notch quality. Its ergonomic design makes it easy to use and handle."
        },
        {
          "Feature": "Price",
          "Description": "Its ergonomic design makes it easy to use and handle. Perfect for everyday use, it provides excellent value for money. This product offers unmatched performance and reliability."
        },
        {
          "Feature": "Dimensions",
          "Description": "Designed with the latest technology, it ensures top-notch quality. Its ergonomic design makes it easy to use and handle. Crafted with premium materials, it is built to last."
        }
      ]
    },
    "content2": []
  },
  {
    "pagebreak": "pagebreak"
  },
  {
    "pagenum": 21,
    "content1": [
      "Product 21\n",
      "Fantastic Tool\n",
      "Available in various sizes and colors to suit your needs. Crafted with premium materials, it \n",
      "is built to last. Its ergonomic design makes it easy to use and handle.\n"
    ],
    "table": {
      "columns": [
        "Feature",
        "Description"
      ],
      "rows": [
        {
          "Feature": "Material",
          "Description": "Crafted with premium materials, it is built to last. Available in various sizes and colors to suit your needs. Perfect for everyday use, it provides excellent value for money."
        },
        {
          "Feature": "User Ratings",
          "Description": "Available in various sizes and colors to suit your needs. Designed with the latest technology, it ensures top-notch quality. Its ergonomic design makes it easy to use and handle."
        },
        {
          "Feature": "Price",
          "Description": "Its ergonomic design makes it easy to use and handle. Perfect for everyday use, it provides excellent value for money. This product offers unmatched performance and reliability."
        },
        {
          "Feature": "Dimensions",
          "Description": "Designed with the latest technology, it ensures top-notch quality. Its ergonomic design makes it easy to use and handle. Crafted with premium materials, it is built to last."
        }
      ]
    },
    "content2": []
  },
  {
    "pagebreak": "pagebreak"
  },
  {
    "pagenum": 22,
    "content1": [
      "Product 22\n",
      "Durable Tool\n",
      "It is environmentally friendly and energy-efficient. Crafted with premium materials, it is \n",
      "built to last. Its ergonomic design makes it easy to use and handle.\n"
    ],
    "table": {
      "columns": [
        "Feature",
        "Description"
      ],
      "rows": [
        {
          "Feature": "Material",
          "Description": "Crafted with premium materials, it is built to last. Available in various sizes and colors to suit your needs. Perfect for everyday use, it provides excellent value for money."
        },
        {
          "Feature": "User Ratings",
          "Description": "Available in various sizes and colors to suit your needs. Designed with the latest technology, it ensures top-notch quality. Its ergonomic design makes it easy to use and handle."
        },
        {
          "Feature": "Price",
          "Description": "Its ergonomic design makes it easy to use and handle. Perfect for everyday use, it provides excellent value for money. This product offers unmatched performance and reliability."
        },
        {
          "Feature": "Dimensions",
          "Description": "Designed with the latest technology, it ensures top-notch quality. Its ergonomic design makes it easy to use and handle. Crafted with premium materials, it is built to last."
        }
      ]
    },
    "content2": []
  },
  {
    "pagebreak": "pagebreak"
  },
  {
    "pagenum": 23,
    "content1": [
      "Product 23\n",
      "Stylish Accessory\n",
      "Crafted with premium materials, it is built to last. Its ergonomic design makes it easy to use \n",
      "and handle. Available in various sizes and colors to suit your needs.\n"
    ],
    "table": {
      "columns": [
        "Feature",
        "Description"
      ],
      "rows": [
        {
          "Feature": "Material",
          "Description": "Crafted with premium materials, it is built to last. Available in various sizes and colors to suit your needs. Perfect for everyday use, it provides excellent value for money."
        },
        {
          "Feature": "User Ratings",
          "Description": "Available in various sizes and colors to suit your needs. Designed with the latest technology, it ensures top-notch quality. Its ergonomic design makes it easy to use and handle."
        },
        {
          "Feature": "Price",
          "Description": "Its ergonomic design makes it easy to use and handle. Perfect for everyday use, it provides excellent value for money. This product offers unmatched performance and reliability."
        },
        {
          "Feature": "Dimensions",
          "Description": "Designed with the latest technology, it ensures top-notch quality. Its ergonomic design makes it easy to use and handle. Crafted with premium materials, it is built to last."
        }
      ]
    },
    "content2": []
  },
  {
    "pagebreak": "pagebreak"
  },
  {
    "pagenum": 24,
    "content1": [
      "Product 24\n",
      "Durable Device\n",
      "This product offers unmatched performance and reliability. This item has received rave \n",
      "reviews from customers worldwide. Crafted with premium materials, it is built to last.\n"
    ],
    "table": {
      "columns": [
        "Feature",
        "Description"
      ],
      "rows": [
        {
          "Feature": "Material",
          "Description": "Crafted with premium materials, it is built to last. Available in various sizes and colors to suit your needs. Perfect for everyday use, it provides excellent value for money."
        },
        {
          "Feature": "User Ratings",
          "Description": "Available in various sizes and colors to suit your needs. Designed with the latest technology, it ensures top-notch quality. Its ergonomic design makes it easy to use and handle."
        },
        {
          "Feature": "Price",
          "Description": "Its ergonomic design makes it easy to use and handle. Perfect for everyday use, it provides excellent value for money. This product offers unmatched performance and reliability."
        },
        {
          "Feature": "Dimensions",
          "Description": "Designed with the latest technology, it ensures top-notch quality. Its ergonomic design makes it easy to use and handle. Crafted with premium materials, it is built to last."
        }
      ]
    },
    "content2": []
  },
  {
    "pagebreak": "pagebreak"
  },
  {
    "pagenum": 25,
    "content1": [
      "Product 25\n",
      "Durable Item\n",
      "Available in various sizes and colors to suit your needs. Its ergonomic design makes it easy \n",
      "to use and handle. Crafted with premium materials, it is built to last.\n"
    ],
    "table": {
      "columns": [
        "Feature",
        "Description"
      ],
      "rows": [
        {
          "Feature": "Material",
          "Description": "Crafted with premium materials, it is built to last. Available in various sizes and colors to suit your needs. Perfect for everyday use, it provides excellent value for money."
        },
        {
          "Feature": "User Ratings",
          "Description": "Available in various sizes and colors to suit your needs. Designed with the latest technology, it ensures top-notch quality. Its ergonomic design makes it easy to use and handle."
        },
        {
          "Feature": "Price",
          "Description": "Its ergonomic design makes it easy to use and handle. Perfect for everyday use, it provides excellent value for money. This product offers unmatched performance and reliability."
        },
        {
          "Feature": "Dimensions",
          "Description": "Designed with the latest technology, it ensures top-notch quality. Its ergonomic design makes it easy to use and handle. Crafted with premium materials, it is built to last."
        }
      ]
    },
    "content2": []
  },
  {
    "pagebreak": "pagebreak"
  },
  {
    "pagenum": 26,
    "content1": [
      "Product 26\n",
      "Innovative Item\n",
      "Available in various sizes and colors to suit your needs. Its ergonomic design makes it easy \n",
      "to use and handle. This item has received rave reviews from customers worldwide.\n"
    ],
    "table": {
      "columns": [
        "Feature",
        "Description"
      ],
      "rows": [
        {
          "Feature": "Material",
          "Description": "Crafted with premium materials, it is built to last. Available in various sizes and colors to suit your needs. Perfect for everyday use, it provides excellent value for money."
        },
        {
          "Feature": "User Ratings",
          "Description": "Available in various sizes and colors to suit your needs. Designed with the latest technology, it ensures top-notch quality. Its ergonomic design makes it easy to use and handle."
        },
        {
          "Feature": "Price",
          "Description": "Its ergonomic design makes it easy to use and handle. Perfect for everyday use, it provides excellent value for money. This product offers unmatched performance and reliability."
        },
        {
          "Feature": "Dimensions",
          "Description": "Designed with the latest technology, it ensures top-notch quality. Its ergonomic design makes it easy to use and handle. Crafted with premium materials, it is built to last."
        }
      ]
    },
    "content2": []
  },
  {
    "pagebreak": "pagebreak"
  },
  {
    "pagenum": 27,
    "content1": [
      "Product 27\n",
      "Fantastic Item\n",
      "This product offers unmatched performance and reliability. Designed with the latest \n",
      "technology, it ensures top-notch quality. Available in various sizes and colors to suit your \n",
      "needs.\n"
    ],
    "table": {
      "columns": [
        "Feature",
        "Description"
      ],
      "rows": [
        {
          "Feature": "Material",
          "Description": "Crafted with premium materials, it is built to last. Available in various sizes and colors to suit your needs. Perfect for everyday use, it provides excellent value for money."
        },
        {
          "Feature": "User Ratings",
          "Description": "Available in various sizes and colors to suit your needs. Designed with the latest technology, it ensures top-notch quality. Its ergonomic design makes it easy to use and handle."
        },
        {
          "Feature": "Price",
          "Description": "Its ergonomic design makes it easy to use and handle. Perfect for everyday use, it provides excellent value for money. This product offers unmatched performance and reliability."
        },
        {
          "Feature": "Dimensions",
          "Description": "Designed with the latest technology, it ensures top-notch quality. Its ergonomic design makes it easy to use and handle. Crafted with premium materials, it is built to last."
        }
      ]
    },
    "content2": []
  },
  {
    "pagebreak": "pagebreak"
  },
  {
    "pagenum": 28,
    "content1": [
      "Product 28\n",
      "Amazing Item\n",
      "Its ergonomic design makes it easy to use and handle. Crafted with premium materials, it is \n",
      "built to last. This item has received rave reviews from customers worldwide.\n"
    ],
    "table": {
      "columns": [
        "Feature",
        "Description"
      ],
      "rows": [
        {
          "Feature": "Material",
          "Description": "Crafted with premium materials, it is built to last. Available in various sizes and colors to suit your needs. Perfect for everyday use, it provides excellent value for money."
        },
        {
          "Feature": "User Ratings",
          "Description": "Available in various sizes and colors to suit your needs. Designed with the latest technology, it ensures top-notch quality. Its ergonomic design makes it easy to use and handle."
        },
        {
          "Feature": "Price",
          "Description": "Its ergonomic design makes it easy to use and handle. Perfect for everyday use, it provides excellent value for money. This product offers unmatched performance and reliability."
        },
        {
          "Feature": "Dimensions",
          "Description": "Designed with the latest technology, it ensures top-notch quality. Its ergonomic design makes it easy to use and handle. Crafted with premium materials, it is built to last."
        }
      ]
    },
    "content2": []
  },
  {
    "pagebreak": "pagebreak"
  },
  {
    "pagenum": 29,
    "content1": [
      "Product 29\n",
      "Incredible Item\n",
      "Designed with the latest technology, it ensures top-notch quality. Available in various sizes \n",
      "and colors to suit your needs. Its ergonomic design makes it easy to use and handle.\n"
    ],
    "table": {
      "columns": [
        "Feature",
        "Description"
      ],
      "rows": [
        {
          "Feature": "Material",
          "Description": "Crafted with premium materials, it is built to last. Available in various sizes and colors to suit your needs. Perfect for everyday use, it provides excellent value for money."
        },
        {
          "Feature": "User Ratings",
          "Description": "Available in various sizes and colors to suit your needs. Designed with the latest technology, it ensures top-notch quality. Its ergonomic design makes it easy to use and handle."
        },
        {
          "Feature": "Price",
          "Description": "Its ergonomic design makes it easy to use and handle. Perfect for everyday use, it provides excellent value for money. This product offers unmatched performance and reliability."
        },
        {
          "Feature": "Dimensions",
          "Description": "Designed with the latest technology, it ensures top-notch quality. Its ergonomic design makes it easy to use and handle. Crafted with premium materials, it is built to last."
        }
      ]
    },
    "content2": []
  },
  {
    "pagebreak": "pagebreak"
  },
  {
    "pagenum": 30,
    "content1": [
      "Product 30\n",
      "Stylish Tool\n",
      "Available in various sizes and colors to suit your needs. Perfect for everyday use, it provides \n",
      "excellent value for money. Crafted with premium materials, it is built to last.\n"
    ],
    "table": {
      "columns": [
        "Feature",
        "Description"
      ],
      "rows": [
        {
          "Feature": "Material",
          "Description": "Crafted with premium materials, it is built to last. Available in various sizes and colors to suit your needs. Perfect for everyday use, it provides excellent value for money."
        },
        {
          "Feature": "User Ratings",
          "Description": "Available in various sizes and colors to suit your needs. Designed with the latest technology, it ensures top-notch quality. Its ergonomic design makes it easy to use and handle."
        },
        {
          "Feature": "Price",
          "Description": "Its ergonomic design makes it easy to use and handle. Perfect for everyday use, it provides excellent value for money. This product offers unmatched performance and reliability."
        },
        {
          "Feature": "Dimensions",
          "Description": "Designed with the latest technology, it ensures top-notch quality. Its ergonomic design makes it easy to use and handle. Crafted with premium materials, it is built to last."
        }
      ]
    },
    "content2": []
  },
  {
    "pagebreak": "pagebreak"
  },
  {
    "pagenum": 31,
    "content1": [
      "Product 31\n",
      "Fantastic Gadget\n",
      "This item has received rave reviews from customers worldwide. Designed with the latest \n",
      "technology, it ensures top-notch quality. Available in various sizes and colors to suit your \n",
      "needs.\n"
    ],
    "table": {
      "columns": [
        "Feature",
        "Description"
      ],
      "rows": [
        {
          "Feature": "Material",
          "Description": "Crafted with premium materials, it is built to last. Available in various sizes and colors to suit your needs. Perfect for everyday use, it provides excellent value for money."
        },
        {
          "Feature": "User Ratings",
          "Description": "Available in various sizes and colors to suit your needs. Designed with the latest technology, it ensures top-notch quality. Its ergonomic design makes it easy to use and handle."
        },
        {
          "Feature": "Price",
          "Description": "Its ergonomic design makes it easy to use and handle. Perfect for everyday use, it provides excellent value for money. This product offers unmatched performance and reliability."
        },
        {
          "Feature": "Dimensions",
          "Description": "Designed with the latest technology, it ensures top-notch quality. Its ergonomic design makes it easy to use and handle. Crafted with premium materials, it is built to last."
        }
      ]
    },
    "content2": []
  },
  {
    "pagebreak": "pagebreak"
  },
  {
    "pagenum": 32,
    "content1": [
      "Product 32\n",
      "Compact Tool\n",
      "Designed with the latest technology, it ensures top-notch quality. Available in various sizes \n",
      "and colors to suit your needs. Its ergonomic design makes it easy to use and handle.\n"
    ],
    "table": {
      "columns": [
        "Feature",
        "Description"
      ],
      "rows": [
        {
          "Feature": "Material",
          "Description": "Crafted with premium materials, it is built to last. Available in various sizes and colors to suit your needs. Perfect for everyday use, it provides excellent value for money."
        },
        {
          "Feature": "User Ratings",
          "Description": "Available in various sizes and colors to suit your needs. Designed with the latest technology, it ensures top-notch quality. Its ergonomic design makes it easy to use and handle."
        },
        {
          "Feature": "Price",
          "Description": "Its ergonomic design makes it easy to use and handle. Perfect for everyday use, it provides excellent value for money. This product offers unmatched performance and reliability."
        },
        {
          "Feature": "Dimensions",
          "Description": "Designed with the latest technology, it ensures top-notch quality. Its ergonomic design makes it easy to use and handle. Crafted with premium materials, it is built to last."
        }
      ]
    },
    "content2": []
  },
  {
    "pagebreak": "pagebreak"
  },
  {
    "pagenum": 33,
    "content1": [
      "Product 33\n",
      "Fantastic Appliance\n",
      "This item has received rave reviews from customers worldwide. Designed with the latest \n",
      "technology, it ensures top-notch quality. Crafted with premium materials, it is built to last.\n"
    ],
    "table": {
      "columns": [
        "Feature",
        "Description"
      ],
      "rows": [
        {
          "Feature": "Material",
          "Description": "Crafted with premium materials, it is built to last. Available in various sizes and colors to suit your needs. Perfect for everyday use, it provides excellent value for money."
        },
        {
          "Feature": "User Ratings",
          "Description": "Available in various sizes and colors to suit your needs. Designed with the latest technology, it ensures top-notch quality. Its ergonomic design makes it easy to use and handle."
        },
        {
          "Feature": "Price",
          "Description": "Its ergonomic design makes it easy to use and handle. Perfect for everyday use, it provides excellent value for money. This product offers unmatched performance and reliability."
        },
        {
          "Feature": "Dimensions",
          "Description": "Designed with the latest technology, it ensures top-notch quality. Its ergonomic design makes it easy to use and handle. Crafted with premium materials, it is built to last."
        }
      ]
    },
    "content2": []
  },
  {
    "pagebreak": "pagebreak"
  },
  {
    "pagenum": 34,
    "content1": [
      "Product 34\n",
      "Amazing Item\n",
      "Its ergonomic design makes it easy to use and handle. It is environmentally friendly and \n",
      "energy-efficient. Crafted with premium materials, it is built to last.\n"
    ],
    "table": {
      "columns": [
        "Feature",
        "Description"
      ],
      "rows": [
        {
          "Feature": "Material",
          "Description": "Crafted with premium materials, it is built to last. Available in various sizes and colors to suit your needs. Perfect for everyday use, it provides excellent value for money."
        },
        {
          "Feature": "User Ratings",
          "Description": "Available in various sizes and colors to suit your needs. Designed with the latest technology, it ensures top-notch quality. Its ergonomic design makes it easy to use and handle."
        },
        {
          "Feature": "Price",
          "Description": "Its ergonomic design makes it easy to use and handle. Perfect for everyday use, it provides excellent value for money. This product offers unmatched performance and reliability."
        },
        {
          "Feature": "Dimensions",
          "Description": "Designed with the latest technology, it ensures top-notch quality. Its ergonomic design makes it easy to use and handle. Crafted with premium materials, it is built to last."
        }
      ]
    },
    "content2": []
  },
  {
    "pagebreak": "pagebreak"
  },
  {
    "pagenum": 35,
    "content1": [
      "Product 35\n",
      "Compact Item\n",
      "Available in various sizes and colors to suit your needs. This product offers unmatched \n",
      "performance and reliability. This item has received rave reviews from customers \n",
      "worldwide.\n"
    ],
    "table": {
      "columns": [
        "Feature",
        "Description"
      ],
      "rows": [
        {
          "Feature": "Material",
          "Description": "Crafted with premium materials, it is built to last. Available in various sizes and colors to suit your needs. Perfect for everyday use, it provides excellent value for money."
        },
        {
          "Feature": "User Ratings",
          "Description": "Available in various sizes and colors to suit your needs. Designed with the latest technology, it ensures top-notch quality. Its ergonomic design makes it easy to use and handle."
        },
        {
          "Feature": "Price",
          "Description": "Its ergonomic design makes it easy to use and handle. Perfect for everyday use, it provides excellent value for money. This product offers unmatched performance and reliability."
        },
        {
          "Feature": "Dimensions",
          "Description": "Designed with the latest technology, it ensures top-notch quality. Its ergonomic design makes it easy to use and handle. Crafted with premium materials, it is built to last."
        }
      ]
    },
    "content2": []
  },
  {
    "pagebreak": "pagebreak"
  },
  {
    "pagenum": 36,
    "content1": [
      "Product 36\n",
      "Durable Item\n",
      "This product offers unmatched performance and reliability. Perfect for everyday use, it \n",
      "provides excellent value for money. It is environmentally friendly and energy-efficient.\n"
    ],
    "table": {
      "columns": [
        "Feature",
        "Description"
      ],
      "rows": [
        {
          "Feature": "Material",
          "Description": "Crafted with premium materials, it is built to last. Available in various sizes and colors to suit your needs. Perfect for everyday use, it provides excellent value for money."
        },
        {
          "Feature": "User Ratings",
          "Description": "Available in various sizes and colors to suit your needs. Designed with the latest technology, it ensures top-notch quality. Its ergonomic design makes it easy to use and handle."
        },
        {
          "Feature": "Price",
          "Description": "Its ergonomic design makes it easy to use and handle. Perfect for everyday use, it provides excellent value for money. This product offers unmatched performance and reliability."
        },
        {
          "Feature": "Dimensions",
          "Description": "Designed with the latest technology, it ensures top-notch quality. Its ergonomic design makes it easy to use and handle. Crafted with premium materials, it is built to last."
        }
      ]
    },
    "content2": []
  },
  {
    "pagebreak": "pagebreak"
  },
  {
    "pagenum": 37,
    "content1": [
      "Product 37\n",
      "Compact Equipment\n",
      "This item has received rave reviews from customers worldwide. It is environmentally \n",
      "friendly and energy-efficient. This product offers unmatched performance and reliability.\n"
    ],
    "table": {
      "columns": [
        "Feature",
        "Description"
      ],
      "rows": [
        {
          "Feature": "Material",
          "Description": "Crafted with premium materials, it is built to last. Available in various sizes and colors to suit your needs. Perfect for everyday use, it provides excellent value for money."
        },
        {
          "Feature": "User Ratings",
          "Description": "Available in various sizes and colors to suit your needs. Designed with the latest technology, it ensures top-notch quality. Its ergonomic design makes it easy to use and handle."
        },
        {
          "Feature": "Price",
          "Description": "Its ergonomic design makes it easy to use and handle. Perfect for everyday use, it provides excellent value for money. This product offers unmatched performance and reliability."
        },
        {
          "Feature": "Dimensions",
          "Description": "Designed with the latest technology, it ensures top-notch quality. Its ergonomic design makes it easy to use and handle. Crafted with premium materials, it is built to last."
        }
      ]
    },
    "content2": []
  },
  {
    "pagebreak": "pagebreak"
  },
  {
    "pagenum": 38,
    "content1": [
      "Product 38\n",
      "Fantastic Equipment\n",
      "This product offers unmatched performance and reliability. Crafted with premium \n",
      "materials, it is built to last. It is environmentally friendly and energy-efficient.\n"
    ],
    "table": {
      "columns": [
        "Feature",
        "Description"
      ],
      "rows": [
        {
          "Feature": "Material",
          "Description": "Crafted with premium materials, it is built to last. Available in various sizes and colors to suit your needs. Perfect for everyday use, it provides excellent value for money."
        },
        {
          "Feature": "User Ratings",
          "Description": "Available in various sizes and colors to suit your needs. Designed with the latest technology, it ensures top-notch quality. Its ergonomic design makes it easy to use and handle."
        },
        {
          "Feature": "Price",
          "Description": "Its ergonomic design makes it easy to use and handle. Perfect for everyday use, it provides excellent value for money. This product offers unmatched performance and reliability."
        },
        {
          "Feature": "Dimensions",
          "Description": "Designed with the latest technology, it ensures top-notch quality. Its ergonomic design makes it easy to use and handle. Crafted with premium materials, it is built to last."
        }
      ]
    },
    "content2": []
  },
  {
    "pagebreak": "pagebreak"
  },
  {
    "pagenum": 39,
    "content1": [
      "Product 39\n",
      "Innovative Device\n",
      "Crafted with premium materials, it is built to last. This item has received rave reviews from \n",
      "customers worldwide. Perfect for everyday use, it provides excellent value for money.\n"
    ],
    "table": {
      "columns": [
        "Feature",
        "Description"
      ],
      "rows": [
        {
          "Feature": "Material",
          "Description": "Crafted with premium materials, it is built to last. Available in various sizes and colors to suit your needs. Perfect for everyday use, it provides excellent value for money."
        },
        {
          "Feature": "User Ratings",
          "Description": "Available in various sizes and colors to suit your needs. Designed with the latest technology, it ensures top-notch quality. Its ergonomic design makes it easy to use and handle."
        },
        {
          "Feature": "Price",
          "Description": "Its ergonomic design makes it easy to use and handle. Perfect for everyday use, it provides excellent value for money. This product offers unmatched performance and reliability."
        },
        {
          "Feature": "Dimensions",
          "Description": "Designed with the latest technology, it ensures top-notch quality. Its ergonomic design makes it easy to use and handle. Crafted with premium materials, it is built to last."
        }
      ]
    },
    "content2": []
  },
  {
    "pagebreak": "pagebreak"
  },
  {
    "pagenum": 40,
    "content1": [
      "Product 40\n",
      "Stylish Equipment\n",
      "This product offers unmatched performance and reliability. This item has received rave \n",
      "reviews from customers worldwide. Designed with the latest technology, it ensures top-\n",
      "notch quality.\n"
    ],
    "table": {
      "columns": [
        "Feature",
        "Description"
      ],
      "rows": [
        {
          "Feature": "Material",
          "Description": "Crafted with premium materials, it is built to last. Available in various sizes and colors to suit your needs. Perfect for everyday use, it provides excellent value for money."
        },
        {
          "Feature": "User Ratings",
          "Description": "Available in various sizes and colors to suit your needs. Designed with the latest technology, it ensures top-notch quality. Its ergonomic design makes it easy to use and handle."
        },
        {
          "Feature": "Price",
          "Description": "Its ergonomic design makes it easy to use and handle. Perfect for everyday use, it provides excellent value for money. This product offers unmatched performance and reliability."
        },
        {
          "Feature": "Dimensions",
          "Description": "Designed with the latest technology, it ensures top-notch quality. Its ergonomic design makes it easy to use and handle. Crafted with premium materials, it is built to last."
        }
      ]
    },
    "content2": []
  },
  {
    "pagebreak": "pagebreak"
  },
  {
    "pagenum": 41,
    "content1": [
      "Product 41\n",
      "Compact Appliance\n",
      "Perfect for everyday use, it provides excellent value for money. Designed with the latest \n",
      "technology, it ensures top-notch quality. This item has received rave reviews from \n",
      "customers worldwide.\n"
    ],
    "table": {
      "columns": [
        "Feature",
        "Description"
      ],
      "rows": [
        {
          "Feature": "Material",
          "Description": "Crafted with premium materials, it is built to last. Available in various sizes and colors to suit your needs. Perfect for everyday use, it provides excellent value for money."
        },
        {
          "Feature": "User Ratings",
          "Description": "Available in various sizes and colors to suit your needs. Designed with the latest technology, it ensures top-notch quality. Its ergonomic design makes it easy to use and handle."
        },
        {
          "Feature": "Price",
          "Description": "Its ergonomic design makes it easy to use and handle. Perfect for everyday use, it provides excellent value for money. This product offers unmatched performance and reliability."
        },
        {
          "Feature": "Dimensions",
          "Description": "Designed with the latest technology, it ensures top-notch quality. Its ergonomic design makes it easy to use and handle. Crafted with premium materials, it is built to last."
        }
      ]
    },
    "content2": []
  },
  {
    "pagebreak": "pagebreak"
  },
  {
    "pagenum": 42,
    "content1": [
      "Product 42\n",
      "Durable Item\n",
      "Available in various sizes and colors to suit your needs. This item has received rave reviews \n",
      "from customers worldwide. Its ergonomic design makes it easy to use and handle.\n"
    ],
    "table": {
      "columns": [
        "Feature",
        "Description"
      ],
      "rows": [
        {
          "Feature": "Material",
          "Description": "Crafted with premium materials, it is built to last. Available in various sizes and colors to suit your needs. Perfect for everyday use, it provides excellent value for money."
        },
        {
          "Feature": "User Ratings",
          "Description": "Available in various sizes and colors to suit your needs. Designed with the latest technology, it ensures top-notch quality. Its ergonomic design makes it easy to use and handle."
        },
        {
          "Feature": "Price",
          "Description": "Its ergonomic design makes it easy to use and handle. Perfect for everyday use, it provides excellent value for money. This product offers unmatched performance and reliability."
        },
        {
          "Feature": "Dimensions",
          "Description": "Designed with the latest technology, it ensures top-notch quality. Its ergonomic design makes it easy to use and handle. Crafted with premium materials, it is built to last."
        }
      ]
    },
    "content2": []
  },
  {
    "pagebreak": "pagebreak"
  },
  {
    "pagenum": 43,
    "content1": [
      "Product 43\n",
      "Incredible Equipment\n",
      "Designed with the latest technology, it ensures top-notch quality. It is environmentally \n",
      "friendly and energy-efficient. Perfect for everyday use, it provides excellent value for \n",
      "money.\n"
    ],
    "table": {
      "columns": [
        "Feature",
        "Description"
      ],
      "rows": [
        {
          "Feature": "Material",
          "Description": "Crafted with premium materials, it is built to last. Available in various sizes and colors to suit your needs. Perfect for everyday use, it provides excellent value for money."
        },
        {
          "Feature": "User Ratings",
          "Description": "Available in various sizes and colors to suit your needs. Designed with the latest technology, it ensures top-notch quality. Its ergonomic design makes it easy to use and handle."
        },
        {
          "Feature": "Price",
          "Description": "Its ergonomic design makes it easy to use and handle. Perfect for everyday use, it provides excellent value for money. This product offers unmatched performance and reliability."
        },
        {
          "Feature": "Dimensions",
          "Description": "Designed with the latest technology, it ensures top-notch quality. Its ergonomic design makes it easy to use and handle. Crafted with premium materials, it is built to last."
        }
      ]
    },
    "content2": []
  },
  {
    "pagebreak": "pagebreak"
  },
  {
    "pagenum": 44,
    "content1": [
      "Product 44\n",
      "Compact Instrument\n",
      "Perfect for everyday use, it provides excellent value for money. Crafted with premium \n",
      "materials, it is built to last. It is environmentally friendly and energy-efficient.\n"
    ],
    "table": {
      "columns": [
        "Feature",
        "Description"
      ],
      "rows": [
        {
          "Feature": "Material",
          "Description": "Crafted with premium materials, it is built to last. Available in various sizes and colors to suit your needs. Perfect for everyday use, it provides excellent value for money."
        },
        {
          "Feature": "User Ratings",
          "Description": "Available in various sizes and colors to suit your needs. Designed with the latest technology, it ensures top-notch quality. Its ergonomic design makes it easy to use and handle."
        },
        {
          "Feature": "Price",
          "Description": "Its ergonomic design makes it easy to use and handle. Perfect for everyday use, it provides excellent value for money. This product offers unmatched performance and reliability."
        },
        {
          "Feature": "Dimensions",
          "Description": "Designed with the latest technology, it ensures top-notch quality. Its ergonomic design makes it easy to use and handle. Crafted with premium materials, it is built to last."
        }
      ]
    },
    "content2": []
  },
  {
    "pagebreak": "pagebreak"
  },
  {
    "pagenum": 45,
    "content1": [
      "Product 45\n",
      "Fantastic Tool\n",
      "Designed with the latest technology, it ensures top-notch quality. Its ergonomic design \n",
      "makes it easy to use and handle. It is environmentally friendly and energy-efficient.\n"
    ],
    "table": {
      "columns": [
        "Feature",
        "Description"
      ],
      "rows": [
        {
          "Feature": "Material",
          "Description": "Crafted with premium materials, it is built to last. Available in various sizes and colors to suit your needs. Perfect for everyday use, it provides excellent value for money."
        },
        {
          "Feature": "User Ratings",
          "Description": "Available in various sizes and colors to suit your needs. Designed with the latest technology, it ensures top-notch quality. Its ergonomic design makes it easy to use and handle."
        },
        {
          "Feature": "Price",
          "Description": "Its ergonomic design makes it easy to use and handle. Perfect for everyday use, it provides excellent value for money. This product offers unmatched performance and reliability."
        },
        {
          "Feature": "Dimensions",
          "Description": "Designed with the latest technology, it ensures top-notch quality. Its ergonomic design makes it easy to use and handle. Crafted with premium materials, it is built to last."
        }
      ]
    },
    "content2": []
  },
  {
    "pagebreak": "pagebreak"
  },
  {
    "pagenum": 46,
    "content1": [
      "Product 46\n",
      "Eco-friendly Tool\n",
      "Its ergonomic design makes it easy to use and handle. Designed with the latest technology, it \n",
      "ensures top-notch quality. This product offers unmatched performance and reliability.\n"
    ],
    "table": {
      "columns": [
        "Feature",
        "Description"
      ],
      "rows": [
        {
          "Feature": "Material",
          "Description": "Crafted with premium materials, it is built to last. Available in various sizes and colors to suit your needs. Perfect for everyday use, it provides excellent value for money."
        },
        {
          "Feature": "User Ratings",
          "Description": "Available in various sizes and colors to suit your needs. Designed with the latest technology, it ensures top-notch quality. Its ergonomic design makes it easy to use and handle."
        },
        {
          "Feature": "Price",
          "Description": "Its ergonomic design makes it easy to use and handle. Perfect for everyday use, it provides excellent value for money. This product offers unmatched performance and reliability."
        },
        {
          "Feature": "Dimensions",
          "Description": "Designed with the latest technology, it ensures top-notch quality. Its ergonomic design makes it easy to use and handle. Crafted with premium materials, it is built to last."
        }
      ]
    },
    "content2": []
  },
  {
    "pagebreak": "pagebreak"
  },
  {
    "pagenum": 47,
    "content1": [
      "Product 47\n",
      "Fantastic Accessory\n",
      "Designed with the latest technology, it ensures top-notch quality. Perfect for everyday use, it \n",
      "provides excellent value for money. This product offers unmatched performance and \n",
      "reliability.\n"
    ],
    "table": {
      "columns": [
        "Feature",
        "Description"
      ],
      "rows": [
        {
          "Feature": "Material",
          "Description": "Crafted with premium materials, it is built to last. Available in various sizes and colors to suit your needs. Perfect for everyday use, it provides excellent value for money."
        },
        {
          "Feature": "User Ratings",
          "Description": "Available in various sizes and colors to suit your needs. Designed with the latest technology, it ensures top-notch quality. Its ergonomic design makes it easy to use and handle."
        },
        {
          "Feature": "Price",
          "Description": "Its ergonomic design makes it easy to use and handle. Perfect for everyday use, it provides excellent value for money. This product offers unmatched performance and reliability."
        },
        {
          "Feature": "Dimensions",
          "Description": "Designed with the latest technology, it ensures top-notch quality. Its ergonomic design makes it easy to use and handle. Crafted with premium materials, it is built to last."
        }
      ]
    },
    "content2": []
  },
  {
    "pagebreak": "pagebreak"
  },
  {
    "pagenum": 48,
    "content1": [
      "Product 48\n",
      "Amazing Tool\n",
      "Perfect for everyday use, it provides excellent value for money. It is environmentally \n",
      "friendly and energy-efficient. This item has received rave reviews from customers \n",
      "worldwide.\n"
    ],
    "table": {
      "columns": [
        "Feature",
        "Description"
      ],
      "rows": [
        {
          "Feature": "Material",
          "Description": "Crafted with premium materials, it is built to last. Available in various sizes and colors to suit your needs. Perfect for everyday use, it provides excellent value for money."
        },
        {
          "Feature": "User Ratings",
          "Description": "Available in various sizes and colors to suit your needs. Designed with the latest technology, it ensures top-notch quality. Its ergonomic design makes it easy to use and handle."
        },
        {
          "Feature": "Price",
          "Description": "Its ergonomic design makes it easy to use and handle. Perfect for everyday use, it provides excellent value for money. This product offers unmatched performance and reliability."
        },
        {
          "Feature": "Dimensions",
          "Description": "Designed with the latest technology, it ensures top-notch quality. Its ergonomic design makes it easy to use and handle. Crafted with premium materials, it is built to last."
        }
      ]
    },
    "content2": []
  },
  {
    "pagebreak": "pagebreak"
  },
  {
    "pagenum": 49,
    "content1": [
      "Product 49\n",
      "Stylish Device\n",
      "This item has received rave reviews from customers worldwide. Designed with the latest \n",
      "technology, it ensures top-notch quality. Available in various sizes and colors to suit your \n",
      "needs.\n"
    ],
    "table": {
      "columns": [
        "Feature",
        "Description"
      ],
      "rows": [
        {
          "Feature": "Material",
          "Description": "Crafted with premium materials, it is built to last. Available in various sizes and colors to suit your needs. Perfect for everyday use, it provides excellent value for money."
        },
        {
          "Feature": "User Ratings",
          "Description": "Available in various sizes and colors to suit your needs. Designed with the latest technology, it ensures top-notch quality. Its ergonomic design makes it easy to use and handle."
        },
        {
          "Feature": "Price",
          "Description": "Its ergonomic design makes it easy to use and handle. Perfect for everyday use, it provides excellent value for money. This product offers unmatched performance and reliability."
        },
        {
          "Feature": "Dimensions",
          "Description": "Designed with the latest technology, it ensures top-notch quality. Its ergonomic design makes it easy to use and handle. Crafted with premium materials, it is built to last."
        }
      ]
    },
    "content2": []
  },
  {
    "pagebreak": "pagebreak"
  },
  {
    "pagenum": 50,
    "content1": [
      "Product 50\n",
      "Compact Tool\n",
      "This product offers unmatched performance and reliability. Perfect for everyday use, it \n",
      "provides excellent value for money. Its ergonomic design makes it easy to use and handle.\n"
    ],
    "table": {
      "columns": [
        "Feature",
        "Description"
      ],
      "rows": [
        {
          "Feature": "Material",
          "Description": "Crafted with premium materials, it is built to last. Available in various sizes and colors to suit your needs. Perfect for everyday use, it provides excellent value for money."
        },
        {
          "Feature": "User Ratings",
          "Description": "Available in various sizes and colors to suit your needs. Designed with the latest technology, it ensures top-notch quality. Its ergonomic design makes it easy to use and handle."
        },
        {
          "Feature": "Price",
          "Description": "Its ergonomic design makes it easy to use and handle. Perfect for everyday use, it provides excellent value for money. This product offers unmatched performance and reliability."
        },
        {
          "Feature": "Dimensions",
          "Description": "Designed with the latest technology, it ensures top-notch quality. Its ergonomic design makes it easy to use and handle. Crafted with premium materials, it is built to last."
        }
      ]
    },
    "content2": []
  },
  {
    "pagebreak": "pagebreak"
  }
]