[
  {
    "pagenum": 1,
    "content1": [
      "Product Catalog - Document 3\n",
      "Product 1\n",
      "Compact Appliance\n",
      "Available in various sizes and colors to suit your needs. This product offers unmatched \n",
      "performance and reliability. Its ergonomic design makes it easy to use and handle.\n"
    ],
    "table": {
      "columns": [
        "Feature",
        "Description"
      ],
      "rows": [
        {
          "Feature": "Power Source",
          "Description": "Its ergonomic design makes it easy to use and handle. This product offers unmatched performance and reliability. Available in various sizes and colors to suit your needs."
        },
        {
          "Feature": "Dimensions",
          "Description": "Perfect for everyday use, it provides excellent value for money. This item has received rave reviews from customers worldwide. Available in various sizes and colors to suit your needs."
        },
        {
          "Feature": "User Ratings",
          "Description": "It is environmentally friendly and energy-efficient. Perfect for everyday use, it provides excellent value for money. Crafted with premium materials, it is built to last."
        },
        {
          "Feature": "Compatibility",
          "Description": "Designed with the latest technology, it ensures top-notch quality. It is environmentally friendly and energy-efficient. This item has received rave reviews from customers worldwide."
        }
      ]
    },
    "content2": []
  },
  {
    "pagebreak": "pagebreak"
  },
  {
    "pagenum": 2,
    "content1": [
      "Product 2\n",
      "Eco-friendly Item\n",
      "It is environmentally friendly and energy-efficient. Perfect for everyday use, it provides \n",
      "excellent value for money. This product offers unmatched performance and reliability.\n"
    ],
    "table": {
      "columns": [
        "Feature",
        "Description"
      ],
      "rows": [
        {
          "Feature": "Power Source",
          "Description": "Its ergonomic design makes it easy to use and handle. This product offers unmatched performance and reliability. Available in various sizes and colors to suit your needs."
        },
        {
          "Feature": "Dimensions",
          "Description": "Perfect for everyday use, it provides excellent value for money. This item has received rave reviews from customers worldwide. Available in various sizes and colors to suit your needs."
        },
        {
          "Feature": "User Ratings",
          "Description": "It is environmentally friendly and energy-efficient. Perfect for everyday use, it provides excellent value for money. Crafted with premium materials, it is built to last."
        },
        {
          "Feature": "Compatibility",
          "Description": "Designed with the latest technology, it ensures top-notch quality. It is environmentally friendly and energy-efficient. This item has received rave reviews from customers worldwide."
        }
      ]
    },
    "content2": []
  },
  {
    "pagebreak": "pagebreak"
  },
  {
    "pagenum": 3,
    "content1": [
      "Product 3\n",
      "Durable Instrument\n",
      "Crafted with premium materials, it is built to last. Available in various sizes and colors to \n",
      "suit your needs. This product offers unmatched performance and reliability.\n"
    ],
    "table": {
      "columns": [
        "Feature",
        "Description"
      ],
      "rows": [
        {
          "Feature": "Power Source",
          "Description": "Its ergonomic design makes it easy to use and handle. This product offers unmatched performance and reliability. Available in various sizes and colors to suit your needs."
        },
        {
          "Feature": "Dimensions",
          "Description": "Perfect for everyday use, it provides excellent value for money. This item has received rave reviews from customers worldwide. Available in various sizes and colors to suit your needs."
        },
        {
          "Feature": "User Ratings",
          "Description": "It is environmentally friendly and energy-efficient. Perfect for everyday use, it provides excellent value for money. Crafted with premium materials, it is built to last."
        },
        {
          "Feature": "Compatibility",
          "Description": "Designed with the latest technology, it ensures top-notch quality. It is environmentally friendly and energy-efficient. This item has received rave reviews from customers worldwide."
        }
      ]
    },
    "content2": []
  },
  {
    "pagebreak": "pagebreak"
  },
  {
    "pagenum": 4,
    "content1": [
      "Product 4\n",
      "Fantastic Accessory\n",
      "Available in various sizes and colors to suit your needs. This item has received rave reviews \n",
      "from customers worldwide. Its ergonomic design makes it easy to use and handle.\n"
    ],
    "table": {
      "columns": [
        "Feature",
        "Description"
      ],
      "rows": [
        {
          "Feature": "Power Source",
          "Description": "Its ergonomic design makes it easy to use and handle. This product offers unmatched performance and reliability. Available in various sizes and colors to suit your needs."
        },
        {
          "Feature": "Dimensions",
          "Description": "Perfect for everyday use, it provides excellent value for money. This item has received rave reviews from customers worldwide. Available in various sizes and colors to suit your needs."
        },
        {
          "Feature": "User Ratings",
          "Description": "It is environmentally friendly and energy-efficient. Perfect for everyday use, it provides excellent value for money. Crafted with premium materials, it is built to last."
        },
        {
          "Feature": "Compatibility",
          "Description": "Designed with the latest technology, it ensures top-notch quality. It is environmentally friendly and energy-efficient. This item has received rave reviews from customers worldwide."
        }
      ]
    },
    "content2": []
  },
  {
    "pagebreak": "pagebreak"
  },
  {
    "pagenum": 5,
    "content1": [
      "Product 5\n",
      "Eco-friendly Item\n",
      "Perfect for everyday use, it provides excellent value for money. Its ergonomic design makes \n",
      "it easy to use and handle. Crafted with premium materials, it is built to last.\n"
    ],
    "table": {
      "columns": [
        "Feature",
        "Description"
      ],
      "rows": [
        {
          "Feature": "Power Source",
          "Description": "Its ergonomic design makes it easy to use and handle. This product offers unmatched performance and reliability. Available in various sizes and colors to suit your needs."
        },
        {
          "Feature": "Dimensions",
          "Description": "Perfect for everyday use, it provides excellent value for money. This item has received rave reviews from customers worldwide. Available in various sizes and colors to suit your needs."
        },
        {
          "Feature": "User Ratings",
          "Description": "It is environmentally friendly and energy-efficient. Perfect for everyday use, it provides excellent value for money. Crafted with premium materials, it is built to last."
        },
        {
          "Feature": "Compatibility",
          "Description": "Designed with the latest technology, it ensures top-notch quality. It is environmentally friendly and energy-efficient. This item has received rave reviews from customers worldwide."
        }
      ]
    },
    "content2": []
  },
  {
    "pagebreak": "pagebreak"
  },
  {
    "pagenum": 6,
    "content1": [
      "Product 6\n",
      "Fantastic Accessory\n",
      "Available in various sizes and colors to suit your needs. Crafted with premium materials, it \n",
      "is built to last. This product offers unmatched performance and reliability.\n"
    ],
    "table": {
      "columns": [
        "Feature",
        "Description"
      ],
      "rows": [
        {
          "Feature": "Power Source",
          "Description": "Its ergonomic design makes it easy to use and handle. This product offers unmatched performance and reliability. Available in various sizes and colors to suit your needs."
        },
        {
          "Feature": "Dimensions",
          "Description": "Perfect for everyday use, it provides excellent value for money. This item has received rave reviews from customers worldwide. Available in various sizes and colors to suit your needs."
        },
        {
          "Feature": "User Ratings",
          "Description": "It is environmentally friendly and energy-efficient. Perfect for everyday use, it provides excellent value for money. Crafted with premium materials, it is built to last."
        },
        {
          "Feature": "Compatibility",
          "Description": "Designed with the latest technology, it ensures top-notch quality. It is environmentally friendly and energy-efficient. This item has received rave reviews from customers worldwide."
        }
      ]
    },
    "content2": []
  },
  {
    "pagebreak": "pagebreak"
  },
  {
    "pagenum": 7,
    "content1": [
      "Product 7\n",
      "Durable Appliance\n",
      "This product offers unmatched performance and reliability. Crafted with premium \n",
      "materials, it is built to last. This item has received rave reviews from customers worldwide.\n"
    ],
    "table": {
      "columns": [
        "Feature",
        "Description"
      ],
      "rows": [
        {
          "Feature": "Power Source",
          "Description": "Its ergonomic design makes it easy to use and handle. This product offers unmatched performance and reliability. Available in various sizes and colors to suit your needs."
        },
        {
          "Feature": "Dimensions",
          "Description": "Perfect for everyday use, it provides excellent value for money. This item has received rave reviews from customers worldwide. Available in various sizes and colors to suit your needs."
        },
        {
          "Feature": "User Ratings",
          "Description": "It is environmentally friendly and energy-efficient. Perfect for everyday use, it provides excellent value for money. Crafted with premium materials, it is built to last."
        },
        {
          "Feature": "Compatibility",
          "Description": "Designed with the latest technology, it ensures top-notch quality. It is environmentally friendly and energy-efficient. This item has received rave reviews from customers worldwide."
        }
      ]
    },
    "content2": []
  },
  {
    "pagebreak": "pagebreak"
  },
  {
    "pagenum": 8,
    "content1": [
      "Product 8\n",
      "Incredible Appliance\n",
      "This item has received rave reviews from customers worldwide. Its ergonomic design \n",
      "makes it easy to use and handle. Designed with the latest technology, it ensures top-notch \n",
      "quality.\n"
    ],
    "table": {
      "columns": [
        "Feature",
        "Description"
      ],
      "rows": [
        {
          "Feature": "Power Source",
          "Description": "Its ergonomic design makes it easy to use and handle. This product offers unmatched performance and reliability. Available in various sizes and colors to suit your needs."
        },
        {
          "Feature": "Dimensions",
          "Description": "Perfect for everyday use, it provides excellent value for money. This item has received rave reviews from customers worldwide. Available in various sizes and colors to suit your needs."
        },
        {
          "Feature": "User Ratings",
          "Description": "It is environmentally friendly and energy-efficient. Perfect for everyday use, it provides excellent value for money. Crafted with premium materials, it is built to last."
        },
        {
          "Feature": "Compatibility",
          "Description": "Designed with the latest technology, it ensures top-notch quality. It is environmentally friendly and energy-efficient. This item has received rave reviews from customers worldwide."
        }
      ]
    },
    "content2": []
  },
  {
    "pagebreak": "pagebreak"
  },
  {
    "pagenum": 9,
    "content1": [
      "Product 9\n",
      "Stylish Equipment\n",
      "It is environmentally friendly and energy-efficient. Perfect for everyday use, it provides \n",
      "excellent value for money. This item has received rave reviews from customers worldwide.\n"
    ],
    "table": {
      "columns": [
        "Feature",
        "Description"
      ],
      "rows": [
        {
          "Feature": "Power Source",
          "Description": "Its ergonomic design makes it easy to use and handle. This product offers unmatched performance and reliability. Available in various sizes and colors to suit your needs."
        },
        {
          "Feature": "Dimensions",
          "Description": "Perfect for everyday use, it provides excellent value for money. This item has received rave reviews from customers worldwide. Available in various sizes and colors to suit your needs."
        },
        {
          "Feature": "User Ratings",
          "Description": "It is environmentally friendly and energy-efficient. Perfect for everyday use, it provides excellent value for money. Crafted with premium materials, it is built to last."
        },
        {
          "Feature": "Compatibility",
          "Description": "Designed with the latest technology, it ensures top-notch quality. It is environmentally friendly and energy-efficient. This item has received rave reviews from customers worldwide."
        }
      ]
    },
    "content2": []
  },
  {
    "pagebreak": "pagebreak"
  },
  {
    "pagenum": 10,
    "content1": [
      "Product 10\n",
      "Stylish Instrument\n",
      "This product offers unmatched performance and reliability. This item has received rave \n",
      "reviews from customers worldwide. It is environmentally friendly and energy-efficient.\n"
    ],
    "table": {
      "columns": [
        "Feature",
        "Description"
      ],
      "rows": [
        {
          "Feature": "Power Source",
          "Description": "Its ergonomic design makes it easy to use and handle. This product offers unmatched performance and reliability. Available in various sizes and colors to suit your needs."
        },
        {
          "Feature": "Dimensions",
          "Description": "Perfect for everyday use, it provides excellent value for money. This item has received rave reviews from customers worldwide. Available in various sizes and colors to suit your needs."
        },
        {
          "Feature": "User Ratings",
          "Description": "It is environmentally friendly and energy-efficient. Perfect for everyday use, it provides excellent value for money. Crafted with premium materials, it is built to last."
        },
        {
          "Feature": "Compatibility",
          "Description": "Designed with the latest technology, it ensures top-notch quality. It is environmentally friendly and energy-efficient. This item has received rave reviews from customers worldwide."
        }
      ]
    },
    "content2": []
  },
  {
    "pagebreak": "pagebreak"
  },
  {
    "pagenum": 11,
    "content1": [
      "Product 11\n",
      "Eco-friendly Instrument\n",
      "Its ergonomic design makes it easy to use and handle. Available in various sizes and colors \n",
      "to suit your needs. Perfect for everyday use, it provides excellent value for money.\n"
    ],
    "table": {
      "columns": [
        "Feature",
        "Description"
      ],
      "rows": [
        {
          "Feature": "Power Source",
          "Description": "Its ergonomic design makes it easy to use and handle. This product offers unmatched performance and reliability. Available in various sizes and colors to suit your needs."
        },
        {
          "Feature": "Dimensions",
          "Description": "Perfect for everyday use, it provides excellent value for money. This item has received rave reviews from customers worldwide. Available in various sizes and colors to suit your needs."
        },
        {
          "Feature": "User Ratings",
          "Description": "It is environmentally friendly and energy-efficient. Perfect for everyday use, it provides excellent value for money. Crafted with premium materials, it is built to last."
        },
        {
          "Feature": "Compatibility",
          "Description": "Designed with the latest technology, it ensures top-notch quality. It is environmentally friendly and energy-efficient. This item has received rave reviews from customers worldwide."
        }
      ]
    },
    "content2": [
      "efficient.\n",
      "environmentally friendly and energy-\n",
      "provides excellent value for money. It is \n",
      "your needs. Perfect for everyday use, it \n",
      "Available in various sizes and colors to suit \n",
      "Power Source\n",
      "efficient.\n",
      "It is environmentally friendly and energy-\n",
      "various sizes and colors to suit your needs. \n",
      "excellent value for money. Available in \n",
      "Perfect for everyday use, it provides \n",
      "Power Source\n",
      "efficient.\n",
      "environmentally friendly and energy-\n",
      "performance and reliability. It is \n",
      "to last. This product offers unmatched \n",
      "Crafted with premium materials, it is built \n",
      "User Ratings\n",
      "colors to suit your needs.\n",
      "efficient. Available in various sizes and \n",
      "environmentally friendly and energy-\n",
      "performance and reliability. It is \n",
      "This product offers unmatched \n",
      "Compatibility\n",
      "Description\n",
      "Feature\n"
    ]
  },
  {
    "pagebreak": "pagebreak"
  },
  {
    "pagenum": 12,
    "content1": [
      "Product 12\n",
      "Stylish Appliance\n",
      "Perfect for everyday use, it provides excellent value for money. This product offers \n",
      "unmatched performance and reliability. It is environmentally friendly and energy-efficient.\n"
    ],
    "table": {
      "columns": [
        "Feature",
        "Description"
      ],
      "rows": [
        {
          "Feature": "Power Source",
          "Description": "Its ergonomic design makes it easy to use and handle. This product offers unmatched performance and reliability. Available in various sizes and colors to suit your needs."
        },
        {
          "Feature": "Dimensions",
          "Description": "Perfect for everyday use, it provides excellent value for money. This item has received rave reviews from customers worldwide. Available in various sizes and colors to suit your needs."
        },
        {
          "Feature": "User Ratings",
          "Description": "It is environmentally friendly and energy-efficient. Perfect for everyday use, it provides excellent value for money. Crafted with premium materials, it is built to last."
        },
        {
          "Feature": "Compatibility",
          "Description": "Designed with the latest technology, it ensures top-notch quality. It is environmentally friendly and energy-efficient. This item has received rave reviews from customers worldwide."
        }
      ]
    },
    "content2": []
  },
  {
    "pagebreak": "pagebreak"
  },
  {
    "pagenum": 13,
    "content1": [
      "Product 13\n",
      "Stylish Appliance\n",
      "Designed with the latest technology, it ensures top-notch quality. This product offers \n",
      "unmatched performance and reliability. Its ergonomic design makes it easy to use and \n",
      "handle.\n"
    ],
    "table": {
      "columns": [
        "Feature",
        "Description"
      ],
      "rows": [
        {
          "Feature": "Power Source",
          "Description": "Its ergonomic design makes it easy to use and handle. This product offers unmatched performance and reliability. Available in various sizes and colors to suit your needs."
        },
        {
          "Feature": "Dimensions",
          "Description": "Perfect for everyday use, it provides excellent value for money. This item has received rave reviews from customers worldwide. Available in various sizes and colors to suit your needs."
        },
        {
          "Feature": "User Ratings",
          "Description": "It is environmentally friendly and energy-efficient. Perfect for everyday use, it provides excellent value for money. Crafted with premium materials, it is built to last."
        },
        {
          "Feature": "Compatibility",
          "Description": "Designed with the latest technology, it ensures top-notch quality. It is environmentally friendly and energy-efficient. This item has received rave reviews from customers worldwide."
        }
      ]
    },
    "content2": []
  },
  {
    "pagebreak": "pagebreak"
  },
  {
    "pagenum": 14,
    "content1": [
      "Product 14\n",
      "Innovative Tool\n",
      "Perfect for everyday use, it provides excellent value for money. Available in various sizes \n",
      "and colors to suit your needs. Designed with the latest technology, it ensures top-notch \n",
      "quality.\n"
    ],
    "table": {
      "columns": [
        "Feature",
        "Description"
      ],
      "rows": [
        {
          "Feature": "Power Source",
          "Description": "Its ergonomic design makes it easy to use and handle. This product offers unmatched performance and reliability. Available in various sizes and colors to suit your needs."
        },
        {
          "Feature": "Dimensions",
          "Description": "Perfect for everyday use, it provides excellent value for money. This item has received rave reviews from customers worldwide. Available in various sizes and colors to suit your needs."
        },
        {
          "Feature": "User Ratings",
          "Description": "It is environmentally friendly and energy-efficient. Perfect for everyday use, it provides excellent value for money. Crafted with premium materials, it is built to last."
        },
        {
          "Feature": "Compatibility",
          "Description": "Designed with the latest technology, it ensures top-notch quality. It is environmentally friendly and energy-efficient. This item has received rave reviews from customers worldwide."
        }
      ]
    },
    "content2": []
  },
  {
    "pagebreak": "pagebreak"
  },
  {
    "pagenum": 15,
    "content1": [
      "Product 15\n",
      "Compact Item\n",
      "Designed with the latest technology, it ensures top-notch quality. This item has received \n",
      "rave reviews from customers worldwide. It is environmentally friendly and energy-efficient.\n"
    ],
    "table": {
      "columns": [
        "Feature",
        "Description"
      ],
      "rows": [
        {
          "Feature": "Power Source",
          "Description": "Its ergonomic design makes it easy to use and handle. This product offers unmatched performance and reliability. Available in various sizes and colors to suit your needs."
        },
        {
          "Feature": "Dimensions",
          "Description": "Perfect for everyday use, it provides excellent value for money. This item has received rave reviews from customers worldwide. Available in various sizes and colors to suit your needs."
        },
        {
          "Feature": "User Ratings",
          "Description": "It is environmentally friendly and energy-efficient. Perfect for everyday use, it provides excellent value for money. Crafted with premium materials, it is built to last."
        },
        {
          "Feature": "Compatibility",
          "Description": "Designed with the latest technology, it ensures top-notch quality. It is environmentally friendly and energy-efficient. This item has received rave reviews from customers worldwide."
        }
      ]
    },
    "content2": []
  },
  {
    "pagebreak": "pagebreak"
  },
  {
    "pagenum": 16,
    "content1": [
      "Product 16\n",
      "Incredible Tool\n",
      "Crafted with premium materials, it is built to last. This product offers unmatched \n",
      "performance and reliability. It is environmentally friendly and energy-efficient.\n"
    ],
    "table": {
      "columns": [
        "Feature",
        "Description"
      ],
      "rows": [
        {
          "Feature": "Power Source",
          "Description": "Its ergonomic design makes it easy to use and handle. This product offers unmatched performance and reliability. Available in various sizes and colors to suit your needs."
        },
        {
          "Feature": "Dimensions",
          "Description": "Perfect for everyday use, it provides excellent value for money. This item has received rave reviews from customers worldwide. Available in various sizes and colors to suit your needs."
        },
        {
          "Feature": "User Ratings",
          "Description": "It is environmentally friendly and energy-efficient. Perfect for everyday use, it provides excellent value for money. Crafted with premium materials, it is built to last."
        },
        {
          "Feature": "Compatibility",
          "Description": "Designed with the latest technology, it ensures top-notch quality. It is environmentally friendly and energy-efficient. This item has received rave reviews from customers worldwide."
        }
      ]
    },
    "content2": []
  },
  {
    "pagebreak": "pagebreak"
  },
  {
    "pagenum": 17,
    "content1": [
      "Product 17\n",
      "Innovative Equipment\n",
      "This item has received rave reviews from customers worldwide. Its ergonomic design \n",
      "makes it easy to use and handle. Designed with the latest technology, it ensures top-notch \n",
      "quality.\n"
    ],
    "table": {
      "columns": [
        "Feature",
        "Description"
      ],
      "rows": [
        {
          "Feature": "Power Source",
          "Description": "Its ergonomic design makes it easy to use and handle. This product offers unmatched performance and reliability. Available in various sizes and colors to suit your needs."
        },
        {
          "Feature": "Dimensions",
          "Description": "Perfect for everyday use, it provides excellent value for money. This item has received rave reviews from customers worldwide. Available in various sizes and colors to suit your needs."
        },
        {
          "Feature": "User Ratings",
          "Description": "It is environmentally friendly and energy-efficient. Perfect for everyday use, it provides excellent value for money. Crafted with premium materials, it is built to last."
        },
        {
          "Feature": "Compatibility",
          "Description": "Designed with the latest technology, it ensures top-notch quality. It is environmentally friendly and energy-efficient. This item has received rave reviews from customers worldwide."
        }
      ]
    },
    "content2": []
  },
  {
    "pagebreak": "pagebreak"
  },
  {
    "pagenum": 18,
    "content1": [
      "Product 18\n",
      "Incredible Equipment\n",
      "Crafted with premium materials, it is built to last. Available in various sizes and colors to \n",
      "suit your needs. Perfect for everyday use, it provides excellent value for money.\n"
    ],
    "table": {
      "columns": [
        "Feature",
        "Description"
      ],
      "rows": [
        {
          "Feature": "Power Source",
          "Description": "Its ergonomic design makes it easy to use and handle. This product offers unmatched performance and reliability. Available in various sizes and colors to suit your needs."
        },
        {
          "Feature": "Dimensions",
          "Description": "Perfect for everyday use, it provides excellent value for money. This item has received rave reviews from customers worldwide. Available in various sizes and colors to suit your needs."
        },
        {
          "Feature": "User Ratings",
          "Description": "It is environmentally friendly and energy-efficient. Perfect for everyday use, it provides excellent value for money. Crafted with premium materials, it is built to last."
        },
        {
          "Feature": "Compatibility",
          "Description": "Designed with the latest technology, it ensures top-notch quality. It is environmentally friendly and energy-efficient. This item has received rave reviews from customers worldwide."
        }
      ]
    },
    "content2": []
  },
  {
    "pagebreak": "pagebreak"
  },
  {
    "pagenum": 19,
    "content1": [
      "Product 19\n",
      "Durable Item\n",
      "This product offers unmatched performance and reliability. It is environmentally friendly \n",
      "and energy-efficient. Crafted with premium materials, it is built to last.\n"
    ],
    "table": {
      "columns": [
        "Feature",
        "Description"
      ],
      "rows": [
        {
          "Feature": "Power Source",
          "Description": "Its ergonomic design makes it easy to use and handle. This product offers unmatched performance and reliability. Available in various sizes and colors to suit your needs."
        },
        {
          "Feature": "Dimensions",
          "Description": "Perfect for everyday use, it provides excellent value for money. This item has received rave reviews from customers worldwide. Available in various sizes and colors to suit your needs."
        },
        {
          "Feature": "User Ratings",
          "Description": "It is environmentally friendly and energy-efficient. Perfect for everyday use, it provides excellent value for money. Crafted with premium materials, it is built to last."
        },
        {
          "Feature": "Compatibility",
          "Description": "Designed with the latest technology, it ensures top-notch quality. It is environmentally friendly and energy-efficient. This item has received rave reviews from customers worldwide."
        }
      ]
    },
    "content2": []
  },
  {
    "pagebreak": "pagebreak"
  },
  {
    "pagenum": 20,
    "content1": [
      "Product 20\n",
      "Durable Accessory\n",
      "Its ergonomic design makes it easy to use and handle. It is environmentally friendly and \n",
      "energy-efficient. Available in various sizes and colors to suit your needs.\n"
    ],
    "table": {
      "columns": [
        "Feature",
        "Description"
      ],
      "rows": [
        {
          "Feature": "Power Source",
          "Description": "Its ergonomic design makes it easy to use and handle. This product offers unmatched performance and reliability. Available in various sizes and colors to suit your needs."
        },
        {
          "Feature": "Dimensions",
          "Description": "Perfect for everyday use, it provides excellent value for money. This item has received rave reviews from customers worldwide. Available in various sizes and colors to suit your needs."
        },
        {
          "Feature": "User Ratings",
          "Description": "It is environmentally friendly and energy-efficient. Perfect for everyday use, it provides excellent value for money. Crafted with premium materials, it is built to last."
        },
        {
          "Feature": "Compatibility",
          "Description": "Designed with the latest technology, it ensures top-notch quality. It is environmentally friendly and energy-efficient. This item has received rave reviews from customers worldwide."
        }
      ]
    },
    "content2": []
  },
  {
    "pagebreak": "pagebreak"
  },
  {
    "pagenum": 21,
    "content1": [
      "Product 21\n",
      "Eco-friendly Equipment\n",
      "Perfect for everyday use, it provides excellent value for money. This product offers \n",
      "unmatched performance and reliability. Its ergonomic design makes it easy to use and \n",
      "handle.\n"
    ],
    "table": {
      "columns": [
        "Feature",
        "Description"
      ],
      "rows": [
        {
          "Feature": "Power Source",
          "Description": "Its ergonomic design makes it easy to use and handle. This product offers unmatched performance and reliability. Available in various sizes and colors to suit your needs."
        },
        {
          "Feature": "Dimensions",
          "Description": "Perfect for everyday use, it provides excellent value for money. This item has received rave reviews from customers worldwide. Available in various sizes and colors to suit your needs."
        },
        {
          "Feature": "User Ratings",
          "Description": "It is environmentally friendly and energy-efficient. Perfect for everyday use, it provides excellent value for money. Crafted with premium materials, it is built to last."
        },
        {
          "Feature": "Compatibility",
          "Description": "Designed with the latest technology, it ensures top-notch quality. It is environmentally friendly and energy-efficient. This item has received rave reviews from customers worldwide."
        }
      ]
    },
    "content2": []
  },
  {
    "pagebreak": "pagebreak"
  },
  {
    "pagenum": 22,
    "content1": [
      "Product 22\n",
      "Stylish Equipment\n",
      "Designed with the latest technology, it ensures top-notch quality. Its ergonomic design \n",
      "makes it easy to use and handle. Crafted with premium materials, it is built to last.\n"
    ],
    "table": {
      "columns": [
        "Feature",
        "Description"
      ],
      "rows": [
        {
          "Feature": "Power Source",
          "Description": "Its ergonomic design makes it easy to use and handle. This product offers unmatched performance and reliability. Available in various sizes and colors to suit your needs."
        },
        {
          "Feature": "Dimensions",
          "Description": "Perfect for everyday use, it provides excellent value for money. This item has received rave reviews from customers worldwide. Available in various sizes and colors to suit your needs."
        },
        {
          "Feature": "User Ratings",
          "Description": "It is environmentally friendly and energy-efficient. Perfect for everyday use, it provides excellent value for money. Crafted with premium materials, it is built to last."
        },
        {
          "Feature": "Compatibility",
          "Description": "Designed with the latest technology, it ensures top-notch quality. It is environmentally friendly and energy-efficient. This item has received rave reviews from customers worldwide."
        }
      ]
    },
    "content2": []
  },
  {
    "pagebreak": "pagebreak"
  },
  {
    "pagenum": 23,
    "content1": [
      "Product 23\n",
      "Amazing Appliance\n",
      "Its ergonomic design makes it easy to use and handle. This product offers unmatched \n",
      "performance and reliability. Perfect for everyday use, it provides excellent value for money.\n"
    ],
    "table": {
      "columns": [
        "Feature",
        "Description"
      ],
      "rows": [
        {
          "Feature": "Power Source",
          "Description": "Its ergonomic design makes it easy to use and handle. This product offers unmatched performance and reliability. Available in various sizes and colors to suit your needs."
        },
        {
          "Feature": "Dimensions",
          "Description": "Perfect for everyday use, it provides excellent value for money. This item has received rave reviews from customers worldwide. Available in various sizes and colors to suit your needs."
        },
        {
          "Feature": "User Ratings",
          "Description": "It is environmentally friendly and energy-efficient. Perfect for everyday use, it provides excellent value for money. Crafted with premium materials, it is built to last."
        },
        {
          "Feature": "Compatibility",
          "Description": "Designed with the latest technology, it ensures top-notch quality. It is environmentally friendly and energy-efficient. This item has received rave reviews from customers worldwide."
        }
      ]
    },
    "content2": []
  },
  {
    "pagebreak": "pagebreak"
  },
  {
    "pagenum": 24,
    "content1": [
      "Product 24\n",
      "Stylish Equipment\n",
      "This item has received rave reviews from customers worldwide. Available in various sizes \n",
      "and colors to suit your needs. It is environmentally friendly and energy-efficient.\n"
    ],
    "table": {
      "columns": [
        "Feature",
        "Description"
      ],
      "rows": [
        {
          "Feature": "Power Source",
          "Description": "Its ergonomic design makes it easy to use and handle. This product offers unmatched performance and reliability. Available in various sizes and colors to suit your needs."
        },
        {
          "Feature": "Dimensions",
          "Description": "Perfect for everyday use, it provides excellent value for money. This item has received rave reviews from customers worldwide. Available in various sizes and colors to suit your needs."
        },
        {
          "Feature": "User Ratings",
          "Description": "It is environmentally friendly and energy-efficient. Perfect for everyday use, it provides excellent value for money. Crafted with premium materials, it is built to last."
        },
        {
          "Feature": "Compatibility",
          "Description": "Designed with the latest technology, it ensures top-notch quality. It is environmentally friendly and energy-efficient. This item has received rave reviews from customers worldwide."
        }
      ]
    },
    "content2": []
  },
  {
    "pagebreak": "pagebreak"
  },
  {
    "pagenum": 25,
    "content1": [
      "Product 25\n",
      "Compact Gadget\n",
      "Available in various sizes and colors to suit your needs. It is environmentally friendly and \n",
      "energy-efficient. This product offers unmatched performance and reliability.\n"
    ],
    "table": {
      "columns": [
        "Feature",
        "Description"
      ],
      "rows": [
        {
          "Feature": "Power Source",
          "Description": "Its ergonomic design makes it easy to use and handle. This product offers unmatched performance and reliability. Available in various sizes and colors to suit your needs."
        },
        {
          "Feature": "Dimensions",
          "Description": "Perfect for everyday use, it provides excellent value for money. This item has received rave reviews from customers worldwide. Available in various sizes and colors to suit your needs."
        },
        {
          "Feature": "User Ratings",
          "Description": "It is environmentally friendly and energy-efficient. Perfect for everyday use, it provides excellent value for money. Crafted with premium materials, it is built to last."
        },
        {
          "Feature": "Compatibility",
          "Description": "Designed with the latest technology, it ensures top-notch quality. It is environmentally friendly and energy-efficient. This item has received rave reviews from customers worldwide."
        }
      ]
    },
    "content2": []
  },
  {
    "pagebreak": "pagebreak"
  },
  {
    "pagenum": 26,
    "content1": [
      "Product 26\n",
      "Eco-friendly Gadget\n",
      "Designed with the latest technology, it ensures top-notch quality. Crafted with premium \n",
      "materials, it is built to last. Its ergonomic design makes it easy to use and handle.\n"
    ],
    "table": {
      "columns": [
        "Feature",
        "Description"
      ],
      "rows": [
        {
          "Feature": "Power Source",
          "Description": "Its ergonomic design makes it easy to use and handle. This product offers unmatched performance and reliability. Available in various sizes and colors to suit your needs."
        },
        {
          "Feature": "Dimensions",
          "Description": "Perfect for everyday use, it provides excellent value for money. This item has received rave reviews from customers worldwide. Available in various sizes and colors to suit your needs."
        },
        {
          "Feature": "User Ratings",
          "Description": "It is environmentally friendly and energy-efficient. Perfect for everyday use, it provides excellent value for money. Crafted with premium materials, it is built to last."
        },
        {
          "Feature": "Compatibility",
          "Description": "Designed with the latest technology, it ensures top-notch quality. It is environmentally friendly and energy-efficient. This item has received rave reviews from customers worldwide."
        }
      ]
    },
    "content2": []
  },
  {
    "pagebreak": "pagebreak"
  },
  {
    "pagenum": 27,
    "content1": [
      "Product 27\n",
      "Incredible Accessory\n",
      "This product offers unmatched performance and reliability. Available in various sizes and \n",
      "colors to suit your needs. This item has received rave reviews from customers worldwide.\n"
    ],
    "table": {
      "columns": [
        "Feature",
        "Description"
      ],
      "rows": [
        {
          "Feature": "Power Source",
          "Description": "Its ergonomic design makes it easy to use and handle. This product offers unmatched performance and reliability. Available in various sizes and colors to suit your needs."
        },
        {
          "Feature": "Dimensions",
          "Description": "Perfect for everyday use, it provides excellent value for money. This item has received rave reviews from customers worldwide. Available in various sizes and colors to suit your needs."
        },
        {
          "Feature": "User Ratings",
          "Description": "It is environmentally friendly and energy-efficient. Perfect for everyday use, it provides excellent value for money. Crafted with premium materials, it is built to last."
        },
        {
          "Feature": "Compatibility",
          "Description": "Designed with the latest technology, it ensures top-notch quality. It is environmentally friendly and energy-efficient. This item has received rave reviews from customers worldwide."
        }
      ]
    },
    "content2": []
  },
  {
    "pagebreak": "pagebreak"
  },
  {
    "pagenum": 28,
    "content1": [
      "Product 28\n",
      "Durable Appliance\n",
      "Crafted with premium materials, it is built to last. Perfect for everyday use, it provides \n",
      "excellent value for money. It is environmentally friendly and energy-efficient.\n"
    ],
    "table": {
      "columns": [
        "Feature",
        "Description"
      ],
      "rows": [
        {
          "Feature": "Power Source",
          "Description": "Its ergonomic design makes it easy to use and handle. This product offers unmatched performance and reliability. Available in various sizes and colors to suit your needs."
        },
        {
          "Feature": "Dimensions",
          "Description": "Perfect for everyday use, it provides excellent value for money. This item has received rave reviews from customers worldwide. Available in various sizes and colors to suit your needs."
        },
        {
          "Feature": "User Ratings",
          "Description": "It is environmentally friendly and energy-efficient. Perfect for everyday use, it provides excellent value for money. Crafted with premium materials, it is built to last."
        },
        {
          "Feature": "Compatibility",
          "Description": "Designed with the latest technology, it ensures top-notch quality. It is environmentally friendly and energy-efficient. This item has received rave reviews from customers worldwide."
        }
      ]
    },
    "content2": []
  },
  {
    "pagebreak": "pagebreak"
  },
  {
    "pagenum": 29,
    "content1": [
      "Product 29\n",
      "Compact Device\n",
      "It is environmentally friendly and energy-efficient. Designed with the latest technology, it \n",
      "ensures top-notch quality. Available in various sizes and colors to suit your needs.\n"
    ],
    "table": {
      "columns": [
        "Feature",
        "Description"
      ],
      "rows": [
        {
          "Feature": "Power Source",
          "Description": "Its ergonomic design makes it easy to use and handle. This product offers unmatched performance and reliability. Available in various sizes and colors to suit your needs."
        },
        {
          "Feature": "Dimensions",
          "Description": "Perfect for everyday use, it provides excellent value for money. This item has received rave reviews from customers worldwide. Available in various sizes and colors to suit your needs."
        },
        {
          "Feature": "User Ratings",
          "Description": "It is environmentally friendly and energy-efficient. Perfect for everyday use, it provides excellent value for money. Crafted with premium materials, it is built to last."
        },
        {
          "Feature": "Compatibility",
          "Description": "Designed with the latest technology, it ensures top-notch quality. It is environmentally friendly and energy-efficient. This item has received rave reviews from customers worldwide."
        }
      ]
    },
    "content2": []
  },
  {
    "pagebreak": "pagebreak"
  },
  {
    "pagenum": 30,
    "content1": [
      "Product 30\n",
      "Durable Appliance\n",
      "It is environmentally friendly and energy-efficient. This product offers unmatched \n",
      "performance and reliability. Crafted with premium materials, it is built to last.\n"
    ],
    "table": {
      "columns": [
        "Feature",
        "Description"
      ],
      "rows": [
        {
          "Feature": "Power Source",
          "Description": "Its ergonomic design makes it easy to use and handle. This product offers unmatched performance and reliability. Available in various sizes and colors to suit your needs."
        },
        {
          "Feature": "Dimensions",
          "Description": "Perfect for everyday use, it provides excellent value for money. This item has received rave reviews from customers worldwide. Available in various sizes and colors to suit your needs."
        },
        {
          "Feature": "User Ratings",
          "Description": "It is environmentally friendly and energy-efficient. Perfect for everyday use, it provides excellent value for money. Crafted with premium materials, it is built to last."
        },
        {
          "Feature": "Compatibility",
          "Description": "Designed with the latest technology, it ensures top-notch quality. It is environmentally friendly and energy-efficient. This item has received rave reviews from customers worldwide."
        }
      ]
    },
    "content2": []
  },
  {
    "pagebreak": "pagebreak"
  },
  {
    "pagenum": 31,
    "content1": [
      "Product 31\n",
      "Eco-friendly Gadget\n",
      "Perfect for everyday use, it provides excellent value for money. Its ergonomic design makes \n",
      "it easy to use and handle. This item has received rave reviews from customers worldwide.\n"
    ],
    "table": {
      "columns": [
        "Feature",
        "Description"
      ],
      "rows": [
        {
          "Feature": "Power Source",
          "Description": "Its ergonomic design makes it easy to use and handle. This product offers unmatched performance and reliability. Available in various sizes and colors to suit your needs."
        },
        {
          "Feature": "Dimensions",
          "Description": "Perfect for everyday use, it provides excellent value for money. This item has received rave reviews from customers worldwide. Available in various sizes and colors to suit your needs."
        },
        {
          "Feature": "User Ratings",
          "Description": "It is environmentally friendly and energy-efficient. Perfect for everyday use, it provides excellent value for money. Crafted with premium materials, it is built to last."
        },
        {
          "Feature": "Compatibility",
          "Description": "Designed with the latest technology, it ensures top-notch quality. It is environmentally friendly and energy-efficient. This item has received rave reviews from customers worldwide."
        }
      ]
    },
    "content2": []
  },
  {
    "pagebreak": "pagebreak"
  },
  {
    "pagenum": 32,
    "content1": [
      "Product 32\n",
      "Amazing Equipment\n",
      "Available in various sizes and colors to suit your needs. It is environmentally friendly and \n",
      "energy-efficient. Crafted with premium materials, it is built to last.\n"
    ],
    "table": {
      "columns": [
        "Feature",
        "Description"
      ],
      "rows": [
        {
          "Feature": "Power Source",
          "Description": "Its ergonomic design makes it easy to use and handle. This product offers unmatched performance and reliability. Available in various sizes and colors to suit your needs."
        },
        {
          "Feature": "Dimensions",
          "Description": "Perfect for everyday use, it provides excellent value for money. This item has received rave reviews from customers worldwide. Available in various sizes and colors to suit your needs."
        },
        {
          "Feature": "User Ratings",
          "Description": "It is environmentally friendly and energy-efficient. Perfect for everyday use, it provides excellent value for money. Crafted with premium materials, it is built to last."
        },
        {
          "Feature": "Compatibility",
          "Description": "Designed with the latest technology, it ensures top-notch quality. It is environmentally friendly and energy-efficient. This item has received rave reviews from customers worldwide."
        }
      ]
    },
    "content2": []
  },
  {
    "pagebreak": "pagebreak"
  },
  {
    "pagenum": 33,
    "content1": [
      "Product 33\n",
      "Incredible Equipment\n",
      "Designed with the latest technology, it ensures top-notch quality. This product offers \n",
      "unmatched performance and reliability. It is environmentally friendly and energy-efficient.\n"
    ],
    "table": {
      "columns": [
        "Feature",
        "Description"
      ],
      "rows": [
        {
          "Feature": "Power Source",
          "Description": "Its ergonomic design makes it easy to use and handle. This product offers unmatched performance and reliability. Available in various sizes and colors to suit your needs."
        },
        {
          "Feature": "Dimensions",
          "Description": "Perfect for everyday use, it provides excellent value for money. This item has received rave reviews from customers worldwide. Available in various sizes and colors to suit your needs."
        },
        {
          "Feature": "User Ratings",
          "Description": "It is environmentally friendly and energy-efficient. Perfect for everyday use, it provides excellent value for money. Crafted with premium materials, it is built to last."
        },
        {
          "Feature": "Compatibility",
          "Description": "Designed with the latest technology, it ensures top-notch quality. It is environmentally friendly and energy-efficient. This item has received rave reviews from customers worldwide."
        }
      ]
    },
    "content2": []
  },
  {
    "pagebreak": "pagebreak"
  },
  {
    "pagenum": 34,
    "content1": [
      "Product 34\n",
      "Compact Gadget\n",
      "Perfect for everyday use, it provides excellent value for money. Its ergonomic design makes \n",
      "it easy to use and handle. Crafted with premium materials, it is built to last.\n"
    ],
    "table": {
      "columns": [
        "Feature",
        "Description"
      ],
      "rows": [
        {
          "Feature": "Power Source",
          "Description": "Its ergonomic design makes it easy to use and handle. This product offers unmatched performance and reliability. Available in various sizes and colors to suit your needs."
        },
        {
          "Feature": "Dimensions",
          "Description": "Perfect for everyday use, it provides excellent value for money. This item has received rave reviews from customers worldwide. Available in various sizes and colors to suit your needs."
        },
        {
          "Feature": "User Ratings",
          "Description": "It is environmentally friendly and energy-efficient. Perfect for everyday use, it provides excellent value for money. Crafted with premium materials, it is built to last."
        },
        {
          "Feature": "Compatibility",
          "Description": "Designed with the latest technology, it ensures top-notch quality. It is environmentally friendly and energy-efficient. This item has received rave reviews from customers worldwide."
        }
      ]
    },
    "content2": []
  },
  {
    "pagebreak": "pagebreak"
  },
  {
    "pagenum": 35,
    "content1": [
      "Product 35\n",
      "Compact Equipment\n",
      "Crafted with premium materials, it is built to last. It is environmentally friendly and energy-\n",
      "efficient. Available in various sizes and colors to suit your needs.\n"
    ],
    "table": {
      "columns": [
        "Feature",
        "Description"
      ],
      "rows": [
        {
          "Feature": "Power Source",
          "Description": "Its ergonomic design makes it easy to use and handle. This product offers unmatched performance and reliability. Available in various sizes and colors to suit your needs."
        },
        {
          "Feature": "Dimensions",
          "Description": "Perfect for everyday use, it provides excellent value for money. This item has received rave reviews from customers worldwide. Available in various sizes and colors to suit your needs."
        },
        {
          "Feature": "User Ratings",
          "Description": "It is environmentally friendly and energy-efficient. Perfect for everyday use, it provides excellent value for money. Crafted with premium materials, it is built to last."
        },
        {
          "Feature": "Compatibility",
          "Description": "Designed with the latest technology, it ensures top-notch quality. It is environmentally friendly and energy-efficient. This item has received rave reviews from customers worldwide."
        }
      ]
    },
    "content2": []
  },
  {
    "pagebreak": "pagebreak"
  },
  {
    "pagenum": 36,
    "content1": [
      "Product 36\n",
      "Fantastic Device\n",
      "It is environmentally friendly and energy-efficient. This product offers unmatched \n",
      "performance and reliability. Available in various sizes and colors to suit your needs.\n"
    ],
    "table": {
      "columns": [
        "Feature",
        "Description"
      ],
      "rows": [
        {
          "Feature": "Power Source",
          "Description": "Its ergonomic design makes it easy to use and handle. This product offers unmatched performance and reliability. Available in various sizes and colors to suit your needs."
        },
        {
          "Feature": "Dimensions",
          "Description": "Perfect for everyday use, it provides excellent value for money. This item has received rave reviews from customers worldwide. Available in various sizes and colors to suit your needs."
        },
        {
          "Feature": "User Ratings",
          "Description": "It is environmentally friendly and energy-efficient. Perfect for everyday use, it provides excellent value for money. Crafted with premium materials, it is built to last."
        },
        {
          "Feature": "Compatibility",
          "Description": "Designed with the latest technology, it ensures top-notch quality. It is environmentally friendly and energy-efficient. This item has received rave reviews from customers worldwide."
        }
      ]
    },
    "content2": []
  },
  {
    "pagebreak": "pagebreak"
  },
  {
    "pagenum": 37,
    "content1": [
      "Product 37\n",
      "Compact Gadget\n",
      "It is environmentally friendly and energy-efficient. Crafted with premium materials, it is \n",
      "built to last. This item has received rave reviews from customers worldwide.\n"
    ],
    "table": {
      "columns": [
        "Feature",
        "Description"
      ],
      "rows": [
        {
          "Feature": "Power Source",
          "Description": "Its ergonomic design makes it easy to use and handle. This product offers unmatched performance and reliability. Available in various sizes and colors to suit your needs."
        },
        {
          "Feature": "Dimensions",
          "Description": "Perfect for everyday use, it provides excellent value for money. This item has received rave reviews from customers worldwide. Available in various sizes and colors to suit your needs."
        },
        {
          "Feature": "User Ratings",
          "Description": "It is environmentally friendly and energy-efficient. Perfect for everyday use, it provides excellent value for money. Crafted with premium materials, it is built to last."
        },
        {
          "Feature": "Compatibility",
          "Description": "Designed with the latest technology, it ensures top-notch quality. It is environmentally friendly and energy-efficient. This item has received rave reviews from customers worldwide."
        }
      ]
    },
    "content2": []
  },
  {
    "pagebreak": "pagebreak"
  },
  {
    "pagenum": 38,
    "content1": [
      "Product 38\n",
      "Eco-friendly Device\n",
      "Perfect for everyday use, it provides excellent value for money. It is environmentally \n",
      "friendly and energy-efficient. Its ergonomic design makes it easy to use and handle.\n"
    ],
    "table": {
      "columns": [
        "Feature",
        "Description"
      ],
      "rows": [
        {
          "Feature": "Power Source",
          "Description": "Its ergonomic design makes it easy to use and handle. This product offers unmatched performance and reliability. Available in various sizes and colors to suit your needs."
        },
        {
          "Feature": "Dimensions",
          "Description": "Perfect for everyday use, it provides excellent value for money. This item has received rave reviews from customers worldwide. Available in various sizes and colors to suit your needs."
        },
        {
          "Feature": "User Ratings",
          "Description": "It is environmentally friendly and energy-efficient. Perfect for everyday use, it provides excellent value for money. Crafted with premium materials, it is built to last."
        },
        {
          "Feature": "Compatibility",
          "Description": "Designed with the latest technology, it ensures top-notch quality. It is environmentally friendly and energy-efficient. This item has received rave reviews from customers worldwide."
        }
      ]
    },
    "content2": []
  },
  {
    "pagebreak": "pagebreak"
  },
  {
    "pagenum": 39,
    "content1": [
      "Product 39\n",
      "Innovative Tool\n",
      "It is environmentally friendly and energy-efficient. Its ergonomic design makes it easy to \n",
      "use and handle. This product offers unmatched performance and reliability.\n"
    ],
    "table": {
      "columns": [
        "Feature",
        "Description"
      ],
      "rows": [
        {
          "Feature": "Power Source",
          "Description": "Its ergonomic design makes it easy to use and handle. This product offers unmatched performance and reliability. Available in various sizes and colors to suit your needs."
        },
        {
          "Feature": "Dimensions",
          "Description": "Perfect for everyday use, it provides excellent value for money. This item has received rave reviews from customers worldwide. Available in various sizes and colors to suit your needs."
        },
        {
          "Feature": "User Ratings",
          "Description": "It is environmentally friendly and energy-efficient. Perfect for everyday use, it provides excellent value for money. Crafted with premium materials, it is built to last."
        },
        {
          "Feature": "Compatibility",
          "Description": "Designed with the latest technology, it ensures top-notch quality. It is environmentally friendly and energy-efficient. This item has received rave reviews from customers worldwide."
        }
      ]
    },
    "content2": []
  },
  {
    "pagebreak": "pagebreak"
  },
  {
    "pagenum": 40,
    "content1": [
      "Product 40\n",
      "Compact Gadget\n",
      "This product offers unmatched performance and reliability. Perfect for everyday use, it \n",
      "provides excellent value for money. Designed with the latest technology, it ensures top-\n",
      "notch quality.\n"
    ],
    "table": {
      "columns": [
        "Feature",
        "Description"
      ],
      "rows": [
        {
          "Feature": "Power Source",
          "Description": "Its ergonomic design makes it easy to use and handle. This product offers unmatched performance and reliability. Available in various sizes and colors to suit your needs."
        },
        {
          "Feature": "Dimensions",
          "Description": "Perfect for everyday use, it provides excellent value for money. This item has received rave reviews from customers worldwide. Available in various sizes and colors to suit your needs."
        },
        {
          "Feature": "User Ratings",
          "Description": "It is environmentally friendly and energy-efficient. Perfect for everyday use, it provides excellent value for money. Crafted with premium materials, it is built to last."
        },
        {
          "Feature": "Compatibility",
          "Description": "Designed with the latest technology, it ensures top-notch quality. It is environmentally friendly and energy-efficient. This item has received rave reviews from customers worldwide."
        }
      ]
    },
    "content2": [
      "efficient.\n",
      "environmentally friendly and energy-\n",
      "excellent value for money. It is \n",
      "to last. Perfect for everyday use, it provides \n",
      "Crafted with premium materials, it is built \n",
      "Material\n",
      "for money.\n",
      "everyday use, it provides excellent value \n",
      "performance and reliability. Perfect for \n",
      "to last. This product offers unmatched \n",
      "Crafted with premium materials, it is built \n",
      "Material\n",
      "handle.\n",
      "ergonomic design makes it easy to use and \n",
      "premium materials, it is built to last. Its \n",
      "ensures top-notch quality. Crafted with \n",
      "Designed with the latest technology, it \n",
      "Compatibility\n",
      "reliability.\n",
      "product offers unmatched performance and \n",
      "premium materials, it is built to last. This \n",
      "ensures top-notch quality. Crafted with \n",
      "Designed with the latest technology, it \n",
      "Dimensions\n",
      "Description\n",
      "Feature\n"
    ]
  },
  {
    "pagebreak": "pagebreak"
  },
  {
    "pagenum": 41,
    "content1": [
      "Product 41\n",
      "Incredible Equipment\n",
      "Its ergonomic design makes it easy to use and handle. Designed with the latest technology, it \n",
      "ensures top-notch quality. This product offers unmatched performance and reliability.\n"
    ],
    "table": {
      "columns": [
        "Feature",
        "Description"
      ],
      "rows": [
        {
          "Feature": "Power Source",
          "Description": "Its ergonomic design makes it easy to use and handle. This product offers unmatched performance and reliability. Available in various sizes and colors to suit your needs."
        },
        {
          "Feature": "Dimensions",
          "Description": "Perfect for everyday use, it provides excellent value for money. This item has received rave reviews from customers worldwide. Available in various sizes and colors to suit your needs."
        },
        {
          "Feature": "User Ratings",
          "Description": "It is environmentally friendly and energy-efficient. Perfect for everyday use, it provides excellent value for money. Crafted with premium materials, it is built to last."
        },
        {
          "Feature": "Compatibility",
          "Description": "Designed with the latest technology, it ensures top-notch quality. It is environmentally friendly and energy-efficient. This item has received rave reviews from customers worldwide."
        }
      ]
    },
    "content2": []
  },
  {
    "pagebreak": "pagebreak"
  },
  {
    "pagenum": 42,
    "content1": [
      "Product 42\n",
      "Compact Item\n",
      "Its ergonomic design makes it easy to use and handle. Crafted with premium materials, it is \n",
      "built to last. This product offers unmatched performance and reliability.\n"
    ],
    "table": {
      "columns": [
        "Feature",
        "Description"
      ],
      "rows": [
        {
          "Feature": "Power Source",
          "Description": "Its ergonomic design makes it easy to use and handle. This product offers unmatched performance and reliability. Available in various sizes and colors to suit your needs."
        },
        {
          "Feature": "Dimensions",
          "Description": "Perfect for everyday use, it provides excellent value for money. This item has received rave reviews from customers worldwide. Available in various sizes and colors to suit your needs."
        },
        {
          "Feature": "User Ratings",
          "Description": "It is environmentally friendly and energy-efficient. Perfect for everyday use, it provides excellent value for money. Crafted with premium materials, it is built to last."
        },
        {
          "Feature": "Compatibility",
          "Description": "Designed with the latest technology, it ensures top-notch quality. It is environmentally friendly and energy-efficient. This item has received rave reviews from customers worldwide."
        }
      ]
    },
    "content2": []
  },
  {
    "pagebreak": "pagebreak"
  },
  {
    "pagenum": 43,
    "content1": [
      "Product 43\n",
      "Amazing Item\n",
      "This item has received rave reviews from customers worldwide. It is environmentally \n",
      "friendly and energy-efficient. Designed with the latest technology, it ensures top-notch \n",
      "quality.\n"
    ],
    "table": {
      "columns": [
        "Feature",
        "Description"
      ],
      "rows": [
        {
          "Feature": "Power Source",
          "Description": "Its ergonomic design makes it easy to use and handle. This product offers unmatched performance and reliability. Available in various sizes and colors to suit your needs."
        },
        {
          "Feature": "Dimensions",
          "Description": "Perfect for everyday use, it provides excellent value for money. This item has received rave reviews from customers worldwide. Available in various sizes and colors to suit your needs."
        },
        {
          "Feature": "User Ratings",
          "Description": "It is environmentally friendly and energy-efficient. Perfect for everyday use, it provides excellent value for money. Crafted with premium materials, it is built to last."
        },
        {
          "Feature": "Compatibility",
          "Description": "Designed with the latest technology, it ensures top-notch quality. It is environmentally friendly and energy-efficient. This item has received rave reviews from customers worldwide."
        }
      ]
    },
    "content2": []
  },
  {
    "pagebreak": "pagebreak"
  },
  {
    "pagenum": 44,
    "content1": [
      "Product 44\n",
      "Innovative Appliance\n",
      "Available in various sizes and colors to suit your needs. Its ergonomic design makes it easy \n",
      "to use and handle. It is environmentally friendly and energy-efficient.\n"
    ],
    "table": {
      "columns": [
        "Feature",
        "Description"
      ],
      "rows": [
        {
          "Feature": "Power Source",
          "Description": "Its ergonomic design makes it easy to use and handle. This product offers unmatched performance and reliability. Available in various sizes and colors to suit your needs."
        },
        {
          "Feature": "Dimensions",
          "Description": "Perfect for everyday use, it provides excellent value for money. This item has received rave reviews from customers worldwide. Available in various sizes and colors to suit your needs."
        },
        {
          "Feature": "User Ratings",
          "Description": "It is environmentally friendly and energy-efficient. Perfect for everyday use, it provides excellent value for money. Crafted with premium materials, it is built to last."
        },
        {
          "Feature": "Compatibility",
          "Description": "Designed with the latest technology, it ensures top-notch quality. It is environmentally friendly and energy-efficient. This item has received rave reviews from customers worldwide."
        }
      ]
    },
    "content2": []
  },
  {
    "pagebreak": "pagebreak"
  },
  {
    "pagenum": 45,
    "content1": [
      "Product 45\n",
      "Fantastic Instrument\n",
      "It is environmentally friendly and energy-efficient. This product offers unmatched \n",
      "performance and reliability. Designed with the latest technology, it ensures top-notch \n",
      "quality.\n"
    ],
    "table": {
      "columns": [
        "Feature",
        "Description"
      ],
      "rows": [
        {
          "Feature": "Power Source",
          "Description": "Its ergonomic design makes it easy to use and handle. This product offers unmatched performance and reliability. Available in various sizes and colors to suit your needs."
        },
        {
          "Feature": "Dimensions",
          "Description": "Perfect for everyday use, it provides excellent value for money. This item has received rave reviews from customers worldwide. Available in various sizes and colors to suit your needs."
        },
        {
          "Feature": "User Ratings",
          "Description": "It is environmentally friendly and energy-efficient. Perfect for everyday use, it provides excellent value for money. Crafted with premium materials, it is built to last."
        },
        {
          "Feature": "Compatibility",
          "Description": "Designed with the latest technology, it ensures top-notch quality. It is environmentally friendly and energy-efficient. This item has received rave reviews from customers worldwide."
        }
      ]
    },
    "content2": [
      "efficient.\n",
      "is environmentally friendly and energy-\n",
      "technology, it ensures top-notch quality. It \n",
      "and handle. Designed with the latest \n",
      "Its ergonomic design makes it easy to use \n",
      "Price\n",
      "use, it provides excellent value for money.\n"
    ]
  },
  {
    "pagebreak": "pagebreak"
  },
  {
    "pagenum": 46,
    "content1": [
      "Product 46\n",
      "Innovative Tool\n",
      "Designed with the latest technology, it ensures top-notch quality. Perfect for everyday use, it \n",
      "provides excellent value for money. Its ergonomic design makes it easy to use and handle.\n"
    ],
    "table": {
      "columns": [
        "Feature",
        "Description"
      ],
      "rows": [
        {
          "Feature": "Power Source",
          "Description": "Its ergonomic design makes it easy to use and handle. This product offers unmatched performance and reliability. Available in various sizes and colors to suit your needs."
        },
        {
          "Feature": "Dimensions",
          "Description": "Perfect for everyday use, it provides excellent value for money. This item has received rave reviews from customers worldwide. Available in various sizes and colors to suit your needs."
        },
        {
          "Feature": "User Ratings",
          "Description": "It is environmentally friendly and energy-efficient. Perfect for everyday use, it provides excellent value for money. Crafted with premium materials, it is built to last."
        },
        {
          "Feature": "Compatibility",
          "Description": "Designed with the latest technology, it ensures top-notch quality. It is environmentally friendly and energy-efficient. This item has received rave reviews from customers worldwide."
        }
      ]
    },
    "content2": [
      "efficient.\n",
      "environmentally friendly and energy-\n",
      "reviews from customers worldwide. It is \n",
      "your needs. This item has received rave \n",
      "Available in various sizes and colors to suit \n",
      "Availability\n",
      "ensures top-notch quality.\n",
      "Designed with the latest technology, it \n",
      "various sizes and colors to suit your needs. \n",
      "excellent value for money. Available in \n",
      "Perfect for everyday use, it provides \n",
      "Dimensions\n",
      "your needs.\n",
      "Available in various sizes and colors to suit \n",
      "premium materials, it is built to last. \n",
      "performance and reliability. Crafted with \n",
      "This product offers unmatched \n",
      "Availability\n",
      "premium materials, it is built to last.\n",
      "performance and reliability. Crafted with \n",
      "your needs. This product offers unmatched \n",
      "Available in various sizes and colors to suit \n",
      "User Ratings\n",
      "Description\n",
      "Feature\n"
    ]
  },
  {
    "pagebreak": "pagebreak"
  },
  {
    "pagenum": 47,
    "content1": [
      "Product 47\n",
      "Eco-friendly Item\n",
      "Crafted with premium materials, it is built to last. Designed with the latest technology, it \n",
      "ensures top-notch quality. Perfect for everyday use, it provides excellent value for money.\n"
    ],
    "table": {
      "columns": [
        "Feature",
        "Description"
      ],
      "rows": [
        {
          "Feature": "Power Source",
          "Description": "Its ergonomic design makes it easy to use and handle. This product offers unmatched performance and reliability. Available in various sizes and colors to suit your needs."
        },
        {
          "Feature": "Dimensions",
          "Description": "Perfect for everyday use, it provides excellent value for money. This item has received rave reviews from customers worldwide. Available in various sizes and colors to suit your needs."
        },
        {
          "Feature": "User Ratings",
          "Description": "It is environmentally friendly and energy-efficient. Perfect for everyday use, it provides excellent value for money. Crafted with premium materials, it is built to last."
        },
        {
          "Feature": "Compatibility",
          "Description": "Designed with the latest technology, it ensures top-notch quality. It is environmentally friendly and energy-efficient. This item has received rave reviews from customers worldwide."
        }
      ]
    },
    "content2": []
  },
  {
    "pagebreak": "pagebreak"
  },
  {
    "pagenum": 48,
    "content1": [
      "Product 48\n",
      "Amazing Appliance\n",
      "This item has received rave reviews from customers worldwide. This product offers \n",
      "unmatched performance and reliability. Designed with the latest technology, it ensures top-\n",
      "notch quality.\n"
    ],
    "table": {
      "columns": [
        "Feature",
        "Description"
      ],
      "rows": [
        {
          "Feature": "Power Source",
          "Description": "Its ergonomic design makes it easy to use and handle. This product offers unmatched performance and reliability. Available in various sizes and colors to suit your needs."
        },
        {
          "Feature": "Dimensions",
          "Description": "Perfect for everyday use, it provides excellent value for money. This item has received rave reviews from customers worldwide. Available in various sizes and colors to suit your needs."
        },
        {
          "Feature": "User Ratings",
          "Description": "It is environmentally friendly and energy-efficient. Perfect for everyday use, it provides excellent value for money. Crafted with premium materials, it is built to last."
        },
        {
          "Feature": "Compatibility",
          "Description": "Designed with the latest technology, it ensures top-notch quality. It is environmentally friendly and energy-efficient. This item has received rave reviews from customers worldwide."
        }
      ]
    },
    "content2": []
  },
  {
    "pagebreak": "pagebreak"
  },
  {
    "pagenum": 49,
    "content1": [
      "Product 49\n",
      "Innovative Item\n",
      "Its ergonomic design makes it easy to use and handle. Available in various sizes and colors \n",
      "to suit your needs. It is environmentally friendly and energy-efficient.\n"
    ],
    "table": {
      "columns": [
        "Feature",
        "Description"
      ],
      "rows": [
        {
          "Feature": "Power Source",
          "Description": "Its ergonomic design makes it easy to use and handle. This product offers unmatched performance and reliability. Available in various sizes and colors to suit your needs."
        },
        {
          "Feature": "Dimensions",
          "Description": "Perfect for everyday use, it provides excellent value for money. This item has received rave reviews from customers worldwide. Available in various sizes and colors to suit your needs."
        },
        {
          "Feature": "User Ratings",
          "Description": "It is environmentally friendly and energy-efficient. Perfect for everyday use, it provides excellent value for money. Crafted with premium materials, it is built to last."
        },
        {
          "Feature": "Compatibility",
          "Description": "Designed with the latest technology, it ensures top-notch quality. It is environmentally friendly and energy-efficient. This item has received rave reviews from customers worldwide."
        }
      ]
    },
    "content2": [
      "efficient.\n",
      "environmentally friendly and energy-\n",
      "provides excellent value for money. It is \n",
      "and handle. Perfect for everyday use, it \n",
      "Its ergonomic design makes it easy to use \n",
      "Dimensions\n",
      "design makes it easy to use and handle.\n",
      "performance and reliability. Its ergonomic \n",
      "efficient. This product offers unmatched \n",
      "It is environmentally friendly and energy-\n",
      "Price\n",
      "for money.\n",
      "everyday use, it provides excellent value \n",
      "colors to suit your needs. Perfect for \n",
      "and handle. Available in various sizes and \n",
      "Its ergonomic design makes it easy to use \n",
      "Power Source\n",
      "ensures top-notch quality.\n",
      "Designed with the latest technology, it \n",
      "reviews from customers worldwide. \n",
      "and handle. This item has received rave \n",
      "Its ergonomic design makes it easy to use \n",
      "Power Source\n",
      "Description\n",
      "Feature\n"
    ]
  },
  {
    "pagebreak": "pagebreak"
  },
  {
    "pagenum": 50,
    "content1": [
      "Product 50\n",
      "Innovative Appliance\n",
      "This item has received rave reviews from customers worldwide. It is environmentally \n",
      "friendly and energy-efficient. Available in various sizes and colors to suit your needs.\n"
    ],
    "table": {
      "columns": [
        "Feature",
        "Description"
      ],
      "rows": [
        {
          "Feature": "Power Source",
          "Description": "Its ergonomic design makes it easy to use and handle. This product offers unmatched performance and reliability. Available in various sizes and colors to suit your needs."
        },
        {
          "Feature": "Dimensions",
          "Description": "Perfect for everyday use, it provides excellent value for money. This item has received rave reviews from customers worldwide. Available in various sizes and colors to suit your needs."
        },
        {
          "Feature": "User Ratings",
          "Description": "It is environmentally friendly and energy-efficient. Perfect for everyday use, it provides excellent value for money. Crafted with premium materials, it is built to last."
        },
        {
          "Feature": "Compatibility",
          "Description": "Designed with the latest technology, it ensures top-notch quality. It is environmentally friendly and energy-efficient. This item has received rave reviews from customers worldwide."
        }
      ]
    },
    "content2": [
      "efficient.\n",
      "environmentally friendly and energy-\n",
      "premium materials, it is built to last. It is \n",
      "customers worldwide. Crafted with \n",
      "This item has received rave reviews from \n",
      "Power Source\n",
      "easy to use and handle.\n",
      "worldwide. Its ergonomic design makes it \n",
      "received rave reviews from customers \n",
      "excellent value for money. This item has \n",
      "Perfect for everyday use, it provides \n",
      "Compatibility\n",
      "efficient.\n",
      "environmentally friendly and energy-\n",
      "reviews from customers worldwide. It is \n",
      "and handle. This item has received rave \n",
      "Its ergonomic design makes it easy to use \n",
      "Material\n",
      "efficient.\n",
      "is environmentally friendly and energy-\n",
      "unmatched performance and reliability. It \n",
      "customers worldwide. This product offers \n",
      "This item has received rave reviews from \n",
      "Color Options\n",
      "Description\n",
      "Feature\n"
    ]
  },
  {
    "pagebreak": "pagebreak"
  }
]