[
  {
    "pagenum": 1,
    "content1": [
      "Product Catalog - Document 2\n",
      "Product 1\n",
      "Amazing Gadget\n",
      "This item has received rave reviews from customers worldwide. It is environmentally \n",
      "friendly and energy-efficient. Designed with the latest technology, it ensures top-notch \n",
      "quality.\n"
    ],
    "table": {
      "columns": [
        "Feature",
        "Description"
      ],
      "rows": [
        {
          "Feature": "Dimensions",
          "Description": "Its ergonomic design makes it easy to use and handle. Crafted with premium materials, it is built to last. This item has received rave reviews from customers worldwide."
        },
        {
          "Feature": "Compatibility",
          "Description": "This product offers unmatched performance and reliability. It is environmentally friendly and energy-efficient. Available in various sizes and colors to suit your needs."
        },
        {
          "Feature": "Weight",
          "Description": "Available in various sizes and colors to suit your needs. Perfect for everyday use, it provides excellent value for money. This item has received rave reviews from customers worldwide."
        },
        {
          "Feature": "Weight",
          "Description": "Crafted with premium materials, it is built to last. This product offers unmatched performance and reliability. This item has received rave reviews from customers worldwide."
        }
      ]
    },
    "content2": []
  },
  {
    "pagebreak": "pagebreak"
  },
  {
    "pagenum": 2,
    "content1": [
      "Product 2\n",
      "Incredible Accessory\n",
      "Perfect for everyday use, it provides excellent value for money. Crafted with premium \n",
      "materials, it is built to last. This product offers unmatched performance and reliability.\n"
    ],
    "table": {
      "columns": [
        "Feature",
        "Description"
      ],
      "rows": [
        {
          "Feature": "Dimensions",
          "Description": "Its ergonomic design makes it easy to use and handle. Crafted with premium materials, it is built to last. This item has received rave reviews from customers worldwide."
        },
        {
          "Feature": "Compatibility",
          "Description": "This product offers unmatched performance and reliability. It is environmentally friendly and energy-efficient. Available in various sizes and colors to suit your needs."
        },
        {
          "Feature": "Weight",
          "Description": "Available in various sizes and colors to suit your needs. Perfect for everyday use, it provides excellent value for money. This item has received rave reviews from customers worldwide."
        },
        {
          "Feature": "Weight",
          "Description": "Crafted with premium materials, it is built to last. This product offers unmatched performance and reliability. This item has received rave reviews from customers worldwide."
        }
      ]
    },
    "content2": []
  },
  {
    "pagebreak": "pagebreak"
  },
  {
    "pagenum": 3,
    "content1": [
      "Product 3\n",
      "Compact Gadget\n",
      "Crafted with premium materials, it is built to last. This product offers unmatched \n",
      "performance and reliability. Its ergonomic design makes it easy to use and handle.\n"
    ],
    "table": {
      "columns": [
        "Feature",
        "Description"
      ],
      "rows": [
        {
          "Feature": "Dimensions",
          "Description": "Its ergonomic design makes it easy to use and handle. Crafted with premium materials, it is built to last. This item has received rave reviews from customers worldwide."
        },
        {
          "Feature": "Compatibility",
          "Description": "This product offers unmatched performance and reliability. It is environmentally friendly and energy-efficient. Available in various sizes and colors to suit your needs."
        },
        {
          "Feature": "Weight",
          "Description": "Available in various sizes and colors to suit your needs. Perfect for everyday use, it provides excellent value for money. This item has received rave reviews from customers worldwide."
        },
        {
          "Feature": "Weight",
          "Description": "Crafted with premium materials, it is built to last. This product offers unmatched performance and reliability. This item has received rave reviews from customers worldwide."
        }
      ]
    },
    "content2": []
  },
  {
    "pagebreak": "pagebreak"
  },
  {
    "pagenum": 4,
    "content1": [
      "Product 4\n",
      "Compact Item\n",
      "It is environmentally friendly and energy-efficient. Available in various sizes and colors to \n",
      "suit your needs. Crafted with premium materials, it is built to last.\n"
    ],
    "table": {
      "columns": [
        "Feature",
        "Description"
      ],
      "rows": [
        {
          "Feature": "Dimensions",
          "Description": "Its ergonomic design makes it easy to use and handle. Crafted with premium materials, it is built to last. This item has received rave reviews from customers worldwide."
        },
        {
          "Feature": "Compatibility",
          "Description": "This product offers unmatched performance and reliability. It is environmentally friendly and energy-efficient. Available in various sizes and colors to suit your needs."
        },
        {
          "Feature": "Weight",
          "Description": "Available in various sizes and colors to suit your needs. Perfect for everyday use, it provides excellent value for money. This item has received rave reviews from customers worldwide."
        },
        {
          "Feature": "Weight",
          "Description": "Crafted with premium materials, it is built to last. This product offers unmatched performance and reliability. This item has received rave reviews from customers worldwide."
        }
      ]
    },
    "content2": []
  },
  {
    "pagebreak": "pagebreak"
  },
  {
    "pagenum": 5,
    "content1": [
      "Product 5\n",
      "Stylish Appliance\n",
      "This item has received rave reviews from customers worldwide. Crafted with premium \n",
      "materials, it is built to last. It is environmentally friendly and energy-efficient.\n"
    ],
    "table": {
      "columns": [
        "Feature",
        "Description"
      ],
      "rows": [
        {
          "Feature": "Dimensions",
          "Description": "Its ergonomic design makes it easy to use and handle. Crafted with premium materials, it is built to last. This item has received rave reviews from customers worldwide."
        },
        {
          "Feature": "Compatibility",
          "Description": "This product offers unmatched performance and reliability. It is environmentally friendly and energy-efficient. Available in various sizes and colors to suit your needs."
        },
        {
          "Feature": "Weight",
          "Description": "Available in various sizes and colors to suit your needs. Perfect for everyday use, it provides excellent value for money. This item has received rave reviews from customers worldwide."
        },
        {
          "Feature": "Weight",
          "Description": "Crafted with premium materials, it is built to last. This product offers unmatched performance and reliability. This item has received rave reviews from customers worldwide."
        }
      ]
    },
    "content2": []
  },
  {
    "pagebreak": "pagebreak"
  },
  {
    "pagenum": 6,
    "content1": [
      "Product 6\n",
      "Amazing Accessory\n",
      "Crafted with premium materials, it is built to last. This product offers unmatched \n",
      "performance and reliability. Available in various sizes and colors to suit your needs.\n"
    ],
    "table": {
      "columns": [
        "Feature",
        "Description"
      ],
      "rows": [
        {
          "Feature": "Dimensions",
          "Description": "Its ergonomic design makes it easy to use and handle. Crafted with premium materials, it is built to last. This item has received rave reviews from customers worldwide."
        },
        {
          "Feature": "Compatibility",
          "Description": "This product offers unmatched performance and reliability. It is environmentally friendly and energy-efficient. Available in various sizes and colors to suit your needs."
        },
        {
          "Feature": "Weight",
          "Description": "Available in various sizes and colors to suit your needs. Perfect for everyday use, it provides excellent value for money. This item has received rave reviews from customers worldwide."
        },
        {
          "Feature": "Weight",
          "Description": "Crafted with premium materials, it is built to last. This product offers unmatched performance and reliability. This item has received rave reviews from customers worldwide."
        }
      ]
    },
    "content2": []
  },
  {
    "pagebreak": "pagebreak"
  },
  {
    "pagenum": 7,
    "content1": [
      "Product 7\n",
      "Incredible Item\n",
      "Available in various sizes and colors to suit your needs. This product offers unmatched \n",
      "performance and reliability. Its ergonomic design makes it easy to use and handle.\n"
    ],
    "table": {
      "columns": [
        "Feature",
        "Description"
      ],
      "rows": [
        {
          "Feature": "Dimensions",
          "Description": "Its ergonomic design makes it easy to use and handle. Crafted with premium materials, it is built to last. This item has received rave reviews from customers worldwide."
        },
        {
          "Feature": "Compatibility",
          "Description": "This product offers unmatched performance and reliability. It is environmentally friendly and energy-efficient. Available in various sizes and colors to suit your needs."
        },
        {
          "Feature": "Weight",
          "Description": "Available in various sizes and colors to suit your needs. Perfect for everyday use, it provides excellent value for money. This item has received rave reviews from customers worldwide."
        },
        {
          "Feature": "Weight",
          "Description": "Crafted with premium materials, it is built to last. This product offers unmatched performance and reliability. This item has received rave reviews from customers worldwide."
        }
      ]
    },
    "content2": []
  },
  {
    "pagebreak": "pagebreak"
  },
  {
    "pagenum": 8,
    "content1": [
      "Product 8\n",
      "Compact Device\n",
      "Crafted with premium materials, it is built to last. Available in various sizes and colors to \n",
      "suit your needs. It is environmentally friendly and energy-efficient.\n"
    ],
    "table": {
      "columns": [
        "Feature",
        "Description"
      ],
      "rows": [
        {
          "Feature": "Dimensions",
          "Description": "Its ergonomic design makes it easy to use and handle. Crafted with premium materials, it is built to last. This item has received rave reviews from customers worldwide."
        },
        {
          "Feature": "Compatibility",
          "Description": "This product offers unmatched performance and reliability. It is environmentally friendly and energy-efficient. Available in various sizes and colors to suit your needs."
        },
        {
          "Feature": "Weight",
          "Description": "Available in various sizes and colors to suit your needs. Perfect for everyday use, it provides excellent value for money. This item has received rave reviews from customers worldwide."
        },
        {
          "Feature": "Weight",
          "Description": "Crafted with premium materials, it is built to last. This product offers unmatched performance and reliability. This item has received rave reviews from customers worldwide."
        }
      ]
    },
    "content2": []
  },
  {
    "pagebreak": "pagebreak"
  },
  {
    "pagenum": 9,
    "content1": [
      "Product 9\n",
      "Durable Device\n",
      "Its ergonomic design makes it easy to use and handle. Available in various sizes and colors \n",
      "to suit your needs. Perfect for everyday use, it provides excellent value for money.\n"
    ],
    "table": {
      "columns": [
        "Feature",
        "Description"
      ],
      "rows": [
        {
          "Feature": "Dimensions",
          "Description": "Its ergonomic design makes it easy to use and handle. Crafted with premium materials, it is built to last. This item has received rave reviews from customers worldwide."
        },
        {
          "Feature": "Compatibility",
          "Description": "This product offers unmatched performance and reliability. It is environmentally friendly and energy-efficient. Available in various sizes and colors to suit your needs."
        },
        {
          "Feature": "Weight",
          "Description": "Available in various sizes and colors to suit your needs. Perfect for everyday use, it provides excellent value for money. This item has received rave reviews from customers worldwide."
        },
        {
          "Feature": "Weight",
          "Description": "Crafted with premium materials, it is built to last. This product offers unmatched performance and reliability. This item has received rave reviews from customers worldwide."
        }
      ]
    },
    "content2": []
  },
  {
    "pagebreak": "pagebreak"
  },
  {
    "pagenum": 10,
    "content1": [
      "Product 10\n",
      "Amazing Accessory\n",
      "Available in various sizes and colors to suit your needs. This product offers unmatched \n",
      "performance and reliability. Designed with the latest technology, it ensures top-notch \n",
      "quality.\n"
    ],
    "table": {
      "columns": [
        "Feature",
        "Description"
      ],
      "rows": [
        {
          "Feature": "Dimensions",
          "Description": "Its ergonomic design makes it easy to use and handle. Crafted with premium materials, it is built to last. This item has received rave reviews from customers worldwide."
        },
        {
          "Feature": "Compatibility",
          "Description": "This product offers unmatched performance and reliability. It is environmentally friendly and energy-efficient. Available in various sizes and colors to suit your needs."
        },
        {
          "Feature": "Weight",
          "Description": "Available in various sizes and colors to suit your needs. Perfect for everyday use, it provides excellent value for money. This item has received rave reviews from customers worldwide."
        },
        {
          "Feature": "Weight",
          "Description": "Crafted with premium materials, it is built to last. This product offers unmatched performance and reliability. This item has received rave reviews from customers worldwide."
        }
      ]
    },
    "content2": []
  },
  {
    "pagebreak": "pagebreak"
  },
  {
    "pagenum": 11,
    "content1": [
      "Product 11\n",
      "Innovative Device\n",
      "Designed with the latest technology, it ensures top-notch quality. Its ergonomic design \n",
      "makes it easy to use and handle. Available in various sizes and colors to suit your needs.\n"
    ],
    "table": {
      "columns": [
        "Feature",
        "Description"
      ],
      "rows": [
        {
          "Feature": "Dimensions",
          "Description": "Its ergonomic design makes it easy to use and handle. Crafted with premium materials, it is built to last. This item has received rave reviews from customers worldwide."
        },
        {
          "Feature": "Compatibility",
          "Description": "This product offers unmatched performance and reliability. It is environmentally friendly and energy-efficient. Available in various sizes and colors to suit your needs."
        },
        {
          "Feature": "Weight",
          "Description": "Available in various sizes and colors to suit your needs. Perfect for everyday use, it provides excellent value for money. This item has received rave reviews from customers worldwide."
        },
        {
          "Feature": "Weight",
          "Description": "Crafted with premium materials, it is built to last. This product offers unmatched performance and reliability. This item has received rave reviews from customers worldwide."
        }
      ]
    },
    "content2": []
  },
  {
    "pagebreak": "pagebreak"
  },
  {
    "pagenum": 12,
    "content1": [
      "Product 12\n",
      "Compact Instrument\n",
      "This item has received rave reviews from customers worldwide. Crafted with premium \n",
      "materials, it is built to last. Designed with the latest technology, it ensures top-notch quality.\n"
    ],
    "table": {
      "columns": [
        "Feature",
        "Description"
      ],
      "rows": [
        {
          "Feature": "Dimensions",
          "Description": "Its ergonomic design makes it easy to use and handle. Crafted with premium materials, it is built to last. This item has received rave reviews from customers worldwide."
        },
        {
          "Feature": "Compatibility",
          "Description": "This product offers unmatched performance and reliability. It is environmentally friendly and energy-efficient. Available in various sizes and colors to suit your needs."
        },
        {
          "Feature": "Weight",
          "Description": "Available in various sizes and colors to suit your needs. Perfect for everyday use, it provides excellent value for money. This item has received rave reviews from customers worldwide."
        },
        {
          "Feature": "Weight",
          "Description": "Crafted with premium materials, it is built to last. This product offers unmatched performance and reliability. This item has received rave reviews from customers worldwide."
        }
      ]
    },
    "content2": []
  },
  {
    "pagebreak": "pagebreak"
  },
  {
    "pagenum": 13,
    "content1": [
      "Product 13\n",
      "Innovative Tool\n",
      "Perfect for everyday use, it provides excellent value for money. Its ergonomic design makes \n",
      "it easy to use and handle. Designed with the latest technology, it ensures top-notch quality.\n"
    ],
    "table": {
      "columns": [
        "Feature",
        "Description"
      ],
      "rows": [
        {
          "Feature": "Dimensions",
          "Description": "Its ergonomic design makes it easy to use and handle. Crafted with premium materials, it is built to last. This item has received rave reviews from customers worldwide."
        },
        {
          "Feature": "Compatibility",
          "Description": "This product offers unmatched performance and reliability. It is environmentally friendly and energy-efficient. Available in various sizes and colors to suit your needs."
        },
        {
          "Feature": "Weight",
          "Description": "Available in various sizes and colors to suit your needs. Perfect for everyday use, it provides excellent value for money. This item has received rave reviews from customers worldwide."
        },
        {
          "Feature": "Weight",
          "Description": "Crafted with premium materials, it is built to last. This product offers unmatched performance and reliability. This item has received rave reviews from customers worldwide."
        }
      ]
    },
    "content2": []
  },
  {
    "pagebreak": "pagebreak"
  },
  {
    "pagenum": 14,
    "content1": [
      "Product 14\n",
      "Durable Device\n",
      "Crafted with premium materials, it is built to last. Perfect for everyday use, it provides \n",
      "excellent value for money. This item has received rave reviews from customers worldwide.\n"
    ],
    "table": {
      "columns": [
        "Feature",
        "Description"
      ],
      "rows": [
        {
          "Feature": "Dimensions",
          "Description": "Its ergonomic design makes it easy to use and handle. Crafted with premium materials, it is built to last. This item has received rave reviews from customers worldwide."
        },
        {
          "Feature": "Compatibility",
          "Description": "This product offers unmatched performance and reliability. It is environmentally friendly and energy-efficient. Available in various sizes and colors to suit your needs."
        },
        {
          "Feature": "Weight",
          "Description": "Available in various sizes and colors to suit your needs. Perfect for everyday use, it provides excellent value for money. This item has received rave reviews from customers worldwide."
        },
        {
          "Feature": "Weight",
          "Description": "Crafted with premium materials, it is built to last. This product offers unmatched performance and reliability. This item has received rave reviews from customers worldwide."
        }
      ]
    },
    "content2": []
  },
  {
    "pagebreak": "pagebreak"
  },
  {
    "pagenum": 15,
    "content1": [
      "Product 15\n",
      "Fantastic Instrument\n",
      "It is environmentally friendly and energy-efficient. Designed with the latest technology, it \n",
      "ensures top-notch quality. Its ergonomic design makes it easy to use and handle.\n"
    ],
    "table": {
      "columns": [
        "Feature",
        "Description"
      ],
      "rows": [
        {
          "Feature": "Dimensions",
          "Description": "Its ergonomic design makes it easy to use and handle. Crafted with premium materials, it is built to last. This item has received rave reviews from customers worldwide."
        },
        {
          "Feature": "Compatibility",
          "Description": "This product offers unmatched performance and reliability. It is environmentally friendly and energy-efficient. Available in various sizes and colors to suit your needs."
        },
        {
          "Feature": "Weight",
          "Description": "Available in various sizes and colors to suit your needs. Perfect for everyday use, it provides excellent value for money. This item has received rave reviews from customers worldwide."
        },
        {
          "Feature": "Weight",
          "Description": "Crafted with premium materials, it is built to last. This product offers unmatched performance and reliability. This item has received rave reviews from customers worldwide."
        }
      ]
    },
    "content2": []
  },
  {
    "pagebreak": "pagebreak"
  },
  {
    "pagenum": 16,
    "content1": [
      "Product 16\n",
      "Stylish Gadget\n",
      "Perfect for everyday use, it provides excellent value for money. This product offers \n",
      "unmatched performance and reliability. This item has received rave reviews from \n",
      "customers worldwide.\n"
    ],
    "table": {
      "columns": [
        "Feature",
        "Description"
      ],
      "rows": [
        {
          "Feature": "Dimensions",
          "Description": "Its ergonomic design makes it easy to use and handle. Crafted with premium materials, it is built to last. This item has received rave reviews from customers worldwide."
        },
        {
          "Feature": "Compatibility",
          "Description": "This product offers unmatched performance and reliability. It is environmentally friendly and energy-efficient. Available in various sizes and colors to suit your needs."
        },
        {
          "Feature": "Weight",
          "Description": "Available in various sizes and colors to suit your needs. Perfect for everyday use, it provides excellent value for money. This item has received rave reviews from customers worldwide."
        },
        {
          "Feature": "Weight",
          "Description": "Crafted with premium materials, it is built to last. This product offers unmatched performance and reliability. This item has received rave reviews from customers worldwide."
        }
      ]
    },
    "content2": []
  },
  {
    "pagebreak": "pagebreak"
  },
  {
    "pagenum": 17,
    "content1": [
      "Product 17\n",
      "Stylish Tool\n",
      "It is environmentally friendly and energy-efficient. This product offers unmatched \n",
      "performance and reliability. Perfect for everyday use, it provides excellent value for money.\n"
    ],
    "table": {
      "columns": [
        "Feature",
        "Description"
      ],
      "rows": [
        {
          "Feature": "Dimensions",
          "Description": "Its ergonomic design makes it easy to use and handle. Crafted with premium materials, it is built to last. This item has received rave reviews from customers worldwide."
        },
        {
          "Feature": "Compatibility",
          "Description": "This product offers unmatched performance and reliability. It is environmentally friendly and energy-efficient. Available in various sizes and colors to suit your needs."
        },
        {
          "Feature": "Weight",
          "Description": "Available in various sizes and colors to suit your needs. Perfect for everyday use, it provides excellent value for money. This item has received rave reviews from customers worldwide."
        },
        {
          "Feature": "Weight",
          "Description": "Crafted with premium materials, it is built to last. This product offers unmatched performance and reliability. This item has received rave reviews from customers worldwide."
        }
      ]
    },
    "content2": []
  },
  {
    "pagebreak": "pagebreak"
  },
  {
    "pagenum": 18,
    "content1": [
      "Product 18\n",
      "Compact Tool\n",
      "Available in various sizes and colors to suit your needs. Designed with the latest technology, \n",
      "it ensures top-notch quality. Crafted with premium materials, it is built to last.\n"
    ],
    "table": {
      "columns": [
        "Feature",
        "Description"
      ],
      "rows": [
        {
          "Feature": "Dimensions",
          "Description": "Its ergonomic design makes it easy to use and handle. Crafted with premium materials, it is built to last. This item has received rave reviews from customers worldwide."
        },
        {
          "Feature": "Compatibility",
          "Description": "This product offers unmatched performance and reliability. It is environmentally friendly and energy-efficient. Available in various sizes and colors to suit your needs."
        },
        {
          "Feature": "Weight",
          "Description": "Available in various sizes and colors to suit your needs. Perfect for everyday use, it provides excellent value for money. This item has received rave reviews from customers worldwide."
        },
        {
          "Feature": "Weight",
          "Description": "Crafted with premium materials, it is built to last. This product offers unmatched performance and reliability. This item has received rave reviews from customers worldwide."
        }
      ]
    },
    "content2": []
  },
  {
    "pagebreak": "pagebreak"
  },
  {
    "pagenum": 19,
    "content1": [
      "Product 19\n",
      "Amazing Appliance\n",
      "Designed with the latest technology, it ensures top-notch quality. This item has received \n",
      "rave reviews from customers worldwide. Available in various sizes and colors to suit your \n",
      "needs.\n"
    ],
    "table": {
      "columns": [
        "Feature",
        "Description"
      ],
      "rows": [
        {
          "Feature": "Dimensions",
          "Description": "Its ergonomic design makes it easy to use and handle. Crafted with premium materials, it is built to last. This item has received rave reviews from customers worldwide."
        },
        {
          "Feature": "Compatibility",
          "Description": "This product offers unmatched performance and reliability. It is environmentally friendly and energy-efficient. Available in various sizes and colors to suit your needs."
        },
        {
          "Feature": "Weight",
          "Description": "Available in various sizes and colors to suit your needs. Perfect for everyday use, it provides excellent value for money. This item has received rave reviews from customers worldwide."
        },
        {
          "Feature": "Weight",
          "Description": "Crafted with premium materials, it is built to last. This product offers unmatched performance and reliability. This item has received rave reviews from customers worldwide."
        }
      ]
    },
    "content2": []
  },
  {
    "pagebreak": "pagebreak"
  },
  {
    "pagenum": 20,
    "content1": [
      "Product 20\n",
      "Amazing Equipment\n",
      "Available in various sizes and colors to suit your needs. This item has received rave reviews \n",
      "from customers worldwide. Its ergonomic design makes it easy to use and handle.\n"
    ],
    "table": {
      "columns": [
        "Feature",
        "Description"
      ],
      "rows": [
        {
          "Feature": "Dimensions",
          "Description": "Its ergonomic design makes it easy to use and handle. Crafted with premium materials, it is built to last. This item has received rave reviews from customers worldwide."
        },
        {
          "Feature": "Compatibility",
          "Description": "This product offers unmatched performance and reliability. It is environmentally friendly and energy-efficient. Available in various sizes and colors to suit your needs."
        },
        {
          "Feature": "Weight",
          "Description": "Available in various sizes and colors to suit your needs. Perfect for everyday use, it provides excellent value for money. This item has received rave reviews from customers worldwide."
        },
        {
          "Feature": "Weight",
          "Description": "Crafted with premium materials, it is built to last. This product offers unmatched performance and reliability. This item has received rave reviews from customers worldwide."
        }
      ]
    },
    "content2": []
  },
  {
    "pagebreak": "pagebreak"
  },
  {
    "pagenum": 21,
    "content1": [
      "Product 21\n",
      "Fantastic Accessory\n",
      "Available in various sizes and colors to suit your needs. Its ergonomic design makes it easy \n",
      "to use and handle. This product offers unmatched performance and reliability.\n"
    ],
    "table": {
      "columns": [
        "Feature",
        "Description"
      ],
      "rows": [
        {
          "Feature": "Dimensions",
          "Description": "Its ergonomic design makes it easy to use and handle. Crafted with premium materials, it is built to last. This item has received rave reviews from customers worldwide."
        },
        {
          "Feature": "Compatibility",
          "Description": "This product offers unmatched performance and reliability. It is environmentally friendly and energy-efficient. Available in various sizes and colors to suit your needs."
        },
        {
          "Feature": "Weight",
          "Description": "Available in various sizes and colors to suit your needs. Perfect for everyday use, it provides excellent value for money. This item has received rave reviews from customers worldwide."
        },
        {
          "Feature": "Weight",
          "Description": "Crafted with premium materials, it is built to last. This product offers unmatched performance and reliability. This item has received rave reviews from customers worldwide."
        }
      ]
    },
    "content2": []
  },
  {
    "pagebreak": "pagebreak"
  },
  {
    "pagenum": 22,
    "content1": [
      "Product 22\n",
      "Fantastic Item\n",
      "Crafted with premium materials, it is built to last. Its ergonomic design makes it easy to use \n",
      "and handle. Designed with the latest technology, it ensures top-notch quality.\n"
    ],
    "table": {
      "columns": [
        "Feature",
        "Description"
      ],
      "rows": [
        {
          "Feature": "Dimensions",
          "Description": "Its ergonomic design makes it easy to use and handle. Crafted with premium materials, it is built to last. This item has received rave reviews from customers worldwide."
        },
        {
          "Feature": "Compatibility",
          "Description": "This product offers unmatched performance and reliability. It is environmentally friendly and energy-efficient. Available in various sizes and colors to suit your needs."
        },
        {
          "Feature": "Weight",
          "Description": "Available in various sizes and colors to suit your needs. Perfect for everyday use, it provides excellent value for money. This item has received rave reviews from customers worldwide."
        },
        {
          "Feature": "Weight",
          "Description": "Crafted with premium materials, it is built to last. This product offers unmatched performance and reliability. This item has received rave reviews from customers worldwide."
        }
      ]
    },
    "content2": []
  },
  {
    "pagebreak": "pagebreak"
  },
  {
    "pagenum": 23,
    "content1": [
      "Product 23\n",
      "Stylish Item\n",
      "This item has received rave reviews from customers worldwide. Its ergonomic design \n",
      "makes it easy to use and handle. Designed with the latest technology, it ensures top-notch \n",
      "quality.\n"
    ],
    "table": {
      "columns": [
        "Feature",
        "Description"
      ],
      "rows": [
        {
          "Feature": "Dimensions",
          "Description": "Its ergonomic design makes it easy to use and handle. Crafted with premium materials, it is built to last. This item has received rave reviews from customers worldwide."
        },
        {
          "Feature": "Compatibility",
          "Description": "This product offers unmatched performance and reliability. It is environmentally friendly and energy-efficient. Available in various sizes and colors to suit your needs."
        },
        {
          "Feature": "Weight",
          "Description": "Available in various sizes and colors to suit your needs. Perfect for everyday use, it provides excellent value for money. This item has received rave reviews from customers worldwide."
        },
        {
          "Feature": "Weight",
          "Description": "Crafted with premium materials, it is built to last. This product offers unmatched performance and reliability. This item has received rave reviews from customers worldwide."
        }
      ]
    },
    "content2": []
  },
  {
    "pagebreak": "pagebreak"
  },
  {
    "pagenum": 24,
    "content1": [
      "Product 24\n",
      "Incredible Instrument\n",
      "This product offers unmatched performance and reliability. Available in various sizes and \n",
      "colors to suit your needs. Crafted with premium materials, it is built to last.\n"
    ],
    "table": {
      "columns": [
        "Feature",
        "Description"
      ],
      "rows": [
        {
          "Feature": "Dimensions",
          "Description": "Its ergonomic design makes it easy to use and handle. Crafted with premium materials, it is built to last. This item has received rave reviews from customers worldwide."
        },
        {
          "Feature": "Compatibility",
          "Description": "This product offers unmatched performance and reliability. It is environmentally friendly and energy-efficient. Available in various sizes and colors to suit your needs."
        },
        {
          "Feature": "Weight",
          "Description": "Available in various sizes and colors to suit your needs. Perfect for everyday use, it provides excellent value for money. This item has received rave reviews from customers worldwide."
        },
        {
          "Feature": "Weight",
          "Description": "Crafted with premium materials, it is built to last. This product offers unmatched performance and reliability. This item has received rave reviews from customers worldwide."
        }
      ]
    },
    "content2": []
  },
  {
    "pagebreak": "pagebreak"
  },
  {
    "pagenum": 25,
    "content1": [
      "Product 25\n",
      "Innovative Accessory\n",
      "Crafted with premium materials, it is built to last. Its ergonomic design makes it easy to use \n",
      "and handle. Available in various sizes and colors to suit your needs.\n"
    ],
    "table": {
      "columns": [
        "Feature",
        "Description"
      ],
      "rows": [
        {
          "Feature": "Dimensions",
          "Description": "Its ergonomic design makes it easy to use and handle. Crafted with premium materials, it is built to last. This item has received rave reviews from customers worldwide."
        },
        {
          "Feature": "Compatibility",
          "Description": "This product offers unmatched performance and reliability. It is environmentally friendly and energy-efficient. Available in various sizes and colors to suit your needs."
        },
        {
          "Feature": "Weight",
          "Description": "Available in various sizes and colors to suit your needs. Perfect for everyday use, it provides excellent value for money. This item has received rave reviews from customers worldwide."
        },
        {
          "Feature": "Weight",
          "Description": "Crafted with premium materials, it is built to last. This product offers unmatched performance and reliability. This item has received rave reviews from customers worldwide."
        }
      ]
    },
    "content2": []
  },
  {
    "pagebreak": "pagebreak"
  },
  {
    "pagenum": 26,
    "content1": [
      "Product 26\n",
      "Compact Item\n",
      "It is environmentally friendly and energy-efficient. Designed with the latest technology, it \n",
      "ensures top-notch quality. Available in various sizes and colors to suit your needs.\n"
    ],
    "table": {
      "columns": [
        "Feature",
        "Description"
      ],
      "rows": [
        {
          "Feature": "Dimensions",
          "Description": "Its ergonomic design makes it easy to use and handle. Crafted with premium materials, it is built to last. This item has received rave reviews from customers worldwide."
        },
        {
          "Feature": "Compatibility",
          "Description": "This product offers unmatched performance and reliability. It is environmentally friendly and energy-efficient. Available in various sizes and colors to suit your needs."
        },
        {
          "Feature": "Weight",
          "Description": "Available in various sizes and colors to suit your needs. Perfect for everyday use, it provides excellent value for money. This item has received rave reviews from customers worldwide."
        },
        {
          "Feature": "Weight",
          "Description": "Crafted with premium materials, it is built to last. This product offers unmatched performance and reliability. This item has received rave reviews from customers worldwide."
        }
      ]
    },
    "content2": []
  },
  {
    "pagebreak": "pagebreak"
  },
  {
    "pagenum": 27,
    "content1": [
      "Product 27\n",
      "Eco-friendly Accessory\n",
      "Perfect for everyday use, it provides excellent value for money. This product offers \n",
      "unmatched performance and reliability. Designed with the latest technology, it ensures top-\n",
      "notch quality.\n"
    ],
    "table": {
      "columns": [
        "Feature",
        "Description"
      ],
      "rows": [
        {
          "Feature": "Dimensions",
          "Description": "Its ergonomic design makes it easy to use and handle. Crafted with premium materials, it is built to last. This item has received rave reviews from customers worldwide."
        },
        {
          "Feature": "Compatibility",
          "Description": "This product offers unmatched performance and reliability. It is environmentally friendly and energy-efficient. Available in various sizes and colors to suit your needs."
        },
        {
          "Feature": "Weight",
          "Description": "Available in various sizes and colors to suit your needs. Perfect for everyday use, it provides excellent value for money. This item has received rave reviews from customers worldwide."
        },
        {
          "Feature": "Weight",
          "Description": "Crafted with premium materials, it is built to last. This product offers unmatched performance and reliability. This item has received rave reviews from customers worldwide."
        }
      ]
    },
    "content2": []
  },
  {
    "pagebreak": "pagebreak"
  },
  {
    "pagenum": 28,
    "content1": [
      "Product 28\n",
      "Durable Equipment\n",
      "Available in various sizes and colors to suit your needs. Designed with the latest technology, \n",
      "it ensures top-notch quality. Crafted with premium materials, it is built to last.\n"
    ],
    "table": {
      "columns": [
        "Feature",
        "Description"
      ],
      "rows": [
        {
          "Feature": "Dimensions",
          "Description": "Its ergonomic design makes it easy to use and handle. Crafted with premium materials, it is built to last. This item has received rave reviews from customers worldwide."
        },
        {
          "Feature": "Compatibility",
          "Description": "This product offers unmatched performance and reliability. It is environmentally friendly and energy-efficient. Available in various sizes and colors to suit your needs."
        },
        {
          "Feature": "Weight",
          "Description": "Available in various sizes and colors to suit your needs. Perfect for everyday use, it provides excellent value for money. This item has received rave reviews from customers worldwide."
        },
        {
          "Feature": "Weight",
          "Description": "Crafted with premium materials, it is built to last. This product offers unmatched performance and reliability. This item has received rave reviews from customers worldwide."
        }
      ]
    },
    "content2": []
  },
  {
    "pagebreak": "pagebreak"
  },
  {
    "pagenum": 29,
    "content1": [
      "Product 29\n",
      "Durable Appliance\n",
      "Perfect for everyday use, it provides excellent value for money. Crafted with premium \n",
      "materials, it is built to last. This item has received rave reviews from customers worldwide.\n"
    ],
    "table": {
      "columns": [
        "Feature",
        "Description"
      ],
      "rows": [
        {
          "Feature": "Dimensions",
          "Description": "Its ergonomic design makes it easy to use and handle. Crafted with premium materials, it is built to last. This item has received rave reviews from customers worldwide."
        },
        {
          "Feature": "Compatibility",
          "Description": "This product offers unmatched performance and reliability. It is environmentally friendly and energy-efficient. Available in various sizes and colors to suit your needs."
        },
        {
          "Feature": "Weight",
          "Description": "Available in various sizes and colors to suit your needs. Perfect for everyday use, it provides excellent value for money. This item has received rave reviews from customers worldwide."
        },
        {
          "Feature": "Weight",
          "Description": "Crafted with premium materials, it is built to last. This product offers unmatched performance and reliability. This item has received rave reviews from customers worldwide."
        }
      ]
    },
    "content2": []
  },
  {
    "pagebreak": "pagebreak"
  },
  {
    "pagenum": 30,
    "content1": [
      "Product 30\n",
      "Compact Tool\n",
      "This item has received rave reviews from customers worldwide. It is environmentally \n",
      "friendly and energy-efficient. Designed with the latest technology, it ensures top-notch \n",
      "quality.\n"
    ],
    "table": {
      "columns": [
        "Feature",
        "Description"
      ],
      "rows": [
        {
          "Feature": "Dimensions",
          "Description": "Its ergonomic design makes it easy to use and handle. Crafted with premium materials, it is built to last. This item has received rave reviews from customers worldwide."
        },
        {
          "Feature": "Compatibility",
          "Description": "This product offers unmatched performance and reliability. It is environmentally friendly and energy-efficient. Available in various sizes and colors to suit your needs."
        },
        {
          "Feature": "Weight",
          "Description": "Available in various sizes and colors to suit your needs. Perfect for everyday use, it provides excellent value for money. This item has received rave reviews from customers worldwide."
        },
        {
          "Feature": "Weight",
          "Description": "Crafted with premium materials, it is built to last. This product offers unmatched performance and reliability. This item has received rave reviews from customers worldwide."
        }
      ]
    },
    "content2": []
  },
  {
    "pagebreak": "pagebreak"
  },
  {
    "pagenum": 31,
    "content1": [
      "Product 31\n",
      "Durable Instrument\n",
      "Available in various sizes and colors to suit your needs. It is environmentally friendly and \n",
      "energy-efficient. This item has received rave reviews from customers worldwide.\n"
    ],
    "table": {
      "columns": [
        "Feature",
        "Description"
      ],
      "rows": [
        {
          "Feature": "Dimensions",
          "Description": "Its ergonomic design makes it easy to use and handle. Crafted with premium materials, it is built to last. This item has received rave reviews from customers worldwide."
        },
        {
          "Feature": "Compatibility",
          "Description": "This product offers unmatched performance and reliability. It is environmentally friendly and energy-efficient. Available in various sizes and colors to suit your needs."
        },
        {
          "Feature": "Weight",
          "Description": "Available in various sizes and colors to suit your needs. Perfect for everyday use, it provides excellent value for money. This item has received rave reviews from customers worldwide."
        },
        {
          "Feature": "Weight",
          "Description": "Crafted with premium materials, it is built to last. This product offers unmatched performance and reliability. This item has received rave reviews from customers worldwide."
        }
      ]
    },
    "content2": [
      "efficient.\n",
      "environmentally friendly and energy-\n",
      "reviews from customers worldwide. It is \n",
      "and handle. This item has received rave \n",
      "Its ergonomic design makes it easy to use \n",
      "Color Options\n",
      "premium materials, it is built to last.\n",
      "performance and reliability. Crafted with \n",
      "efficient. This product offers unmatched \n",
      "It is environmentally friendly and energy-\n",
      "Power Source\n",
      "customers worldwide.\n",
      "item has received rave reviews from \n",
      "premium materials, it is built to last. This \n",
      "ensures top-notch quality. Crafted with \n",
      "Designed with the latest technology, it \n",
      "Color Options\n",
      "efficient.\n",
      "environmentally friendly and energy-\n",
      "excellent value for money. It is \n",
      "to last. Perfect for everyday use, it provides \n",
      "Crafted with premium materials, it is built \n",
      "Warranty\n",
      "Description\n",
      "Feature\n"
    ]
  },
  {
    "pagebreak": "pagebreak"
  },
  {
    "pagenum": 32,
    "content1": [
      "Product 32\n",
      "Eco-friendly Device\n",
      "Perfect for everyday use, it provides excellent value for money. Available in various sizes \n",
      "and colors to suit your needs. This product offers unmatched performance and reliability.\n"
    ],
    "table": {
      "columns": [
        "Feature",
        "Description"
      ],
      "rows": [
        {
          "Feature": "Dimensions",
          "Description": "Its ergonomic design makes it easy to use and handle. Crafted with premium materials, it is built to last. This item has received rave reviews from customers worldwide."
        },
        {
          "Feature": "Compatibility",
          "Description": "This product offers unmatched performance and reliability. It is environmentally friendly and energy-efficient. Available in various sizes and colors to suit your needs."
        },
        {
          "Feature": "Weight",
          "Description": "Available in various sizes and colors to suit your needs. Perfect for everyday use, it provides excellent value for money. This item has received rave reviews from customers worldwide."
        },
        {
          "Feature": "Weight",
          "Description": "Crafted with premium materials, it is built to last. This product offers unmatched performance and reliability. This item has received rave reviews from customers worldwide."
        }
      ]
    },
    "content2": []
  },
  {
    "pagebreak": "pagebreak"
  },
  {
    "pagenum": 33,
    "content1": [
      "Product 33\n",
      "Innovative Tool\n",
      "Its ergonomic design makes it easy to use and handle. Designed with the latest technology, it \n",
      "ensures top-notch quality. Available in various sizes and colors to suit your needs.\n"
    ],
    "table": {
      "columns": [
        "Feature",
        "Description"
      ],
      "rows": [
        {
          "Feature": "Dimensions",
          "Description": "Its ergonomic design makes it easy to use and handle. Crafted with premium materials, it is built to last. This item has received rave reviews from customers worldwide."
        },
        {
          "Feature": "Compatibility",
          "Description": "This product offers unmatched performance and reliability. It is environmentally friendly and energy-efficient. Available in various sizes and colors to suit your needs."
        },
        {
          "Feature": "Weight",
          "Description": "Available in various sizes and colors to suit your needs. Perfect for everyday use, it provides excellent value for money. This item has received rave reviews from customers worldwide."
        },
        {
          "Feature": "Weight",
          "Description": "Crafted with premium materials, it is built to last. This product offers unmatched performance and reliability. This item has received rave reviews from customers worldwide."
        }
      ]
    },
    "content2": []
  },
  {
    "pagebreak": "pagebreak"
  },
  {
    "pagenum": 34,
    "content1": [
      "Product 34\n",
      "Stylish Accessory\n",
      "Crafted with premium materials, it is built to last. This item has received rave reviews from \n",
      "customers worldwide. This product offers unmatched performance and reliability.\n"
    ],
    "table": {
      "columns": [
        "Feature",
        "Description"
      ],
      "rows": [
        {
          "Feature": "Dimensions",
          "Description": "Its ergonomic design makes it easy to use and handle. Crafted with premium materials, it is built to last. This item has received rave reviews from customers worldwide."
        },
        {
          "Feature": "Compatibility",
          "Description": "This product offers unmatched performance and reliability. It is environmentally friendly and energy-efficient. Available in various sizes and colors to suit your needs."
        },
        {
          "Feature": "Weight",
          "Description": "Available in various sizes and colors to suit your needs. Perfect for everyday use, it provides excellent value for money. This item has received rave reviews from customers worldwide."
        },
        {
          "Feature": "Weight",
          "Description": "Crafted with premium materials, it is built to last. This product offers unmatched performance and reliability. This item has received rave reviews from customers worldwide."
        }
      ]
    },
    "content2": [
      "efficient.\n",
      "is environmentally friendly and energy-\n",
      "unmatched performance and reliability. It \n",
      "customers worldwide. This product offers \n",
      "This item has received rave reviews from \n",
      "Power Source\n",
      "performance and reliability.\n",
      "This product offers unmatched \n",
      "technology, it ensures top-notch quality. \n",
      "efficient. Designed with the latest \n",
      "It is environmentally friendly and energy-\n",
      "Material\n",
      "performance and reliability.\n",
      "This product offers unmatched \n",
      "use, it provides excellent value for money. \n",
      "customers worldwide. Perfect for everyday \n",
      "This item has received rave reviews from \n",
      "Dimensions\n",
      "for money.\n",
      "everyday use, it provides excellent value \n",
      "easy to use and handle. Perfect for \n",
      "efficient. Its ergonomic design makes it \n",
      "It is environmentally friendly and energy-\n",
      "Compatibility\n",
      "Description\n",
      "Feature\n"
    ]
  },
  {
    "pagebreak": "pagebreak"
  },
  {
    "pagenum": 35,
    "content1": [
      "Product 35\n",
      "Stylish Instrument\n",
      "Crafted with premium materials, it is built to last. Perfect for everyday use, it provides \n",
      "excellent value for money. This product offers unmatched performance and reliability.\n"
    ],
    "table": {
      "columns": [
        "Feature",
        "Description"
      ],
      "rows": [
        {
          "Feature": "Dimensions",
          "Description": "Its ergonomic design makes it easy to use and handle. Crafted with premium materials, it is built to last. This item has received rave reviews from customers worldwide."
        },
        {
          "Feature": "Compatibility",
          "Description": "This product offers unmatched performance and reliability. It is environmentally friendly and energy-efficient. Available in various sizes and colors to suit your needs."
        },
        {
          "Feature": "Weight",
          "Description": "Available in various sizes and colors to suit your needs. Perfect for everyday use, it provides excellent value for money. This item has received rave reviews from customers worldwide."
        },
        {
          "Feature": "Weight",
          "Description": "Crafted with premium materials, it is built to last. This product offers unmatched performance and reliability. This item has received rave reviews from customers worldwide."
        }
      ]
    },
    "content2": []
  },
  {
    "pagebreak": "pagebreak"
  },
  {
    "pagenum": 36,
    "content1": [
      "Product 36\n",
      "Durable Gadget\n",
      "Crafted with premium materials, it is built to last. This product offers unmatched \n",
      "performance and reliability. Available in various sizes and colors to suit your needs.\n"
    ],
    "table": {
      "columns": [
        "Feature",
        "Description"
      ],
      "rows": [
        {
          "Feature": "Dimensions",
          "Description": "Its ergonomic design makes it easy to use and handle. Crafted with premium materials, it is built to last. This item has received rave reviews from customers worldwide."
        },
        {
          "Feature": "Compatibility",
          "Description": "This product offers unmatched performance and reliability. It is environmentally friendly and energy-efficient. Available in various sizes and colors to suit your needs."
        },
        {
          "Feature": "Weight",
          "Description": "Available in various sizes and colors to suit your needs. Perfect for everyday use, it provides excellent value for money. This item has received rave reviews from customers worldwide."
        },
        {
          "Feature": "Weight",
          "Description": "Crafted with premium materials, it is built to last. This product offers unmatched performance and reliability. This item has received rave reviews from customers worldwide."
        }
      ]
    },
    "content2": []
  },
  {
    "pagebreak": "pagebreak"
  },
  {
    "pagenum": 37,
    "content1": [
      "Product 37\n",
      "Stylish Appliance\n",
      "This product offers unmatched performance and reliability. Available in various sizes and \n",
      "colors to suit your needs. Perfect for everyday use, it provides excellent value for money.\n"
    ],
    "table": {
      "columns": [
        "Feature",
        "Description"
      ],
      "rows": [
        {
          "Feature": "Dimensions",
          "Description": "Its ergonomic design makes it easy to use and handle. Crafted with premium materials, it is built to last. This item has received rave reviews from customers worldwide."
        },
        {
          "Feature": "Compatibility",
          "Description": "This product offers unmatched performance and reliability. It is environmentally friendly and energy-efficient. Available in various sizes and colors to suit your needs."
        },
        {
          "Feature": "Weight",
          "Description": "Available in various sizes and colors to suit your needs. Perfect for everyday use, it provides excellent value for money. This item has received rave reviews from customers worldwide."
        },
        {
          "Feature": "Weight",
          "Description": "Crafted with premium materials, it is built to last. This product offers unmatched performance and reliability. This item has received rave reviews from customers worldwide."
        }
      ]
    },
    "content2": []
  },
  {
    "pagebreak": "pagebreak"
  },
  {
    "pagenum": 38,
    "content1": [
      "Product 38\n",
      "Compact Gadget\n",
      "Available in various sizes and colors to suit your needs. This product offers unmatched \n",
      "performance and reliability. Designed with the latest technology, it ensures top-notch \n",
      "quality.\n"
    ],
    "table": {
      "columns": [
        "Feature",
        "Description"
      ],
      "rows": [
        {
          "Feature": "Dimensions",
          "Description": "Its ergonomic design makes it easy to use and handle. Crafted with premium materials, it is built to last. This item has received rave reviews from customers worldwide."
        },
        {
          "Feature": "Compatibility",
          "Description": "This product offers unmatched performance and reliability. It is environmentally friendly and energy-efficient. Available in various sizes and colors to suit your needs."
        },
        {
          "Feature": "Weight",
          "Description": "Available in various sizes and colors to suit your needs. Perfect for everyday use, it provides excellent value for money. This item has received rave reviews from customers worldwide."
        },
        {
          "Feature": "Weight",
          "Description": "Crafted with premium materials, it is built to last. This product offers unmatched performance and reliability. This item has received rave reviews from customers worldwide."
        }
      ]
    },
    "content2": []
  },
  {
    "pagebreak": "pagebreak"
  },
  {
    "pagenum": 39,
    "content1": [
      "Product 39\n",
      "Durable Accessory\n",
      "Its ergonomic design makes it easy to use and handle. Available in various sizes and colors \n",
      "to suit your needs. Crafted with premium materials, it is built to last.\n"
    ],
    "table": {
      "columns": [
        "Feature",
        "Description"
      ],
      "rows": [
        {
          "Feature": "Dimensions",
          "Description": "Its ergonomic design makes it easy to use and handle. Crafted with premium materials, it is built to last. This item has received rave reviews from customers worldwide."
        },
        {
          "Feature": "Compatibility",
          "Description": "This product offers unmatched performance and reliability. It is environmentally friendly and energy-efficient. Available in various sizes and colors to suit your needs."
        },
        {
          "Feature": "Weight",
          "Description": "Available in various sizes and colors to suit your needs. Perfect for everyday use, it provides excellent value for money. This item has received rave reviews from customers worldwide."
        },
        {
          "Feature": "Weight",
          "Description": "Crafted with premium materials, it is built to last. This product offers unmatched performance and reliability. This item has received rave reviews from customers worldwide."
        }
      ]
    },
    "content2": []
  },
  {
    "pagebreak": "pagebreak"
  },
  {
    "pagenum": 40,
    "content1": [
      "Product 40\n",
      "Stylish Instrument\n",
      "This product offers unmatched performance and reliability. Its ergonomic design makes it \n",
      "easy to use and handle. Crafted with premium materials, it is built to last.\n"
    ],
    "table": {
      "columns": [
        "Feature",
        "Description"
      ],
      "rows": [
        {
          "Feature": "Dimensions",
          "Description": "Its ergonomic design makes it easy to use and handle. Crafted with premium materials, it is built to last. This item has received rave reviews from customers worldwide."
        },
        {
          "Feature": "Compatibility",
          "Description": "This product offers unmatched performance and reliability. It is environmentally friendly and energy-efficient. Available in various sizes and colors to suit your needs."
        },
        {
          "Feature": "Weight",
          "Description": "Available in various sizes and colors to suit your needs. Perfect for everyday use, it provides excellent value for money. This item has received rave reviews from customers worldwide."
        },
        {
          "Feature": "Weight",
          "Description": "Crafted with premium materials, it is built to last. This product offers unmatched performance and reliability. This item has received rave reviews from customers worldwide."
        }
      ]
    },
    "content2": []
  },
  {
    "pagebreak": "pagebreak"
  },
  {
    "pagenum": 41,
    "content1": [
      "Product 41\n",
      "Fantastic Device\n",
      "Crafted with premium materials, it is built to last. This product offers unmatched \n",
      "performance and reliability. It is environmentally friendly and energy-efficient.\n"
    ],
    "table": {
      "columns": [
        "Feature",
        "Description"
      ],
      "rows": [
        {
          "Feature": "Dimensions",
          "Description": "Its ergonomic design makes it easy to use and handle. Crafted with premium materials, it is built to last. This item has received rave reviews from customers worldwide."
        },
        {
          "Feature": "Compatibility",
          "Description": "This product offers unmatched performance and reliability. It is environmentally friendly and energy-efficient. Available in various sizes and colors to suit your needs."
        },
        {
          "Feature": "Weight",
          "Description": "Available in various sizes and colors to suit your needs. Perfect for everyday use, it provides excellent value for money. This item has received rave reviews from customers worldwide."
        },
        {
          "Feature": "Weight",
          "Description": "Crafted with premium materials, it is built to last. This product offers unmatched performance and reliability. This item has received rave reviews from customers worldwide."
        }
      ]
    },
    "content2": []
  },
  {
    "pagebreak": "pagebreak"
  },
  {
    "pagenum": 42,
    "content1": [
      "Product 42\n",
      "Innovative Accessory\n",
      "Available in various sizes and colors to suit your needs. This product offers unmatched \n",
      "performance and reliability. Its ergonomic design makes it easy to use and handle.\n"
    ],
    "table": {
      "columns": [
        "Feature",
        "Description"
      ],
      "rows": [
        {
          "Feature": "Dimensions",
          "Description": "Its ergonomic design makes it easy to use and handle. Crafted with premium materials, it is built to last. This item has received rave reviews from customers worldwide."
        },
        {
          "Feature": "Compatibility",
          "Description": "This product offers unmatched performance and reliability. It is environmentally friendly and energy-efficient. Available in various sizes and colors to suit your needs."
        },
        {
          "Feature": "Weight",
          "Description": "Available in various sizes and colors to suit your needs. Perfect for everyday use, it provides excellent value for money. This item has received rave reviews from customers worldwide."
        },
        {
          "Feature": "Weight",
          "Description": "Crafted with premium materials, it is built to last. This product offers unmatched performance and reliability. This item has received rave reviews from customers worldwide."
        }
      ]
    },
    "content2": []
  },
  {
    "pagebreak": "pagebreak"
  },
  {
    "pagenum": 43,
    "content1": [
      "Product 43\n",
      "Stylish Accessory\n",
      "This item has received rave reviews from customers worldwide. It is environmentally \n",
      "friendly and energy-efficient. Perfect for everyday use, it provides excellent value for \n",
      "money.\n"
    ],
    "table": {
      "columns": [
        "Feature",
        "Description"
      ],
      "rows": [
        {
          "Feature": "Dimensions",
          "Description": "Its ergonomic design makes it easy to use and handle. Crafted with premium materials, it is built to last. This item has received rave reviews from customers worldwide."
        },
        {
          "Feature": "Compatibility",
          "Description": "This product offers unmatched performance and reliability. It is environmentally friendly and energy-efficient. Available in various sizes and colors to suit your needs."
        },
        {
          "Feature": "Weight",
          "Description": "Available in various sizes and colors to suit your needs. Perfect for everyday use, it provides excellent value for money. This item has received rave reviews from customers worldwide."
        },
        {
          "Feature": "Weight",
          "Description": "Crafted with premium materials, it is built to last. This product offers unmatched performance and reliability. This item has received rave reviews from customers worldwide."
        }
      ]
    },
    "content2": []
  },
  {
    "pagebreak": "pagebreak"
  },
  {
    "pagenum": 44,
    "content1": [
      "Product 44\n",
      "Amazing Instrument\n",
      "Designed with the latest technology, it ensures top-notch quality. This product offers \n",
      "unmatched performance and reliability. It is environmentally friendly and energy-efficient.\n"
    ],
    "table": {
      "columns": [
        "Feature",
        "Description"
      ],
      "rows": [
        {
          "Feature": "Dimensions",
          "Description": "Its ergonomic design makes it easy to use and handle. Crafted with premium materials, it is built to last. This item has received rave reviews from customers worldwide."
        },
        {
          "Feature": "Compatibility",
          "Description": "This product offers unmatched performance and reliability. It is environmentally friendly and energy-efficient. Available in various sizes and colors to suit your needs."
        },
        {
          "Feature": "Weight",
          "Description": "Available in various sizes and colors to suit your needs. Perfect for everyday use, it provides excellent value for money. This item has received rave reviews from customers worldwide."
        },
        {
          "Feature": "Weight",
          "Description": "Crafted with premium materials, it is built to last. This product offers unmatched performance and reliability. This item has received rave reviews from customers worldwide."
        }
      ]
    },
    "content2": []
  },
  {
    "pagebreak": "pagebreak"
  },
  {
    "pagenum": 45,
    "content1": [
      "Product 45\n",
      "Incredible Tool\n",
      "This item has received rave reviews from customers worldwide. Designed with the latest \n",
      "technology, it ensures top-notch quality. Crafted with premium materials, it is built to last.\n"
    ],
    "table": {
      "columns": [
        "Feature",
        "Description"
      ],
      "rows": [
        {
          "Feature": "Dimensions",
          "Description": "Its ergonomic design makes it easy to use and handle. Crafted with premium materials, it is built to last. This item has received rave reviews from customers worldwide."
        },
        {
          "Feature": "Compatibility",
          "Description": "This product offers unmatched performance and reliability. It is environmentally friendly and energy-efficient. Available in various sizes and colors to suit your needs."
        },
        {
          "Feature": "Weight",
          "Description": "Available in various sizes and colors to suit your needs. Perfect for everyday use, it provides excellent value for money. This item has received rave reviews from customers worldwide."
        },
        {
          "Feature": "Weight",
          "Description": "Crafted with premium materials, it is built to last. This product offers unmatched performance and reliability. This item has received rave reviews from customers worldwide."
        }
      ]
    },
    "content2": []
  },
  {
    "pagebreak": "pagebreak"
  },
  {
    "pagenum": 46,
    "content1": [
      "Product 46\n",
      "Durable Gadget\n",
      "It is environmentally friendly and energy-efficient. Its ergonomic design makes it easy to \n",
      "use and handle. This item has received rave reviews from customers worldwide.\n"
    ],
    "table": {
      "columns": [
        "Feature",
        "Description"
      ],
      "rows": [
        {
          "Feature": "Dimensions",
          "Description": "Its ergonomic design makes it easy to use and handle. Crafted with premium materials, it is built to last. This item has received rave reviews from customers worldwide."
        },
        {
          "Feature": "Compatibility",
          "Description": "This product offers unmatched performance and reliability. It is environmentally friendly and energy-efficient. Available in various sizes and colors to suit your needs."
        },
        {
          "Feature": "Weight",
          "Description": "Available in various sizes and colors to suit your needs. Perfect for everyday use, it provides excellent value for money. This item has received rave reviews from customers worldwide."
        },
        {
          "Feature": "Weight",
          "Description": "Crafted with premium materials, it is built to last. This product offers unmatched performance and reliability. This item has received rave reviews from customers worldwide."
        }
      ]
    },
    "content2": []
  },
  {
    "pagebreak": "pagebreak"
  },
  {
    "pagenum": 47,
    "content1": [
      "Product 47\n",
      "Fantastic Device\n",
      "Its ergonomic design makes it easy to use and handle. Available in various sizes and colors \n",
      "to suit your needs. It is environmentally friendly and energy-efficient.\n"
    ],
    "table": {
      "columns": [
        "Feature",
        "Description"
      ],
      "rows": [
        {
          "Feature": "Dimensions",
          "Description": "Its ergonomic design makes it easy to use and handle. Crafted with premium materials, it is built to last. This item has received rave reviews from customers worldwide."
        },
        {
          "Feature": "Compatibility",
          "Description": "This product offers unmatched performance and reliability. It is environmentally friendly and energy-efficient. Available in various sizes and colors to suit your needs."
        },
        {
          "Feature": "Weight",
          "Description": "Available in various sizes and colors to suit your needs. Perfect for everyday use, it provides excellent value for money. This item has received rave reviews from customers worldwide."
        },
        {
          "Feature": "Weight",
          "Description": "Crafted with premium materials, it is built to last. This product offers unmatched performance and reliability. This item has received rave reviews from customers worldwide."
        }
      ]
    },
    "content2": [
      "efficient.\n",
      "environmentally friendly and energy-\n",
      "sizes and colors to suit your needs. It is \n",
      "customers worldwide. Available in various \n",
      "This item has received rave reviews from \n",
      "Weight\n",
      "provides excellent value for money.\n",
      "reliability. Perfect for everyday use, it \n",
      "offers unmatched performance and \n",
      "ensures top-notch quality. This product \n",
      "Designed with the latest technology, it \n",
      "Dimensions\n",
      "performance and reliability.\n",
      "efficient. This product offers unmatched \n",
      "environmentally friendly and energy-\n",
      "ensures top-notch quality. It is \n",
      "Designed with the latest technology, it \n",
      "Warranty\n",
      "use, it provides excellent value for money.\n"
    ]
  },
  {
    "pagebreak": "pagebreak"
  },
  {
    "pagenum": 48,
    "content1": [
      "Product 48\n",
      "Fantastic Gadget\n",
      "It is environmentally friendly and energy-efficient. Perfect for everyday use, it provides \n",
      "excellent value for money. This product offers unmatched performance and reliability.\n"
    ],
    "table": {
      "columns": [
        "Feature",
        "Description"
      ],
      "rows": [
        {
          "Feature": "Dimensions",
          "Description": "Its ergonomic design makes it easy to use and handle. Crafted with premium materials, it is built to last. This item has received rave reviews from customers worldwide."
        },
        {
          "Feature": "Compatibility",
          "Description": "This product offers unmatched performance and reliability. It is environmentally friendly and energy-efficient. Available in various sizes and colors to suit your needs."
        },
        {
          "Feature": "Weight",
          "Description": "Available in various sizes and colors to suit your needs. Perfect for everyday use, it provides excellent value for money. This item has received rave reviews from customers worldwide."
        },
        {
          "Feature": "Weight",
          "Description": "Crafted with premium materials, it is built to last. This product offers unmatched performance and reliability. This item has received rave reviews from customers worldwide."
        }
      ]
    },
    "content2": []
  },
  {
    "pagebreak": "pagebreak"
  },
  {
    "pagenum": 49,
    "content1": [
      "Product 49\n",
      "Stylish Appliance\n",
      "Available in various sizes and colors to suit your needs. It is environmentally friendly and \n",
      "energy-efficient. This item has received rave reviews from customers worldwide.\n"
    ],
    "table": {
      "columns": [
        "Feature",
        "Description"
      ],
      "rows": [
        {
          "Feature": "Dimensions",
          "Description": "Its ergonomic design makes it easy to use and handle. Crafted with premium materials, it is built to last. This item has received rave reviews from customers worldwide."
        },
        {
          "Feature": "Compatibility",
          "Description": "This product offers unmatched performance and reliability. It is environmentally friendly and energy-efficient. Available in various sizes and colors to suit your needs."
        },
        {
          "Feature": "Weight",
          "Description": "Available in various sizes and colors to suit your needs. Perfect for everyday use, it provides excellent value for money. This item has received rave reviews from customers worldwide."
        },
        {
          "Feature": "Weight",
          "Description": "Crafted with premium materials, it is built to last. This product offers unmatched performance and reliability. This item has received rave reviews from customers worldwide."
        }
      ]
    },
    "content2": []
  },
  {
    "pagebreak": "pagebreak"
  },
  {
    "pagenum": 50,
    "content1": [
      "Product 50\n",
      "Incredible Appliance\n",
      "Designed with the latest technology, it ensures top-notch quality. Its ergonomic design \n",
      "makes it easy to use and handle. Available in various sizes and colors to suit your needs.\n"
    ],
    "table": {
      "columns": [
        "Feature",
        "Description"
      ],
      "rows": [
        {
          "Feature": "Dimensions",
          "Description": "Its ergonomic design makes it easy to use and handle. Crafted with premium materials, it is built to last. This item has received rave reviews from customers worldwide."
        },
        {
          "Feature": "Compatibility",
          "Description": "This product offers unmatched performance and reliability. It is environmentally friendly and energy-efficient. Available in various sizes and colors to suit your needs."
        },
        {
          "Feature": "Weight",
          "Description": "Available in various sizes and colors to suit your needs. Perfect for everyday use, it provides excellent value for money. This item has received rave reviews from customers worldwide."
        },
        {
          "Feature": "Weight",
          "Description": "Crafted with premium materials, it is built to last. This product offers unmatched performance and reliability. This item has received rave reviews from customers worldwide."
        }
      ]
    },
    "content2": []
  },
  {
    "pagebreak": "pagebreak"
  }
]