[
  {
    "page": 1,
    "content": [
      "Working Hours Repair Obligations & Classification Technical \n",
      "Guide\n",
      "Repairs Obligations & Classification Guide\n",
      "The matrix below outlines the Maintenance Team's repair obligations under Aster Group’s tenancy \n",
      "agreements. It specifies the repairs provided for customers, leaseholders, and shared ownership scheme \n",
      "owners. A summary is included in customer and leaseholder handbooks.\n",
      "Repair priorities include response times and are adjusted for vulnerable and disabled customers. These \n",
      "priorities, created by a customer focus group, are reviewed regularly.\n",
      "Aster’s safety-first approach is reflected in this guide. For unlisted repairs, contact your line manager. \n",
      "Professional judgment may be used to elevate repair priorities.Priority Guidance:\n",
      "Response Level\n",
      "KPI Classification\n",
      "Time Scale\n",
      "Description\n",
      "Critical Emergency\n",
      "E4\n",
      "6 Hours\n",
      "Endangerment to life, \n",
      "major property damage, \n",
      "or large customer \n",
      "impact.\n",
      "Emergency\n",
      "E\n",
      "17 Hours\n",
      "Immediate health, \n",
      "safety, or structural \n",
      "risk.\n",
      "Next Working Day\n",
      "NWD\n",
      "32 Hours\n",
      "For a continuously \n",
      "beeping alarm.\n",
      "Urgent\n",
      "U\n",
      "---\n",
      "Non-emergency but \n",
      "potential for future \n",
      "issues.\n",
      "Routine\n",
      "R\n",
      "22 Working Days\n",
      "Non-urgent, can be \n",
      "deferred without \n",
      "significant impact.\n",
      "Batch\n",
      "60\n",
      "45 Working Days\n",
      "Larger repairs or recent \n",
      "deterioration, planned \n",
      "repairs.\n",
      "Vulnerable Customers: \n",
      "If it is discovered that a customer has incorrectly claimed vulnerability to obtain additional repairs, Aster \n",
      "will charge them with the cost of any repairs undertaken as a result of the incorrect claim. \n"
    ]
  },
  {
    "page": 2,
    "content": [
      "Rechargeable to customer: \n",
      "Repair costs for any damage caused by the customer or their family or visitors will be recharged to them. \n",
      "This excludes repairs resulting from normal wear and tear. \n",
      "Reportable by Leaseholders & Shared Owners: \n",
      "Repairs that Aster are responsible for variances according to the leases. This list covers the majority of \n",
      "leases. Leaseholders should not request repairs that are listed here as a customer responsibility. \n",
      "Target Priority: \n",
      "The priority levels can be raised if required based on professional judgement or where large number of \n",
      "customers may be affected, such as sheltered housing communal areas.\n",
      "TYPE OF \n",
      "REPAIR\n",
      "Who is \n",
      "Responsible \n",
      "Additional \n",
      "for \n",
      "Vulnerable \n",
      "Customers\n",
      "Rechargeable \n",
      "to Customer\n",
      "Reportable \n",
      "by \n",
      "Leaseholders \n",
      "& Shared \n",
      "Owners\n",
      "Reportable \n",
      "by Private \n",
      "rent \n",
      "Reportable \n",
      "by \n",
      "Intermediate \n",
      "rent \n",
      "Target \n",
      "Priority\n",
      "Ceilings\n",
      "Re-plastering \n",
      "or patch \n",
      "repairs to \n",
      "ceilings \n",
      "Maintenance Team\n",
      "If damage is \n",
      "due to customer \n",
      "action\n",
      "No – \n",
      "Sharedowner\n",
      "Leaseholder – \n",
      "refer to \n",
      "buildings \n",
      "insurance on \n",
      "service now\n",
      "Yes\n",
      "Yes\n",
      "Routine \n",
      "20 \n",
      "working \n",
      "days\n",
      "Chimneys \n",
      "Repairs to \n",
      "chimney pot, \n",
      "cowl or stack\n",
      "Maintenance Team\n",
      "No\n",
      "Not in shared \n",
      "ownership \n",
      "houses, flats \n",
      "only \n",
      "Yes\n",
      "Yes\n",
      "Routine \n",
      "20 \n",
      "working \n",
      "days \n",
      "Batch 60 \n",
      "working \n",
      "days \n",
      "Cookers\n",
      "Connection of \n",
      "cookers\n",
      "Customer\n",
      "No\n",
      "Not applicable\n",
      "No\n",
      "Yes\n",
      "Yes\n",
      "No \n",
      "Response\n",
      "Decoration\n",
      "Internal \n",
      "decorations\n",
      "Customer\n",
      "No\n",
      "Not applicable\n",
      "No\n",
      "Yes\n",
      "Yes\n",
      "No \n",
      "Response\n",
      "Doors\n",
      "Additional keys \n",
      "/ fobs for \n",
      "Customer but extra keys are \n",
      "usually obtained from Housing \n",
      "team at a charge\n",
      "Rechargeable\n",
      "Rechargeable\n",
      "Yes\n",
      "Yes\n",
      "No \n",
      "Response\n"
    ]
  },
  {
    "page": 3,
    "content": [
      "TYPE OF \n",
      "REPAIR\n",
      "Who is \n",
      "Responsible \n",
      "Additional \n",
      "for \n",
      "Vulnerable \n",
      "Customers\n",
      "Rechargeable \n",
      "to Customer\n",
      "Reportable \n",
      "by \n",
      "Leaseholders \n",
      "& Shared \n",
      "Owners\n",
      "Reportable \n",
      "by Private \n",
      "rent \n",
      "Reportable \n",
      "by \n",
      "Intermediate \n",
      "rent \n",
      "Target \n",
      "Priority\n",
      "communal \n",
      "entrance doors\n",
      "Doors\n",
      "Gain access if \n",
      "keys lost – i.e. \n",
      "force entry & \n",
      "repair or \n",
      "replace lock\n",
      "All customers will be advised to \n",
      "contact locksmith in the first \n",
      "instance. If unable to do this \n",
      "Maintenance Team will attend \n",
      "but customer will be recharged \n",
      "for the visit.\n",
      "Rechargeable \n",
      "for general \n",
      "needs and \n",
      "vulnerable \n",
      "customers. \n",
      "Recharge may \n",
      "be waivered in \n",
      "exceptional \n",
      "circumstances \n",
      "by Housing \n",
      "team\n",
      "No response \n",
      "from \n",
      "Maintenance \n",
      "Team - will be \n",
      "advised to \n",
      "contact \n",
      "locksmith.\n",
      "Yes\n",
      "Yes\n",
      "Emergenc\n",
      "y \n",
      "24 hours\n",
      "Doors\n",
      "Person locked \n",
      "in\n",
      "Maintenance Team\n",
      "Yes - if lock is \n",
      "in working order \n",
      "but customer \n",
      "has lost the key\n",
      "No response \n",
      "from \n",
      "Maintenance – \n",
      "will be advised \n",
      "to contact \n",
      "locksmith.\n",
      "Yes\n",
      "Yes\n",
      "Critical \n",
      "Emergenc\n",
      "y\n",
      "4 hours\n",
      "(If only one \n",
      "door for \n",
      "access)\n",
      "Door\n",
      "Re-secure \n",
      "front or back \n",
      "door to \n",
      "dwelling\n",
      "Maintenance Team\n",
      "If damage is \n",
      "due to customer \n",
      "action\n",
      "No \n",
      "Yes\n",
      "Yes\n",
      "Critical\n",
      "Emergenc\n",
      "y \n",
      "4 hours \n",
      "- Unable to \n",
      "close shut \n",
      "(door ajar)\n",
      "- Unable to \n",
      "lock and no \n",
      "chain or \n",
      "deadbolt \n",
      "Emergenc\n",
      "y \n",
      "- Unable to \n",
      "lock but \n",
      "there is a \n",
      "chain \n",
      "Routine \n",
      "- Unable to \n",
      "lock but \n",
      "they have a \n",
      "deadbolt \n",
      "which \n",
      "secures it & \n",
      "can access/ \n",
      "exit the \n",
      "property via \n",
      "another \n"
    ]
  },
  {
    "page": 4,
    "content": [
      "TYPE OF \n",
      "REPAIR\n",
      "Who is \n",
      "Responsible \n",
      "Additional \n",
      "for \n",
      "Vulnerable \n",
      "Customers\n",
      "Rechargeable \n",
      "to Customer\n",
      "Reportable \n",
      "by \n",
      "Leaseholders \n",
      "& Shared \n",
      "Owners\n",
      "Reportable \n",
      "by Private \n",
      "rent \n",
      "Reportable \n",
      "by \n",
      "Intermediate \n",
      "rent \n",
      "Target \n",
      "Priority\n",
      "door \n",
      "Automatic \n",
      "Doors\n",
      "Repairs to \n",
      "auto doors \n",
      "Servicing Team \n",
      "If vandalism is \n",
      "identified \n",
      "Yes – \n",
      "communal \n",
      "Yes \n",
      "Yes\n",
      "Critical \n",
      "Emergenc\n",
      "y\n",
      "4 hours\n",
      "Door\n",
      "Repair or \n",
      "replace \n",
      "defective locks \n",
      "to external \n",
      "doors\n",
      "Maintenance Team\n",
      "If needed as a \n",
      "result of keys \n",
      "being lost or \n",
      "through \n",
      "customer \n",
      "damage.\n",
      "Free for \n",
      "domestic \n",
      "violence cases \n",
      "(If referred via \n",
      "ASB Team)\n",
      "No - \n",
      "communal \n",
      "doors only\n",
      "Yes\n",
      "Yes – recharge \n",
      "possible if \n",
      "customer \n",
      "damage\n",
      "Emergenc\n",
      "y \n",
      "24 hours\n"
    ]
  }
]