[
  {
    "pagenum": 1,
    "content1": [
      "Working Hours Repair Obligations & Classification Technical \n",
      "Guide\n",
      "Repairs Obligations & Classification Guide\n",
      "The matrix below outlines the Maintenance Team's repair obligations under Aster Group\u2019s tenancy \n",
      "agreements. It specifies the repairs provided for customers, leaseholders, and shared ownership scheme \n",
      "owners. A summary is included in customer and leaseholder handbooks.\n",
      "Repair priorities include response times and are adjusted for vulnerable and disabled customers. These \n",
      "priorities, created by a customer focus group, are reviewed regularly.\n",
      "Aster\u2019s safety-first approach is reflected in this guide. For unlisted repairs, contact your line manager. \n",
      "Professional judgment may be used to elevate repair priorities.Priority Guidance:\n"
    ],
    "table": {
      "columns": [
        "Response Level",
        "KPI Classification",
        "Time Scale",
        "Description"
      ],
      "rows": [
        {
          "Response Level": "Critical Emergency",
          "KPI Classification": "E4",
          "Time Scale": "6 Hours",
          "Description": "Endangerment to life, major property damage, or large customer impact."
        },
        {
          "Response Level": "Emergency",
          "KPI Classification": "E",
          "Time Scale": "17 Hours",
          "Description": "Immediate health, safety, or structural risk."
        },
        {
          "Response Level": "Next Working Day",
          "KPI Classification": "NWD",
          "Time Scale": "32 Hours",
          "Description": "For a continuously beeping alarm."
        },
        {
          "Response Level": "Urgent",
          "KPI Classification": "U",
          "Time Scale": "---",
          "Description": "Non-emergency but potential for future issues."
        },
        {
          "Response Level": "Routine",
          "KPI Classification": "R",
          "Time Scale": "22 Working Days",
          "Description": "Non-urgent, can be deferred without significant impact."
        },
        {
          "Response Level": "Batch",
          "KPI Classification": "60",
          "Time Scale": "45 Working Days",
          "Description": "Larger repairs or recent deterioration, planned repairs."
        }
      ]
    },
    "content2": [
      "will charge them with the cost of any repairs undertaken as a result of the incorrect claim. \n",
      "If it is discovered that a customer has incorrectly claimed vulnerability to obtain additional repairs, Aster \n",
      "Vulnerable Customers: \n"
    ]
  },
  {
    "pagebreak": "pagebreak"
  },
  {
    "pagenum": 2,
    "content1": [
      "Rechargeable to customer: \n",
      "Repair costs for any damage caused by the customer or their family or visitors will be recharged to them. \n",
      "This excludes repairs resulting from normal wear and tear. \n",
      "Reportable by Leaseholders & Shared Owners: \n",
      "Repairs that Aster are responsible for variances according to the leases. This list covers the majority of \n",
      "leases. Leaseholders should not request repairs that are listed here as a customer responsibility. \n",
      "Target Priority: \n",
      "The priority levels can be raised if required based on professional judgement or where large number of \n",
      "customers may be affected, such as sheltered housing communal areas.\n",
      "TYPE OF \n"
    ],
    "table": {
      "columns": [
        "Response Level",
        "KPI Classification",
        "Time Scale",
        "Description"
      ],
      "rows": [
        {
          "Response Level": "Critical Emergency",
          "KPI Classification": "E4",
          "Time Scale": "6 Hours",
          "Description": "Endangerment to life, major property damage, or large customer impact."
        },
        {
          "Response Level": "Emergency",
          "KPI Classification": "E",
          "Time Scale": "17 Hours",
          "Description": "Immediate health, safety, or structural risk."
        },
        {
          "Response Level": "Next Working Day",
          "KPI Classification": "NWD",
          "Time Scale": "32 Hours",
          "Description": "For a continuously beeping alarm."
        },
        {
          "Response Level": "Urgent",
          "KPI Classification": "U",
          "Time Scale": "---",
          "Description": "Non-emergency but potential for future issues."
        },
        {
          "Response Level": "Routine",
          "KPI Classification": "R",
          "Time Scale": "22 Working Days",
          "Description": "Non-urgent, can be deferred without significant impact."
        },
        {
          "Response Level": "Batch",
          "KPI Classification": "60",
          "Time Scale": "45 Working Days",
          "Description": "Larger repairs or recent deterioration, planned repairs."
        }
      ]
    },
    "content2": [
      "Response\n",
      "No \n",
      "Yes\n",
      "Yes\n",
      "Rechargeable\n",
      "Rechargeable\n",
      "team at a charge\n",
      "usually obtained from Housing \n",
      "Customer but extra keys are \n",
      "/ fobs for \n",
      "Additional keys \n",
      "Doors\n",
      "Response\n",
      "No \n",
      "Yes\n",
      "Yes\n",
      "No\n",
      "Not applicable\n",
      "No\n",
      "Customer\n",
      "decorations\n",
      "Internal \n",
      "Decoration\n",
      "Response\n",
      "No \n",
      "Yes\n",
      "Yes\n",
      "No\n",
      "Not applicable\n",
      "No\n",
      "Customer\n",
      "cookers\n",
      "Connection of \n",
      "Cookers\n",
      "days \n",
      "working \n",
      "Batch 60 \n",
      "days \n",
      "working \n",
      "20 \n",
      "Routine \n",
      "Yes\n",
      "Yes\n",
      "only \n",
      "houses, flats \n",
      "ownership \n",
      "Not in shared \n",
      "No\n",
      "Maintenance Team\n",
      "cowl or stack\n",
      "chimney pot, \n",
      "Repairs to \n",
      "Chimneys \n",
      "days\n",
      "working \n",
      "20 \n",
      "Routine \n",
      "Yes\n",
      "Yes\n",
      "service now\n",
      "insurance on \n",
      "buildings \n",
      "refer to \n",
      "Leaseholder \u2013 \n",
      "Sharedowner\n",
      "No \u2013 \n",
      "action\n",
      "due to customer \n",
      "If damage is \n",
      "Maintenance Team\n",
      "ceilings \n",
      "repairs to \n",
      "or patch \n",
      "Re-plastering \n",
      "Ceilings\n",
      "Priority\n",
      "Target \n",
      "rent \n",
      "Intermediate \n",
      "by \n",
      "Reportable \n",
      "rent \n",
      "by Private \n",
      "Reportable \n",
      "Owners\n",
      "& Shared \n",
      "Leaseholders \n",
      "by \n",
      "Reportable \n",
      "to Customer\n",
      "Rechargeable \n",
      "Customers\n",
      "Vulnerable \n",
      "for \n",
      "Additional \n",
      "Responsible \n",
      "Who is \n",
      "REPAIR\n"
    ]
  },
  {
    "pagebreak": "pagebreak"
  },
  {
    "pagenum": 3,
    "content1": [
      "Rechargeable to customer: \n",
      "Repair costs for any damage caused by the customer or their family or visitors will be recharged to them. \n",
      "This excludes repairs resulting from normal wear and tear. \n",
      "Reportable by Leaseholders & Shared Owners: \n",
      "Repairs that Aster are responsible for variances according to the leases. This list covers the majority of \n",
      "leases. Leaseholders should not request repairs that are listed here as a customer responsibility. \n",
      "Target Priority: \n",
      "The priority levels can be raised if required based on professional judgement or where large number of \n",
      "customers may be affected, such as sheltered housing communal areas.\n",
      "TYPE OF \n"
    ],
    "table": {
      "columns": [
        "Response Level",
        "KPI Classification",
        "Time Scale",
        "Description"
      ],
      "rows": [
        {
          "Response Level": "Critical Emergency",
          "KPI Classification": "E4",
          "Time Scale": "6 Hours",
          "Description": "Endangerment to life, major property damage, or large customer impact."
        },
        {
          "Response Level": "Emergency",
          "KPI Classification": "E",
          "Time Scale": "17 Hours",
          "Description": "Immediate health, safety, or structural risk."
        },
        {
          "Response Level": "Next Working Day",
          "KPI Classification": "NWD",
          "Time Scale": "32 Hours",
          "Description": "For a continuously beeping alarm."
        },
        {
          "Response Level": "Urgent",
          "KPI Classification": "U",
          "Time Scale": "---",
          "Description": "Non-emergency but potential for future issues."
        },
        {
          "Response Level": "Routine",
          "KPI Classification": "R",
          "Time Scale": "22 Working Days",
          "Description": "Non-urgent, can be deferred without significant impact."
        },
        {
          "Response Level": "Batch",
          "KPI Classification": "60",
          "Time Scale": "45 Working Days",
          "Description": "Larger repairs or recent deterioration, planned repairs."
        }
      ]
    },
    "content2": [
      "Response\n",
      "No \n",
      "Yes\n",
      "Yes\n",
      "Rechargeable\n",
      "Rechargeable\n",
      "team at a charge\n",
      "usually obtained from Housing \n",
      "Customer but extra keys are \n",
      "/ fobs for \n",
      "Additional keys \n",
      "Doors\n",
      "Response\n",
      "No \n",
      "Yes\n",
      "Yes\n",
      "No\n",
      "Not applicable\n",
      "No\n",
      "Customer\n",
      "decorations\n",
      "Internal \n",
      "Decoration\n",
      "Response\n",
      "No \n",
      "Yes\n",
      "Yes\n",
      "No\n",
      "Not applicable\n",
      "No\n",
      "Customer\n",
      "cookers\n",
      "Connection of \n",
      "Cookers\n",
      "days \n",
      "working \n",
      "Batch 60 \n",
      "days \n",
      "working \n",
      "20 \n",
      "Routine \n",
      "Yes\n",
      "Yes\n",
      "only \n",
      "houses, flats \n",
      "ownership \n",
      "Not in shared \n",
      "No\n",
      "Maintenance Team\n",
      "cowl or stack\n",
      "chimney pot, \n",
      "Repairs to \n",
      "Chimneys \n",
      "days\n",
      "working \n",
      "20 \n",
      "Routine \n",
      "Yes\n",
      "Yes\n",
      "service now\n",
      "insurance on \n",
      "buildings \n",
      "refer to \n",
      "Leaseholder \u2013 \n",
      "Sharedowner\n",
      "No \u2013 \n",
      "action\n",
      "due to customer \n",
      "If damage is \n",
      "Maintenance Team\n",
      "ceilings \n",
      "repairs to \n",
      "or patch \n",
      "Re-plastering \n",
      "Ceilings\n",
      "Priority\n",
      "Target \n",
      "rent \n",
      "Intermediate \n",
      "by \n",
      "Reportable \n",
      "rent \n",
      "by Private \n",
      "Reportable \n",
      "Owners\n",
      "& Shared \n",
      "Leaseholders \n",
      "by \n",
      "Reportable \n",
      "to Customer\n",
      "Rechargeable \n",
      "Customers\n",
      "Vulnerable \n",
      "for \n",
      "Additional \n",
      "Responsible \n",
      "Who is \n",
      "REPAIR\n"
    ]
  },
  {
    "pagebreak": "pagebreak"
  },
  {
    "pagenum": 4,
    "content1": [
      "Rechargeable to customer: \n",
      "Repair costs for any damage caused by the customer or their family or visitors will be recharged to them. \n",
      "This excludes repairs resulting from normal wear and tear. \n",
      "Reportable by Leaseholders & Shared Owners: \n",
      "Repairs that Aster are responsible for variances according to the leases. This list covers the majority of \n",
      "leases. Leaseholders should not request repairs that are listed here as a customer responsibility. \n",
      "Target Priority: \n",
      "The priority levels can be raised if required based on professional judgement or where large number of \n",
      "customers may be affected, such as sheltered housing communal areas.\n",
      "TYPE OF \n"
    ],
    "table": {
      "columns": [
        "Response Level",
        "KPI Classification",
        "Time Scale",
        "Description"
      ],
      "rows": [
        {
          "Response Level": "Critical Emergency",
          "KPI Classification": "E4",
          "Time Scale": "6 Hours",
          "Description": "Endangerment to life, major property damage, or large customer impact."
        },
        {
          "Response Level": "Emergency",
          "KPI Classification": "E",
          "Time Scale": "17 Hours",
          "Description": "Immediate health, safety, or structural risk."
        },
        {
          "Response Level": "Next Working Day",
          "KPI Classification": "NWD",
          "Time Scale": "32 Hours",
          "Description": "For a continuously beeping alarm."
        },
        {
          "Response Level": "Urgent",
          "KPI Classification": "U",
          "Time Scale": "---",
          "Description": "Non-emergency but potential for future issues."
        },
        {
          "Response Level": "Routine",
          "KPI Classification": "R",
          "Time Scale": "22 Working Days",
          "Description": "Non-urgent, can be deferred without significant impact."
        },
        {
          "Response Level": "Batch",
          "KPI Classification": "60",
          "Time Scale": "45 Working Days",
          "Description": "Larger repairs or recent deterioration, planned repairs."
        }
      ]
    },
    "content2": [
      "Response\n",
      "No \n",
      "Yes\n",
      "Yes\n",
      "Rechargeable\n",
      "Rechargeable\n",
      "team at a charge\n",
      "usually obtained from Housing \n",
      "Customer but extra keys are \n",
      "/ fobs for \n",
      "Additional keys \n",
      "Doors\n",
      "Response\n",
      "No \n",
      "Yes\n",
      "Yes\n",
      "No\n",
      "Not applicable\n",
      "No\n",
      "Customer\n",
      "decorations\n",
      "Internal \n",
      "Decoration\n",
      "Response\n",
      "No \n",
      "Yes\n",
      "Yes\n",
      "No\n",
      "Not applicable\n",
      "No\n",
      "Customer\n",
      "cookers\n",
      "Connection of \n",
      "Cookers\n",
      "days \n",
      "working \n",
      "Batch 60 \n",
      "days \n",
      "working \n",
      "20 \n",
      "Routine \n",
      "Yes\n",
      "Yes\n",
      "only \n",
      "houses, flats \n",
      "ownership \n",
      "Not in shared \n",
      "No\n",
      "Maintenance Team\n",
      "cowl or stack\n",
      "chimney pot, \n",
      "Repairs to \n",
      "Chimneys \n",
      "days\n",
      "working \n",
      "20 \n",
      "Routine \n",
      "Yes\n",
      "Yes\n",
      "service now\n",
      "insurance on \n",
      "buildings \n",
      "refer to \n",
      "Leaseholder \u2013 \n",
      "Sharedowner\n",
      "No \u2013 \n",
      "action\n",
      "due to customer \n",
      "If damage is \n",
      "Maintenance Team\n",
      "ceilings \n",
      "repairs to \n",
      "or patch \n",
      "Re-plastering \n",
      "Ceilings\n",
      "Priority\n",
      "Target \n",
      "rent \n",
      "Intermediate \n",
      "by \n",
      "Reportable \n",
      "rent \n",
      "by Private \n",
      "Reportable \n",
      "Owners\n",
      "& Shared \n",
      "Leaseholders \n",
      "by \n",
      "Reportable \n",
      "to Customer\n",
      "Rechargeable \n",
      "Customers\n",
      "Vulnerable \n",
      "for \n",
      "Additional \n",
      "Responsible \n",
      "Who is \n",
      "REPAIR\n"
    ]
  },
  {
    "pagebreak": "pagebreak"
  }
]