[
  {
    "pagenum": 1,
    "content1": [
      "Working Hours Repair Obligations & Classification Technical \n",
      "Guide\n",
      "Repairs Obligations & Classification Guide\n",
      "Working Hours Repair Obligations & Classification Technical Guide\n",
      "Repairs Obligations & Classification Guide\n",
      "This document details the repair obligations for the Maintenance Team within Aster Group's tenancy \n",
      "agreements. It includes the services provided to customers, leaseholders, and shared ownership scheme \n",
      "owners. A brief version of this matrix is available in customer and leaseholder handbooks.\n",
      "Response times are categorized by repair priority, with special considerations for vulnerable and disabled \n",
      "customers. These priorities, set by a customer focus group, are regularly reviewed.\n",
      "Aster\u2019s safety-first culture is emphasized in this guide. For repairs not listed, seek advice from your line \n",
      "manager. Priorities can be adjusted based on professional judgment as necessary.\n",
      "Priority Guidance:\n"
    ],
    "table": {
      "columns": [
        "Response Level",
        "KPI Classification",
        "Time Scale",
        "Description"
      ],
      "rows": [
        {
          "Response Level": "Critical Emergency",
          "KPI Classification": "E4",
          "Time Scale": "4 Hours",
          "Description": "Endangerment to life, major property damage, or large customer impact."
        },
        {
          "Response Level": "Emergency",
          "KPI Classification": "E",
          "Time Scale": "24 Hours",
          "Description": "Immediate health, safety, or structural risk."
        },
        {
          "Response Level": "Next Working Day",
          "KPI Classification": "NWD",
          "Time Scale": "36 Hours",
          "Description": "For a continuously beeping smoke alarm."
        },
        {
          "Response Level": "Urgent",
          "KPI Classification": "U",
          "Time Scale": "---",
          "Description": "Non-emergency but potential for future issues."
        },
        {
          "Response Level": "Routine",
          "KPI Classification": "R",
          "Time Scale": "20 Working Days",
          "Description": "Non-urgent, can be deferred without significant impact."
        },
        {
          "Response Level": "Batch",
          "KPI Classification": "60",
          "Time Scale": "60 Working Days",
          "Description": "Larger repairs or recent deterioration, planned repairs."
        }
      ]
    },
    "content2": [
      "Vulnerable Customers: \n"
    ]
  },
  {
    "pagebreak": "pagebreak"
  },
  {
    "pagenum": 2,
    "content1": [
      "Working Hours Repair Obligations & Classification Technical \n",
      "Guide\n",
      "Repairs Obligations & Classification Guide\n",
      "Working Hours Repair Obligations & Classification Technical Guide\n",
      "Repairs Obligations & Classification Guide\n",
      "This document details the repair obligations for the Maintenance Team within Aster Group's tenancy \n",
      "agreements. It includes the services provided to customers, leaseholders, and shared ownership scheme \n",
      "owners. A brief version of this matrix is available in customer and leaseholder handbooks.\n",
      "Response times are categorized by repair priority, with special considerations for vulnerable and disabled \n",
      "customers. These priorities, set by a customer focus group, are regularly reviewed.\n",
      "Aster\u2019s safety-first culture is emphasized in this guide. For repairs not listed, seek advice from your line \n",
      "manager. Priorities can be adjusted based on professional judgment as necessary.\n",
      "Priority Guidance:\n"
    ],
    "table": {
      "columns": [
        "Response Level",
        "KPI Classification",
        "Time Scale",
        "Description"
      ],
      "rows": [
        {
          "Response Level": "Critical Emergency",
          "KPI Classification": "E4",
          "Time Scale": "4 Hours",
          "Description": "Endangerment to life, major property damage, or large customer impact."
        },
        {
          "Response Level": "Emergency",
          "KPI Classification": "E",
          "Time Scale": "24 Hours",
          "Description": "Immediate health, safety, or structural risk."
        },
        {
          "Response Level": "Next Working Day",
          "KPI Classification": "NWD",
          "Time Scale": "36 Hours",
          "Description": "For a continuously beeping smoke alarm."
        },
        {
          "Response Level": "Urgent",
          "KPI Classification": "U",
          "Time Scale": "---",
          "Description": "Non-emergency but potential for future issues."
        },
        {
          "Response Level": "Routine",
          "KPI Classification": "R",
          "Time Scale": "20 Working Days",
          "Description": "Non-urgent, can be deferred without significant impact."
        },
        {
          "Response Level": "Batch",
          "KPI Classification": "60",
          "Time Scale": "60 Working Days",
          "Description": "Larger repairs or recent deterioration, planned repairs."
        }
      ]
    },
    "content2": [
      "Vulnerable Customers: \n"
    ]
  },
  {
    "pagebreak": "pagebreak"
  }
]