[
  {
    "page": 1,
    "content": [
      "These terms and conditions create a contract between you and Apple (the “Agreement”). Please read the \n",
      "Agreement carefully. \n",
      "TABLE OF CONTENTS\n",
      "A. INTRODUCTION\n",
      "B. PAYMENTS, TAXES, AND REFUNDS\n",
      "C. ACCOUNT \n",
      "D. PRIVACY\n",
      "E. SERVICES AND CONTENT USAGE RULES\n",
      "F. TERMINATION AND SUSPENSION OF SERVICES\n",
      "G. DOWNLOADS\n",
      "H. SUBSCRIPTIONS\n",
      "I. CONTENT AND SERVICE AVAILABILITY\n",
      "J. THIRD-PARTY DEVICES AND EQUIPMENT\n",
      "K. YOUR SUBMISSIONS TO OUR SERVICES\n",
      "L. FAMILY SHARING \n",
      "M. SEASON PASS AND MULTI-PASS \n"
    ]
  },
  {
    "page": 2,
    "content": [
      "N. ADDITIONAL APP STORE TERMS \n",
      "O. ADDITIONAL TERMS FOR APP STORE, APPLE BOOKS, APPLE PODCASTS, AND SELECT \n",
      "CONTENT \n",
      "P. ADDITIONAL APPLE MUSIC TERMS\n",
      "Q. ADDITIONAL APPLE FITNESS+ TERMS \n",
      "R. CARRIER MEMBERSHIP\n",
      "S. MISC. TERMS APPLICABLE TO ALL SERVICES\n",
      "A. INTRODUCTION\n",
      "This Agreement governs your use of Apple’s services (“Services” – e.g., and where available, App Store, \n",
      "Apple Arcade, Apple Books, Apple Fitness+, Apple Music, Apple News, Apple News+, Apple One, Apple \n",
      "Podcasts, Apple Podcasts Subscriptions, Apple TV, Apple TV+, Apple TV Channels, Game Center, \n",
      "iTunes), through which you can buy, get, license, rent or subscribe to content, Apps (as defined below), \n",
      "and other in-app services (collectively, “Content”). Content may be offered through the Services by Apple \n",
      "or a third party. Our Services are available for your use in your country or territory of residence (“Home \n",
      "Country”). By creating an account for use of the Services in a particular country or territory you are \n",
      "specifying it as your Home Country. To use our Services, you need compatible hardware, software (latest \n",
      "version recommended and sometimes required) and Internet access (fees may apply). Our Services’ \n",
      "performance may be affected by these factors.\n",
      "B. PAYMENTS, TAXES, AND REFUNDS\n",
      "You can acquire Content on our Services for free or for a charge, either of which is referred to as a \n",
      "“Transaction.” Each Transaction is an electronic contract between you and Apple, and/or you and the \n",
      "entity providing the Content on our Services. However, if you are a customer of Apple Distribution \n",
      "International Ltd., then Apple Distribution International Ltd. is the merchant of record for some Content \n",
      "you acquire from Apple Books, Apple Podcasts, or App Store as displayed on the product page and/or \n",
      "during the acquisition process for the relevant Service. In such case, you acquire the Content from Apple \n",
      "Distribution International Ltd., which is licensed by the Content provider (e.g., App Provider (as defined \n"
    ]
  },
  {
    "page": 3,
    "content": [
      "below), book publisher, etc.). When you make your first Transaction, we will ask you to choose how \n",
      "frequently we should ask for your password for future Transactions. On applicable hardware, if you \n",
      "enable Touch ID for Transactions, we will ask you to authenticate all Transactions with your fingerprint, \n",
      "and if you enable Face ID for Transactions, we will ask you to authenticate all Transactions using facial \n",
      "recognition. Manage your password settings at any time by following these instructions: \n",
      "https://support.apple.com/HT204030. \n",
      "Apple will charge your selected payment method for any paid Transactions, including any applicable \n",
      "taxes. If you have also added it to your Apple Wallet, Apple may charge your selected payment method in \n",
      "Apple Wallet using Apple Pay. You can associate multiple payment methods with your Apple ID, and you \n",
      "agree that Apple may store and charge those payment methods for Transactions. Your primary payment \n",
      "method appears at the top of your account settings payments page. \n",
      "If your primary payment method cannot be charged for any reason (such as expiration or insufficient \n",
      "funds), you authorize Apple to attempt to charge your other eligible payment methods in order from top to \n",
      "bottom as they appear on your account settings payments page. If we cannot charge you, you remain \n",
      "responsible for any uncollected amounts, and we may attempt to charge you again or request that you \n",
      "provide another payment method. If you pre-order Content, you will be charged when the Content is \n",
      "delivered to you (unless you cancel prior to the Content’s availability). In accordance with local law, \n",
      "Apple may automatically update your payment information regarding your payment methods if provided \n",
      "such information by the payment networks or your financial institutions. Terms related to store credit and \n",
      "gift cards/codes are available here: https://www.apple.com/legal/internet-services/itunes/giftcards/. For \n",
      "more details about how Transactions are billed, please visit http://support.apple.com/HT201359. All \n",
      "Transactions are final. Content prices may change at any time. If technical problems prevent or \n",
      "unreasonably delay delivery of Content, your exclusive and sole remedy is either replacement of the \n",
      "Content or refund of the price paid, as determined by Apple. From time to time, Apple may suspend or \n",
      "cancel payment or refuse a refund request if we find evidence of fraud, abuse, or unlawful or other \n",
      "manipulative behavior that entitles Apple to a corresponding counterclaim. \n",
      "C. ACCOUNT \n",
      "Using our Services and accessing your Content may require an Apple ID. An Apple ID is the account you \n",
      "use across Apple’s ecosystem. Use of Game Center is subject to this Agreement and also requires a Game \n",
      "Center account. Your account is valuable, and you are responsible for maintaining its confidentiality and \n",
      "security. Apple is not responsible for any losses arising from the unauthorized use of your account. Please \n",
      "contact Apple if you suspect that your account has been compromised.\n",
      "You must be age thirteen (13) (or equivalent minimum age in your Home Country, as set forth in the \n",
      "Apple ID creation process) to create an account and use our Services. Apple IDs for persons under this \n",
      "age can be created by a parent or legal guardian using Family Sharing or by an approved educational \n",
      "institution, though certain devices may prevent such Apple IDs from accessing certain Services on the \n"
    ]
  },
  {
    "page": 4,
    "content": [
      "device. A parent or legal guardian who is creating an account for a minor should review this Agreement \n",
      "with the minor to ensure that they both understand it. \n",
      "You may add, notify, or remove a Legacy Contact for your Apple ID as described in \n",
      "http://support.apple.com/HT212360. A Legacy Contact’s access to your Apple ID is limited as described \n",
      "in http://support.apple.com/HT212361. \n",
      "D. PRIVACY\n",
      "Your use of our Services is subject to Apple’s Privacy Policy, which is available at \n",
      "https://www.apple.com/legal/privacy/.\n",
      "E. SERVICES AND CONTENT USAGE RULES\n",
      "Your use of the Services and Content must follow the rules set forth in this section (“Usage Rules”). Any \n",
      "other use of the Services and Content is a material breach of this Agreement. Apple may monitor your use \n",
      "of the Services and Content to ensure that you are following these Usage Rules.\n",
      "All Services:\n",
      "- You may use the Services and Content only for personal, noncommercial purposes (except as set forth in \n",
      "the App Store Content section below or as otherwise specified by Apple).\n",
      "- Apple’s delivery of Services or Content does not transfer any commercial or promotional use rights to \n",
      "you, and does not constitute a grant or waiver of any rights of the copyright owners.\n",
      "- You can use Content from up to five (5) different Apple IDs on each device.\n",
      "- For any Service, you can have up to ten (10) devices (but only a maximum of five (5) computers) signed \n",
      "in with your Apple ID at one time, though simultaneous streams or downloads of Content may be limited \n",
      "to a lower number of devices as set out below under Apple Music and Apple TV content. Each computer \n",
      "must also be authorized using the same Apple ID (to learn more about authorization of computers, visit \n",
      "https://support.apple.com/HT201251). Devices can be associated with a different Apple ID once every \n",
      "ninety (90) days.\n"
    ]
  },
  {
    "page": 5,
    "content": [
      "- You may not manipulate play counts, downloads, ratings, or reviews via any means — such as (i) using \n",
      "a bot, script, or automated process; or (ii) providing or accepting any kind of compensation or incentive.\n",
      "- You may not use any software, device, automated process, or any similar or equivalent manual process \n",
      "to scrape, copy, or perform measurement, analysis, or monitoring of, any portion of the Content or \n",
      "Services.\n",
      "- It is your responsibility not to lose, destroy, or damage Content once downloaded. We encourage you to \n",
      "back up your Content regularly.\n",
      "- You may not tamper with or circumvent any security technology included with the Services or Content.\n",
      "- You may access our Services only using Apple’s software, and may not modify or use modified versions \n",
      "of such software.\n",
      "- Video Content requires an HDCP connection.\n",
      "Audio and Video Content Sales and Rentals:\n",
      "- You can use Digital Rights Management (DRM)-free Content on a reasonable number of compatible \n",
      "devices that you own or control. DRM-protected Content can be used on up to five (5) computers and any \n",
      "number of devices that you sync to from those computers. \n",
      "- Content rentals are viewable on a single device at a time, and must be played within thirty (30) days, and \n",
      "completed within forty-eight (48) hours of the start of play (stopping, pausing or restarting does not \n",
      "extend this period).\n",
      "- You may burn an audio playlist of purchased music to disc for listening purposes up to seven (7) times; \n",
      "this limitation does not apply to DRM-free Content. Other Content may not be burned to disc.\n",
      "- Purchased Content will generally remain available for you to download, redownload, or otherwise \n",
      "access from Apple. Though it is unlikely, subsequent to your purchase, Content may be removed from the \n",
      "Services (for instance, because the provider removed it) and become unavailable for further download or \n",
      "access from Apple. To ensure your ability to continue enjoying Content, we encourage you to download \n",
      "all purchased Content to a device in your possession and to back it up.\n"
    ]
  },
  {
    "page": 6,
    "content": [
      "App Store Content:\n",
      "- The term “Apps” includes apps and App Clips for any Apple platform and/or operating system, \n",
      "including any in-app purchases, extensions (such as keyboards), stickers, and subscriptions made \n",
      "available in such apps or App Clips.\n",
      "- Individuals acting on behalf of a commercial enterprise, governmental organization or educational \n",
      "institution (an “Enterprise”) may download and sync non-Arcade Apps for use by either (i) a single \n",
      "individual on one (1) or more devices owned or controlled by an Enterprise; or (ii) multiple individuals on \n",
      "a single shared device owned or controlled by an Enterprise. For the sake of clarity, each device used \n",
      "serially or collectively by multiple users requires a separate license.\n",
      "Apple Music:\n",
      "- An Individual Apple Music membership allows you to stream on a single device at a time; a Family \n",
      "membership allows you or your Family members to stream on up to six (6) devices at a time.\n",
      "Apple Arcade:\n",
      "- Apple Arcade Apps may only be downloaded, or redownloaded, with a valid Apple Arcade trial or \n",
      "subscription.\n",
      "- If your subscription ends, Apps downloaded via Apple Arcade will no longer be accessible to you.\n",
      "Apple TV Content:\n",
      "- For most channels, you can stream video Content on up to three (3) devices simultaneously. \n",
      "- Learn more about Apple TV Content Usage Rules at https://support.apple.com/HT210074. \n",
      "F. TERMINATION AND SUSPENSION OF SERVICES\n"
    ]
  },
  {
    "page": 7,
    "content": [
      "If you fail, or Apple suspects that you have failed, to comply with any of the provisions of this \n",
      "Agreement, Apple may, without notice to you: (i) terminate this Agreement and/or your Apple ID, and \n",
      "you will remain liable for all amounts due under your Apple ID up to and including the date of \n",
      "termination; and/or (ii) terminate your license to the software; and/or (iii) preclude your access to the \n",
      "Services.\n",
      "Apple further reserves the right to modify, suspend, or discontinue the Services (or any part or Content \n",
      "thereof) at any time with or without notice to you, and Apple will not be liable to you or to any third party \n",
      "should it exercise such rights.\n",
      "G. DOWNLOADS \n",
      "You may be limited in the amount of Content you may download, and some downloaded Content may \n",
      "expire after a given amount of time after downloaded or first played. Certain Content may not be \n",
      "available for download at all.\n",
      "You may be able to redownload previously acquired Content (“Redownload”) to your devices that are \n",
      "signed in with the same Apple ID (“Associated Devices”). You can see Content types available for \n",
      "Redownload in your Home Country at https://support.apple.com/HT204632. Content may not be \n",
      "available for Redownload if that Content is no longer offered on our Services.\n",
      "Content also may be removed from our Services at any time (for instance, because the provider removed \n",
      "it), after which it cannot be downloaded, redownloaded, or otherwise accessed from Apple.\n",
      "H. SUBSCRIPTIONS\n",
      "The Services and certain Apps may allow you to purchase access to Content or Services on a subscription \n",
      "basis (“Paid Subscriptions”). Paid Subscriptions automatically renew until cancelled in the Manage \n",
      "Subscriptions section of your account settings. To learn more about cancelling your subscriptions, visit \n",
      "https://support.apple.com/HT202039. You will be notified if the price of a Paid Subscription increases \n",
      "and, if required, your consent will be required to continue. You will be charged no more than twenty-four \n",
      "(24) hours prior to the start of the latest Paid Subscription period. If we cannot charge your payment \n",
      "method for any reason (such as expiration or insufficient funds), and you have not cancelled the Paid \n",
      "Subscription, you remain responsible for any uncollected amounts, and we will attempt to charge the \n",
      "payment method as you may update your payment method information. This may result in a change to the \n",
      "start of your next Paid Subscription period and may change the date on which you are billed for each \n",
      "period, as displayed on your receipt. We reserve the right to cancel your Paid Subscription if we are \n",
      "unable to successfully charge your payment method to renew your subscription. Certain Paid \n",
      "Subscriptions may offer a free trial prior to charging your payment method. If you decide to unsubscribe \n"
    ]
  },
  {
    "page": 8,
    "content": [
      "from a Paid Subscription before we start charging your payment method, cancel the subscription at least \n",
      "twenty-four (24) hours before the free trial ends. \n",
      "If you start a free trial to a Paid Subscription offered by Apple as Content provider (an “Apple Paid \n",
      "Subscription”) and cancel before it ends, you cannot reactivate the free trial.\n",
      "Free trials or free offers to Apple Paid Subscriptions, excluding iCloud, cannot be combined with any free \n",
      "trials or offers of Apple One. If you are in a free trial or free offer for any Apple Paid Subscriptions, and \n",
      "you subscribe to Apple One, your free trial(s) or offer(s) will not be paused even if you have access to \n",
      "such Apple Paid Subscription(s) through your Apple One subscription. You acknowledge that your free \n",
      "trial or free offer may expire while you are a Paid Subscriber to Apple One, and Apple shall have no \n",
      "obligation to reinstate, reimburse, or otherwise compensate you for any part of such expired free trial or \n",
      "free offer.\n",
      "When your Paid Subscription to any Service or Content ends, you will lose access to any functionality or \n",
      "Content of that Service that requires a Paid Subscription.\n",
      "I. CONTENT AND SERVICE AVAILABILITY\n",
      "Terms found in this Agreement that relate to Services, Content types, features or functionality not \n",
      "available in your Home Country are not applicable to you unless and until they become available to you. \n",
      "To see the Content types available to you in your Home Country, go to the Services or visit \n",
      "https://support.apple.com/HT204411. Certain Services and Content available to you in your Home \n",
      "Country may not be available to you when traveling outside of your Home Country.\n",
      "J. THIRD-PARTY DEVICES AND EQUIPMENT\n",
      "You may not be able to use all features of the Services when accessing them on a non-Apple-branded \n",
      "device. Additionally, certain Services may require, direct, or suggest you use third-party equipment in \n",
      "some circumstances and/or for certain activities; such use is subject to the terms and conditions of such \n",
      "equipment and should be made in accordance with the applicable manufacturer’s instructions. By using \n",
      "the Services, you agree that Apple may automatically download and install minor updates to its software \n",
      "on third-party equipment from time to time.\n",
      "K. YOUR SUBMISSIONS TO OUR SERVICES\n"
    ]
  },
  {
    "page": 9,
    "content": [
      "Our Services may allow you to submit or post materials such as comments, ratings and reviews, pictures, \n",
      "videos, and podcasts (including associated metadata and artwork). Your use of such features must comply \n",
      "with the Submissions Guidelines below, which may be updated from time to time, and if we become \n",
      "aware of materials that violate our Submission Guidelines we will remove them. If you see materials that \n",
      "do not comply with the Submissions Guidelines, including any offensive, abusive, or illegal content, \n",
      "please let us know at reportaproblem.apple.com or by contacting Apple Support. Except to the extent \n",
      "prohibited by law, you hereby grant Apple a worldwide, royalty-free, perpetual, nonexclusive license to \n",
      "use the materials you submit within the Services and related marketing as well as to use the materials you \n",
      "submit for Apple internal purposes. Apple may monitor and decide to remove or edit any submitted \n",
      "material, including via automated content filters and/or human review. \n",
      "Submissions Guidelines: You may not use the Services to:\n",
      "- post any materials that (i) you do not have permission, right or license to use, or (ii) infringe on the \n",
      "rights of any third party;\n",
      "- post objectionable, offensive, unlawful, deceptive, inaccurate, or harmful content;\n",
      "- post personal, private or confidential information belonging to others;\n",
      "- request personal information from a minor;\n",
      "- impersonate or misrepresent your affiliation with another person, or entity;\n",
      "- post or transmit spam, including but not limited to unsolicited or unauthorized advertising, promotional \n",
      "materials, or informational announcements;\n",
      "- post, modify, or remove a rating or review in exchange for any kind of compensation or incentive; \n",
      "- post a dishonest, abusive, harmful, misleading, or bad-faith rating or review, or a rating or review that is \n",
      "irrelevant to the Content being reviewed;\n",
      "- plan or engage in any illegal, fraudulent, or manipulative activity.\n"
    ]
  },
  {
    "page": 10,
    "content": [
      "L. FAMILY SHARING\n",
      "The organizer of a Family (“Organizer”) must be eighteen (18) years (or the equivalent age of majority in \n",
      "their Home Country) or older and the parent or legal guardian of any Family member under age thirteen \n",
      "(13) (or the equivalent minimum age in their Home Country as set forth in the registration process). Apple \n",
      "devices are required for access to all of the Family Sharing features. Family Sharing allows eligible \n",
      "subscriptions to be shared among up to six (6) members of a Family. To learn more about Family Sharing \n",
      "visit: https://support.apple.com/en-us/HT201060.\n",
      "Purchase Sharing: Family Sharing’s Purchase Sharing feature allows eligible Content to be shared among \n",
      "up to six (6) members of a Family. The Organizer invites other members to participate, and agrees to pay \n",
      "for all Transactions initiated by Family members. The Organizer’s eligible payment methods are used to \n",
      "pay for any Transaction initiated by a Family member (except when the Family member’s account has \n",
      "store credit, which is always used first). Family members are acting as agents for the Organizer when the \n",
      "Organizer’s eligible payment methods are used. The Organizer hereby agrees: (1) to pay for such \n",
      "Transactions; (2) that Transactions initiated by Family members are authorized; and (3) Transactions will \n",
      "be charged to eligible payment methods in the manner indicated in Section B above. Organizers are \n",
      "responsible for complying with their payment method contracts, and assume all risk related to sharing \n",
      "access to their eligible payment methods with Family members. A receipt or invoice for any Family \n",
      "member Transaction is sent to the initiating Family member and, if billed to the Organizer’s payment \n",
      "method, also to the Organizer. \n",
      "Ask to Buy: Ask to Buy is a feature that allows an Organizer to approve Transactions initiated by a \n",
      "Family member under age eighteen (18) (or the equivalent age of majority in their Home Country). \n",
      "Content shared by Family members or acquired via content codes generally is not subject to Ask to Buy; \n",
      "content codes facilitating access to subscriptions are subject to Ask to Buy. The Organizer must be the \n",
      "parent or legal guardian of any Family member for whom Ask to Buy is activated. Ask to Buy is enabled \n",
      "by default for any Family member under the age of thirteen (13) (or the equivalent minimum age in their \n",
      "Home Country) and stays on until deactivated by the parent or legal guardian. If Ask to Buy is turned off \n",
      "after the Family member turns eighteen (18) years old (or reaches the age of majority in their Home \n",
      "Country), it cannot be turned on anymore. Ask to Buy does not require Purchase Sharing to be enabled.\n",
      "Family Member changes: When a Family member leaves or is removed from the Family, the remaining \n",
      "Family members may no longer be able to access the former member’s Content, including Content \n",
      "acquired with the Organizer’s payment method.\n",
      "Family Sharing Rules: You can only belong to one (1) Family at a time, and may join any Family no more \n",
      "than twice per year. You can change the Apple ID you associate with a Family no more than once every \n",
      "ninety (90) days. All Family members must share the same Home Country. Not all Content, including In-\n",
      "App Purchases, subscriptions, and some previously acquired Apps, are eligible for Purchase Sharing. \n",
      "Apple TV+, Apple TV Channels, Apple One Family, Apple One Premier, Apple Music Family, Apple \n"
    ]
  },
  {
    "page": 11,
    "content": [
      "Arcade, Apple News+, and Apple Fitness+ subscriptions are automatically enabled for Family Sharing. \n",
      "Subscriptions shared by a Family may be subject to Content usage limitations on a per subscription basis.\n",
      "M. SEASON PASS AND MULTI-PASS\n",
      "A Pass allows you to purchase and receive television Content as it becomes available. A Season Pass \n",
      "applies to television Content that has a limited number of episodes per season; a Multi-Pass applies to \n",
      "television Content that is available on an ongoing basis. The full price of a Season Pass or Multi-Pass is \n",
      "charged at the time of the Transaction. Season Pass or Multi-Pass Content is available for download up to \n",
      "ninety (90) days after the last episode becomes available. If a Content provider delivers to Apple fewer \n",
      "TV episodes than planned when you purchased a Season Pass, we will credit to your Apple ID the retail \n",
      "value of the corresponding number of episodes that were not provided to Apple.\n",
      "N. ADDITIONAL APP STORE TERMS (EXCLUDING APPLE ARCADE APPS)\n",
      "LICENSE OF APP STORE CONTENT \n",
      "App licenses are provided to you by Apple or a third party developer (“App Provider”). Apple acts as an \n",
      "agent for App Providers in providing the App Store and is not a party to the sales contract or user \n",
      "agreement between you and the App Provider. However, if you are a customer of Apple Distribution \n",
      "International Ltd., then the merchant of record is Apple Distribution International Ltd., which means that \n",
      "you acquire the App license from Apple Distribution International Ltd., but the App is licensed by the App \n",
      "Provider. An App licensed by Apple is an “Apple App;” an App licensed by an App Provider is a “Third \n",
      "Party App.” Any App that you acquire is governed by the Licensed Application End User License \n",
      "Agreement (“Standard EULA”) set forth below, unless Apple or the App Provider provides an overriding \n",
      "custom license agreement (“Custom EULA”). Subject to local law, the App Provider of any Third Party \n",
      "App is solely responsible for its content and warranties, as well as any claims that you may have related to \n",
      "the Third Party App. You acknowledge and agree that Apple is a third-party beneficiary of the Standard \n",
      "EULA or Custom EULA applicable to each Third Party App and may therefore enforce such agreement. \n",
      "Certain Apps, such as stickers and iMessage apps, may not appear on the device springboard but can be \n",
      "accessed and used in the Messages app drawer.\n",
      "IN-APP PURCHASES\n",
      "Apps may offer content, services or functionality for use within such Apps (“In-App Purchases”). In-App \n",
      "Purchases that are consumed during the use of the App (for example, virtual gems) cannot be transferred \n",
      "among devices and can be downloaded only once. You must authenticate your account before making In-\n",
      "App Purchases – separate from any authentication to obtain other Content – by entering your password or \n",
      "using Touch ID or Face ID. You will be able to make additional In-App Purchases for fifteen (15) minutes \n"
    ]
  },
  {
    "page": 12,
    "content": [
      "without re-authenticating unless you have asked us to require a password for every purchase or have \n",
      "enabled Touch ID or Face ID. You can turn off the ability to make In-App Purchases by following these \n",
      "instructions: https://support.apple.com/HT201304.\n",
      "APP MAINTENANCE AND SUPPORT\n",
      "Apple is responsible for providing maintenance and support for Apple Apps only, or as required under \n",
      "applicable law. App Providers are responsible for providing maintenance and support for Third Party \n",
      "Apps.\n",
      "APP BUNDLES\n",
      "Some Apps may be sold together as a bundle (“App Bundle”). The price displayed with an App Bundle is \n",
      "the price you will be charged upon purchasing the App Bundle. The App Bundle price may be reduced to \n",
      "account for Apps you have already purchased or acquired, but may include a minimum charge to \n",
      "complete the App Bundle.\n",
      "SEARCH RESULTS AND RANKINGS\n",
      "When determining how to order the Apps in search results, the main parameters considered are the \n",
      "metadata provided by App Providers, how customers have engaged with the Apps and the App Store, and \n",
      "the popularity of the Apps in the App Store. These main parameters deliver the most relevant results to \n",
      "customer search queries.\n",
      "LICENSED APPLICATION END USER LICENSE AGREEMENT\n",
      "Apps made available through the App Store are licensed, not sold, to you. Your license to each App is \n",
      "subject to your prior acceptance of either this Licensed Application End User License Agreement \n",
      "(“Standard EULA”), or a custom end user license agreement between you and the App Provider (“Custom \n",
      "EULA”), if one is provided. Your license to any Apple App under this Standard EULA or Custom EULA \n",
      "is granted by Apple, and your license to any Third Party App under this Standard EULA or Custom EULA \n",
      "is granted by the App Provider of that Third Party App. Any App that is subject to this Standard EULA is \n",
      "referred to herein as the “Licensed Application.” The App Provider or Apple as applicable (“Licensor”) \n",
      "reserves all rights in and to the Licensed Application not expressly granted to you under this Standard \n",
      "EULA.\n"
    ]
  },
  {
    "page": 13,
    "content": [
      "a. Scope of License: Licensor grants to you a nontransferable license to use the Licensed Application on \n",
      "any Apple-branded products that you own or control and as permitted by the Usage Rules. The terms of \n",
      "this Standard EULA will govern any content, materials, or services accessible from or purchased within \n",
      "the Licensed Application as well as upgrades provided by Licensor that replace or supplement the original \n",
      "Licensed Application, unless such upgrade is accompanied by a Custom EULA. Except as provided in the \n",
      "Usage Rules, you may not distribute or make the Licensed Application available over a network where it \n",
      "could be used by multiple devices at the same time. You may not transfer, redistribute or sublicense the \n",
      "Licensed Application except as expressly permitted in this Agreement and, if you sell your Apple Device \n",
      "to a third party, you must remove the Licensed Application from the Apple Device before doing so. You \n",
      "may not copy (except as permitted by this license and the Usage Rules), reverse-engineer, disassemble, \n",
      "attempt to derive the source code of, modify, or create derivative works of the Licensed Application, any \n",
      "updates, or any part thereof (except as and only to the extent that any foregoing restriction is prohibited \n",
      "by applicable law or to the extent as may be permitted by the licensing terms governing use of any open-\n",
      "sourced components included with the Licensed Application).\n",
      "b. Consent to Use of Data: You agree that Licensor may collect and use technical data and related \n",
      "information—including but not limited to technical information about your device, system and \n",
      "application software, and peripherals—that is gathered periodically to facilitate the provision of software \n",
      "updates, product support, and other services to you (if any) related to the Licensed Application. Licensor \n",
      "may use this information, as long as it is in a form that does not personally identify you, to improve its \n",
      "products or to provide services or technologies to you.\n",
      "c. Termination. This Standard EULA is effective until terminated by you or Licensor. Your rights under \n",
      "this Standard EULA will terminate automatically if you fail to comply with any of its terms.\n",
      "d. External Services. The Licensed Application may enable access to Licensor’s and/or third-party \n",
      "services and websites (collectively and individually, \"External Services\"). You agree to use the External \n",
      "Services at your sole risk. Licensor is not responsible for examining or evaluating the content or accuracy \n",
      "of any third-party External Services, and shall not be liable for any such third-party External Services. \n",
      "Data displayed by any Licensed Application or External Service, including but not limited to financial, \n",
      "medical and location information, is for general informational purposes only and is not guaranteed by \n",
      "Licensor or its agents. You will not use the External Services in any manner that is inconsistent with the \n",
      "terms of this Standard EULA or that infringes the intellectual property rights of Licensor or any third \n",
      "party. You agree not to use the External Services to harass, abuse, stalk, threaten or defame any person or \n",
      "entity, and that Licensor is not responsible for any such use. External Services may not be available in all \n",
      "languages or in your Home Country, and may not be appropriate or available for use in any particular \n",
      "location. To the extent you choose to use such External Services, you are solely responsible for \n",
      "compliance with any applicable laws. Licensor reserves the right to change, suspend, remove, disable or \n",
      "impose access restrictions or limits on any External Services at any time without notice or liability to you.\n",
      "e. NO WARRANTY: YOU EXPRESSLY ACKNOWLEDGE AND AGREE THAT USE OF THE \n",
      "LICENSED APPLICATION IS AT YOUR SOLE RISK. TO THE MAXIMUM EXTENT PERMITTED \n"
    ]
  },
  {
    "page": 14,
    "content": [
      "BY APPLICABLE LAW, THE LICENSED APPLICATION AND ANY SERVICES PERFORMED OR \n",
      "PROVIDED BY THE LICENSED APPLICATION ARE PROVIDED \"AS IS\" AND “AS AVAILABLE,” \n",
      "WITH ALL FAULTS AND WITHOUT WARRANTY OF ANY KIND, AND LICENSOR HEREBY \n",
      "DISCLAIMS ALL WARRANTIES AND CONDITIONS WITH RESPECT TO THE LICENSED \n",
      "APPLICATION AND ANY SERVICES, EITHER EXPRESS, IMPLIED, OR STATUTORY, \n",
      "INCLUDING, BUT NOT LIMITED TO, THE IMPLIED WARRANTIES AND/OR CONDITIONS OF \n",
      "MERCHANTABILITY, OF SATISFACTORY QUALITY, OF FITNESS FOR A PARTICULAR \n",
      "PURPOSE, OF ACCURACY, OF QUIET ENJOYMENT, AND OF NONINFRINGEMENT OF THIRD-\n",
      "PARTY RIGHTS. NO ORAL OR WRITTEN INFORMATION OR ADVICE GIVEN BY LICENSOR \n",
      "OR ITS AUTHORIZED REPRESENTATIVE SHALL CREATE A WARRANTY. SHOULD THE \n",
      "LICENSED APPLICATION OR SERVICES PROVE DEFECTIVE, YOU ASSUME THE ENTIRE \n",
      "COST OF ALL NECESSARY SERVICING, REPAIR, OR CORRECTION. SOME JURISDICTIONS \n",
      "DO NOT ALLOW THE EXCLUSION OF IMPLIED WARRANTIES OR LIMITATIONS ON \n",
      "APPLICABLE STATUTORY RIGHTS OF A CONSUMER, SO THE ABOVE EXCLUSION AND \n",
      "LIMITATIONS MAY NOT APPLY TO YOU.\n",
      "f. Limitation of Liability. TO THE EXTENT NOT PROHIBITED BY LAW, IN NO EVENT SHALL \n",
      "LICENSOR BE LIABLE FOR PERSONAL INJURY OR ANY INCIDENTAL, SPECIAL, INDIRECT, \n",
      "OR CONSEQUENTIAL DAMAGES WHATSOEVER, INCLUDING, WITHOUT LIMITATION, \n",
      "DAMAGES FOR LOSS OF PROFITS, CORRUPTION OR LOSS OF DATA, FAILURE TO \n",
      "TRANSMIT OR RECEIVE ANY DATA (INCLUDING WITHOUT LIMITATION COURSE \n",
      "INSTRUCTIONS, ASSIGNMENTS AND MATERIALS), BUSINESS INTERRUPTION, OR ANY \n",
      "OTHER COMMERCIAL DAMAGES OR LOSSES, ARISING OUT OF OR RELATED TO YOUR USE \n",
      "OF OR INABILITY TO USE THE LICENSED APPLICATION, HOWEVER CAUSED, REGARDLESS \n",
      "OF THE THEORY OF LIABILITY (CONTRACT, TORT, OR OTHERWISE) AND EVEN IF \n",
      "LICENSOR HAS BEEN ADVISED OF THE POSSIBILITY OF SUCH DAMAGES. SOME \n",
      "JURISDICTIONS DO NOT ALLOW THE EXCLUSION OR LIMITATION OF LIABILITY FOR \n",
      "PERSONAL INJURY, OR OF INCIDENTAL OR CONSEQUENTIAL DAMAGES, SO THIS \n",
      "LIMITATION MAY NOT APPLY TO YOU. In no event shall Licensor’s total liability to you for all \n",
      "damages (other than as may be required by applicable law in cases involving personal injury) exceed the \n",
      "amount of two hundred and fifty dollars ($250.00). The foregoing limitations will apply even if the above \n",
      "stated remedy fails of its essential purpose.\n",
      "g. You may not use or otherwise export or re-export the Licensed Application except as authorized by \n",
      "United States law and the laws of the jurisdiction in which the Licensed Application was obtained. In \n",
      "particular, but without limitation, the Licensed Application may not be exported or re-exported (a) into \n",
      "any U.S.-embargoed countries or (b) to anyone on the U.S. Treasury Department's Specially Designated \n",
      "Nationals List or the U.S. Department of Commerce Denied Persons List or Entity List. By using the \n",
      "Licensed Application, you represent and warrant that you are not located in any such country or on any \n",
      "such list. You also agree that you will not use these products for any purposes prohibited by United States \n",
      "law, including, without limitation, the development, design, manufacture, or production of nuclear, \n",
      "missile, or chemical or biological weapons.\n"
    ]
  },
  {
    "page": 15,
    "content": [
      "h. U.S. Government End Users. The Licensed Application and related documentation are \"Commercial \n",
      "Items\", as that term is defined at 48 C.F.R. §2.101, consisting of \"Commercial Computer Software\" and \n",
      "\"Commercial Computer Software Documentation\", as such terms are used in 48 C.F.R. §12.212 or 48 \n",
      "C.F.R. §227.7202, as applicable. Consistent with 48 C.F.R. §12.212 or 48 C.F.R. §227.7202-1 through \n",
      "227.7202-4, as applicable, the Commercial Computer Software and Commercial Computer Software \n",
      "Documentation are being licensed to U.S. Government end users (a) only as Commercial Items and (b) \n",
      "with only those rights as are granted to all other end users pursuant to the terms and conditions herein. \n",
      "Unpublished-rights reserved under the copyright laws of the United States.\n",
      "i. Except to the extent expressly provided in the following paragraph, this Agreement and the relationship \n",
      "between you and Apple shall be governed by the laws of the State of California, excluding its conflicts of \n",
      "law provisions. You and Apple agree to submit to the personal and exclusive jurisdiction of the courts \n",
      "located within the county of Santa Clara, California, to resolve any dispute or claim arising from this \n",
      "Agreement. If (a) you are not a U.S. citizen; (b) you do not reside in the U.S.; (c) you are not accessing \n",
      "the Service from the U.S.; and (d) you are a citizen of one of the countries identified below, you hereby \n",
      "agree that any dispute or claim arising from this Agreement shall be governed by the applicable law set \n",
      "forth below, without regard to any conflict of law provisions, and you hereby irrevocably submit to the \n",
      "non-exclusive jurisdiction of the courts located in the state, province or country identified below whose \n",
      "law governs:\n",
      "If you are a citizen of any European Union country or the United Kingdom, Switzerland, Norway or \n",
      "Iceland, the governing law and forum shall be the laws and courts of your usual place of residence.\n",
      "Specifically excluded from application to this Agreement is that law known as the United Nations \n",
      "Convention on the International Sale of Goods.\n",
      "O. ADDITIONAL TERMS FOR APP STORE, APPLE BOOKS, APPLE PODCASTS, AND SELECT \n",
      "CONTENT\n",
      "Some Content available in App Store, Apple Books, and Apple Podcasts (including Apple Podcasts \n",
      "Subscriptions) are acquired by you from the third-party provider of such Content (as displayed on the \n",
      "product page and/or during the acquisition process for the relevant Content), not Apple. In such case, \n",
      "Apple acts as an agent for the Content provider in providing the Content to you, and therefore Apple is \n",
      "not a party to the Transaction between you and the Content provider. However, if you are a customer of \n",
      "Apple Distribution International Ltd., then Apple Distribution International Ltd. is the merchant of record \n",
      "for the Content you acquire, but such Content is licensed by the Content provider. The Content provider \n",
      "reserves the right to enforce the terms of use relating to such Content. The Content provider is solely \n",
      "responsible for such Content, any warranties to the extent that such warranties have not been disclaimed, \n",
      "and any claims that you or any other party may have relating to such Content.\n"
    ]
  },
  {
    "page": 16,
    "content": [
      "When determining how to order search results in App Store, Apple Books, and Apple Podcasts, the main \n",
      "parameters considered are the metadata given by Content providers and how customers have engaged \n",
      "with the Content.\n",
      "P. ADDITIONAL APPLE MUSIC TERMS\n",
      "iCloud Music Library is an Apple Music feature that allows you to access your matched or uploaded \n",
      "songs, playlists and music videos acquired from Apple Music, the iTunes Store or another source (“iCloud \n",
      "Music Library Content”) on your Apple Music-enabled devices. iCloud Music Library is turned on \n",
      "automatically when you set up your Apple Music membership. iCloud Music Library collects information \n",
      "about your iCloud Music Library Content. This information is associated with your Apple ID, and \n",
      "compared to iCloud Music Library Content currently available on Apple Music. iCloud Music Library \n",
      "Content that is not matched is uploaded to Apple’s iCloud Music Library servers (in a format determined \n",
      "by Apple). You can upload up to one hundred thousand (100,000) songs. Songs acquired from the iTunes \n",
      "Store do not count against this limit. Songs that do not meet certain criteria (for example, excessively \n",
      "large files) or that are not authorized for your device are not eligible for iCloud Music Library. When you \n",
      "use iCloud Music Library, Apple logs information such as the tracks you play, stop or skip, the devices \n",
      "you use, and the time and duration of playback. You agree to use iCloud Music Library only for lawfully \n",
      "acquired content. iCloud Music Library is provided on an “AS IS” basis and could contain errors or \n",
      "inaccuracies. You should back up your data and information prior to using iCloud Music Library. If you \n",
      "are not an Apple Music member, you may purchase an iTunes Match subscription, which uses iCloud \n",
      "Music Library. When your Apple Music membership ends, you will lose access to your iCloud Music \n",
      "Library, including iCloud Music Library Content that is uploaded to iCloud Music Library servers.\n",
      "Q. ADDITIONAL APPLE FITNESS+ TERMS\n",
      "Apple Fitness+ is for entertainment and/or informational purposes only and is not intended to provide any \n",
      "medical advice. \n",
      "R. CARRIER MEMBERSHIP\n",
      "Where available, you may be offered to purchase a Service membership from your wireless carrier (a \n",
      "“Carrier Membership”). If you purchase a Carrier Membership, your carrier is the merchant of record, \n",
      "which means that you acquire the Service license from your carrier, which will bill you for the cost of \n",
      "your Service membership, but the Service is licensed and provided by Apple. Your purchase relationship \n",
      "with the carrier is governed by the carrier’s terms and conditions, not this Agreement, and any billing \n",
      "disputes related to a Carrier Membership must be directed to your carrier, not Apple. By using a Service \n",
      "through a Carrier Membership, you agree that your carrier may exchange your carrier account \n",
      "information, telephone number and subscription information with Apple, and that Apple may use this \n",
      "information to determine the status of your Carrier Membership.\n"
    ]
  },
  {
    "page": 17,
    "content": [
      "S. MISCELLANEOUS TERMS APPLICABLE TO ALL SERVICES\n",
      "DEFINITION OF APPLE\n",
      "Depending on your Home Country, “Apple” means:\n",
      "Apple Inc., located at One Apple Park Way, Cupertino, California, for users in the United States, \n",
      "including Puerto Rico;\n",
      "Apple Canada Inc., located at 120 Bremner Blvd., Suite 1600, Toronto ON M5J 0A8, Canada for users in \n",
      "Canada;\n",
      "Apple Services LATAM LLC, located at 1 Alhambra Plaza, Ste 700 Coral Gables, Florida, for users in \n",
      "Mexico, Central or South America, or any Caribbean country or territory (excluding Puerto Rico);\n",
      "iTunes K.K., located at Roppongi Hills, 6-10-1 Roppongi, Minato-ku, Tokyo 106-6140, Tokyo for users \n",
      "in Japan;\n",
      "Apple Pty Limited, located at Level 3, 20 Martin Place, Sydney NSW 2000, Australia, for users in \n",
      "Australia or New Zealand, including in any of their territories or affiliated jurisdictions; and\n",
      "Apple Distribution International Ltd., located at Hollyhill Industrial Estate, Hollyhill, Cork, Republic of \n",
      "Ireland, for all other users.\n",
      "CONTRACT CHANGES\n",
      "Apple reserves the right at any time to modify this Agreement and to add new or additional terms or \n",
      "conditions on your use of the Services. Such modifications and additional terms and conditions will be \n",
      "effective immediately and incorporated into this Agreement. Your continued use of the Services will be \n",
      "deemed acceptance thereof.\n",
      "THIRD-PARTY MATERIALS\n"
    ]
  },
  {
    "page": 18,
    "content": [
      "Apple is not responsible or liable for third party materials included within or linked from the Content or \n",
      "the Services.\n",
      "USER SAFETY\n",
      "You should always seek the advice of an appropriately qualified healthcare professional regarding (a) the \n",
      "safety and advisability of any given activity, or (b) any specific medical condition or symptoms.\n",
      "INTELLECTUAL PROPERTY\n",
      "You agree that the Services, including but not limited to Content, graphics, user interface, audio clips, \n",
      "video clips, editorial content, and the scripts and software used to implement the Services, contain \n",
      "proprietary information and material that is owned by Apple, its licensors and/or Content providers, and is \n",
      "protected by applicable intellectual property and other laws, including but not limited to copyright. You \n",
      "agree that you will not use such proprietary information or materials in any way whatsoever except for \n",
      "use of the Services for personal, noncommercial uses in compliance with this Agreement. No portion of \n",
      "the Content or Services may be transferred or reproduced in any form or by any means, except as \n",
      "expressly permitted by this Agreement. You agree not to modify, rent, loan, sell, share, or distribute the \n",
      "Services or Content in any manner, and you shall not exploit the Services in any manner not expressly \n",
      "authorized.\n",
      "The Apple name, the Apple logo, iTunes, iTunes Store, App Store, Apple Books, Apple Music, Apple TV, \n",
      "Apple TV+, Apple Arcade, Apple News, Apple News+, Apple One, Apple Podcasts, Apple Fitness+, and \n",
      "other Apple trademarks, service marks, graphics, and logos used in connection with the Services are \n",
      "trademarks or registered trademarks of Apple in the U.S. and other countries throughout the world. You \n",
      "are granted no right or license with respect to any of the aforesaid trademarks.\n",
      "COPYRIGHT \n",
      "Unless otherwise noted, Services and Content provided by Apple are copyrights of Apple Inc. and its \n",
      "subsidiaries.\n",
      "If you believe that any Content available through the Services infringe a copyright claimed by you, please \n",
      "contact Apple at the following locations:\n"
    ]
  },
  {
    "page": 19,
    "content": [
      "- Third Party Apps: https://www.apple.com/legal/internet-services/itunes/appstorenotices/ \n",
      "- Apple Books: https://www.apple.com/legal/internet-services/itunes/applebooksnotices/ \n",
      "- Apple TV+ and Apple Fitness+: \n",
      "https://www.apple.com/legal/internet-services/itunes/appletvplusnotices/ \n",
      "- Apple News: https://www.apple.com/legal/internet-services/itunes/applenewsnotices/\n",
      "- Ringtones: https://www.apple.com/legal/internet-services/itunes/ringtonestorenotices/\n",
      "- All other Services (including but not limited to iTunes Store, Apple Music, and Apple Podcasts): \n",
      "https://www.apple.com/legal/internet-services/itunes/itunesstorenotices/\n",
      "This is the fastest way for us to process your notification of claimed infringement. The slower method to \n",
      "reach our designated agent and to process your notification is to send a proper and complete notification \n",
      "of claimed infringement to the mailing address listed below.\n",
      "Apple Inc.\n",
      "Attn: Copyright Agent\n",
      "One Apple Park Way\n",
      "MS: 1IPL\n",
      "Cupertino, CA 95014\n",
      "Phone: 408.996.1010\n",
      "Email: copyrightnotices@apple.com \n"
    ]
  },
  {
    "page": 20,
    "content": [
      "Apple has adopted a policy to disable and/or terminate in appropriate circumstances the accounts of users \n",
      "who are found repeatedly to infringe or are repeatedly claimed to infringe the copyrights of others. As part \n",
      "of implementing such policy, Apple may in its sole discretion suspend, disable and/or terminate the \n",
      "accounts of users who have been identified as repeatedly engaging in infringing activities or for other \n",
      "related reasons.\n",
      "DISCLAIMER OF WARRANTIES; LIABILITY LIMITATION\n",
      "APPLE DOES NOT GUARANTEE, REPRESENT, OR WARRANT THAT YOUR USE OF THE \n",
      "SERVICES WILL BE UNINTERRUPTED OR ERROR-FREE, AND YOU AGREE THAT FROM TIME \n",
      "TO TIME APPLE MAY REMOVE THE SERVICES FOR INDEFINITE PERIODS OF TIME, CANCEL \n",
      "THE SERVICES AT ANY TIME, OR OTHERWISE LIMIT OR DISABLE YOUR ACCESS TO THE \n",
      "SERVICES WITHOUT NOTICE TO YOU.\n",
      "YOU EXPRESSLY AGREE THAT YOUR USE OF, OR INABILITY TO USE, OR ACTIVITY IN \n",
      "CONNECTION WITH THE SERVICES IS AT YOUR SOLE RISK. THE SERVICES AND ALL \n",
      "CONTENT DELIVERED TO YOU THROUGH THE SERVICES ARE (EXCEPT AS EXPRESSLY \n",
      "STATED BY APPLE) PROVIDED \"AS IS\" AND \"AS AVAILABLE\" FOR YOUR USE, WITHOUT \n",
      "WARRANTIES OF ANY KIND, EITHER EXPRESS OR IMPLIED, INCLUDING ALL IMPLIED \n",
      "WARRANTIES OF MERCHANTABILITY, FITNESS FOR A PARTICULAR PURPOSE, TITLE, AND \n",
      "NONINFRINGEMENT. BECAUSE SOME JURISDICTIONS DO NOT ALLOW THE EXCLUSION \n",
      "OF IMPLIED WARRANTIES, THE ABOVE EXCLUSION OF IMPLIED WARRANTIES MAY NOT \n",
      "APPLY TO YOU.\n",
      "YOU AGREE THAT UNLESS REQUIRED BY APPLICABLE LAW, APPLE HAS NO \n",
      "RESPONSIBILITY TO CONTINUE MAKING CONTENT AVAILABLE TO YOU THROUGH OUR \n",
      "SERVICES, AND APPLE WILL NOT BE LIABLE TO YOU IF CONTENT, INCLUDING \n",
      "PURCHASED CONTENT, BECOMES UNAVAILABLE FOR DOWNLOAD, REDOWNLOAD, OR \n",
      "STREAMING.\n",
      "IN NO CASE SHALL APPLE, ITS DIRECTORS, OFFICERS, EMPLOYEES, AFFILIATES, AGENTS, \n",
      "CONTRACTORS, OR LICENSORS BE LIABLE FOR ANY DIRECT, INDIRECT, INCIDENTAL, \n",
      "PUNITIVE, SPECIAL, OR CONSEQUENTIAL DAMAGES ARISING FROM YOUR USE OF ANY \n",
      "OF THE SERVICES OR FOR ANY OTHER CLAIM RELATED IN ANY WAY TO YOUR USE OF \n",
      "THE SERVICES AND/OR CONTENT, INCLUDING, BUT NOT LIMITED TO, ANY ERRORS OR \n",
      "OMISSIONS IN ANY CONTENT, OR ANY INJURY, LOSS OR DAMAGE OF ANY KIND \n",
      "INCURRED AS A RESULT OF THE USE OF ANY CONTENT POSTED, TRANSMITTED, OR \n",
      "OTHERWISE MADE AVAILABLE VIA THE SERVICES, EVEN IF ADVISED OF THEIR \n",
      "POSSIBILITY. BECAUSE SOME COUNTRIES, STATES OR JURISDICTIONS DO NOT ALLOW \n",
      "THE EXCLUSION OR THE LIMITATION OF LIABILITY FOR CONSEQUENTIAL OR \n"
    ]
  },
  {
    "page": 21,
    "content": [
      "INCIDENTAL DAMAGES, IN SUCH COUNTRIES, STATES OR JURISDICTIONS, APPLE'S \n",
      "LIABILITY SHALL BE LIMITED TO THE EXTENT SUCH LIMITATION IS PERMITTED BY LAW.\n",
      "APPLE SHALL USE REASONABLE EFFORTS TO PROTECT INFORMATION SUBMITTED BY \n",
      "YOU IN CONNECTION WITH THE SERVICES, BUT YOU AGREE THAT YOUR SUBMISSION OF \n",
      "SUCH INFORMATION IS AT YOUR SOLE RISK, AND YOU HEREBY RELEASE APPLE FROM \n",
      "ANY AND ALL LIABILITY TO YOU FOR ANY LOSS OR LIABILITY RELATING TO SUCH \n",
      "INFORMATION IN ANY WAY.\n",
      "APPLE DOES NOT REPRESENT OR GUARANTEE THAT THE SERVICES WILL BE FREE FROM \n",
      "LOSS, CORRUPTION, ATTACK, VIRUSES, INTERFERENCE, HACKING, OR OTHER SECURITY \n",
      "INTRUSION, AND YOU HEREBY RELEASE APPLE FROM ANY LIABILITY RELATING \n",
      "THERETO. YOU SHALL BE RESPONSIBLE FOR BACKING UP YOUR OWN SYSTEM, \n",
      "INCLUDING ANY CONTENT PURCHASED OR ACQUIRED THROUGH THE SERVICES.\n",
      "APPLE IS NOT RESPONSIBLE FOR DATA CHARGES YOU MAY INCUR IN CONNECTION WITH \n",
      "YOUR USE OF THE SERVICES.\n",
      "WAIVER AND INDEMNITY\n",
      "BY USING THE SERVICES, YOU AGREE, TO THE EXTENT PERMITTED BY LAW, TO \n",
      "INDEMNIFY AND HOLD APPLE, ITS DIRECTORS, OFFICERS, EMPLOYEES, AFFILIATES, \n",
      "AGENTS, CONTRACTORS, AND LICENSORS HARMLESS WITH RESPECT TO ANY CLAIMS \n",
      "ARISING OUT OF YOUR BREACH OF THIS AGREEMENT, YOUR USE OF THE SERVICES, OR \n",
      "ANY ACTION TAKEN BY APPLE AS PART OF ITS INVESTIGATION OF A SUSPECTED \n",
      "VIOLATION OF THIS AGREEMENT OR AS A RESULT OF ITS FINDING OR DECISION THAT A \n",
      "VIOLATION OF THIS AGREEMENT HAS OCCURRED. YOU AGREE THAT YOU SHALL NOT \n",
      "SUE OR RECOVER ANY DAMAGES FROM APPLE, ITS DIRECTORS, OFFICERS, EMPLOYEES, \n",
      "AFFILIATES, AGENTS, CONTRACTORS, AND LICENSORS AS A RESULT OF ITS DECISION TO \n",
      "REMOVE OR DENY ACCESS TO ANY INFORMATION OR CONTENT, TO SUSPEND OR \n",
      "TERMINATE YOUR ACCESS TO THE SERVICES, OR TO TAKE ANY OTHER ACTION DURING \n",
      "THE INVESTIGATION OF A SUSPECTED VIOLATION OR AS A RESULT OF APPLE'S \n",
      "CONCLUSION THAT A VIOLATION OF THIS AGREEMENT HAS OCCURRED. THIS WAIVER \n",
      "AND INDEMNITY PROVISION APPLIES TO ALL VIOLATIONS DESCRIBED IN OR \n",
      "CONTEMPLATED BY THIS AGREEMENT.\n",
      "STATUTORY EXCEPTIONS FOR PUBLIC INSTITUTIONS\n"
    ]
  },
  {
    "page": 22,
    "content": [
      "If you are a qualified public educational or government institution and any part of this Agreement, such \n",
      "as, by way of example, all or part of the indemnification section, is invalid or unenforceable against you \n",
      "because of applicable local, national, state or federal law, then that portion shall be deemed invalid or \n",
      "unenforceable, as the case may be, and instead construed in a manner most consistent with applicable \n",
      "governing law.\n",
      "GOVERNING LAW\n",
      "Except to the extent expressly provided in the following paragraph or to the extent required by applicable \n",
      "law, this Agreement and the relationship between you and Apple, and all Transactions on the Services \n",
      "shall be governed by the laws of the State of California, excluding its conflicts of law provisions. You and \n",
      "Apple agree to submit to the personal and exclusive jurisdiction of the courts located within the county of \n",
      "Santa Clara, California, to resolve any dispute or claim arising from this Agreement. If (a) you are not a \n",
      "U.S. citizen; (b) you do not reside in the U.S.; (c) you are not accessing the Service from the U.S.; and (d) \n",
      "you are a citizen of one of the countries identified below, you hereby agree that any dispute or claim \n",
      "arising from this Agreement shall be governed by the applicable law set forth below, without regard to \n",
      "any conflict of law provisions, and you hereby irrevocably submit to the non-exclusive jurisdiction of the \n",
      "courts located in the state, province or country identified below whose law governs:\n",
      "If you are a citizen of any European Union country or the United Kingdom, Switzerland, Norway or \n",
      "Iceland, the governing law and forum shall be the laws and courts of your usual place of residence.\n",
      "Specifically excluded from application to this Agreement is that law known as the United Nations \n",
      "Convention on the International Sale of Goods.\n",
      "OTHER PROVISIONS\n",
      "This Agreement constitutes the entire agreement between you and Apple and governs your use of the \n",
      "Services, superseding any prior agreements with respect to the same subject matter between you and \n",
      "Apple. You also may be subject to additional terms and conditions that may apply when you make \n",
      "Transactions or use affiliate services, third-party content, third-party software, or additional services such \n",
      "as the Volume Purchase Program. If any part of this Agreement is held invalid or unenforceable, that \n",
      "portion shall be construed in a manner consistent with applicable law to reflect, as nearly as possible, the \n",
      "original intentions of the parties, and the remaining portions shall remain in full force and effect. Apple's \n",
      "failure to enforce any right or provisions in this Agreement will not constitute a waiver of such or any \n",
      "other provision. Apple will not be responsible for failures to fulfill any obligations due to causes beyond \n",
      "its control.\n"
    ]
  },
  {
    "page": 23,
    "content": [
      "You agree to comply with all local, state, federal, and national laws, statutes, ordinances, and regulations \n",
      "that apply to your use of the Services. Your use of the Services may also be subject to other laws. Risk of \n",
      "loss for all electronically delivered Transactions pass to the acquirer upon electronic transmission to the \n",
      "recipient. No Apple employee or agent has the authority to vary this Agreement.\n",
      "Apple may notify you with respect to the Services by sending an email message to your email address or \n",
      "a letter via postal mail to your mailing address, or by a posting on the Services. Notices shall become \n",
      "effective immediately. Apple may also contact you by email or push notification to send you additional \n",
      "information about the Services.\n",
      "You hereby grant Apple the right to take steps Apple believes are reasonably necessary or appropriate to \n",
      "enforce and/or verify compliance with any part of this Agreement. You agree that Apple has the right, \n",
      "without liability to you, to disclose any data and/or information to law enforcement authorities, \n",
      "government officials, and/or a third party, as Apple believes is reasonably necessary or appropriate to \n",
      "enforce and/or verify compliance with any part of this Agreement (including but not limited to Apple's \n",
      "right to cooperate with any legal process relating to your use of the Services and/or Content, and/or a \n",
      "third-party claim that your use of the Services and/or Content is unlawful and/or infringes such third \n",
      "party's rights).\n",
      "Last Updated: September 18, 2023\n"
    ]
  }
]