[
  {
    "page": 1,
    "content": [
      "Innovative Home Appliance - Detailed \n",
      "Overview\n",
      "Product Description\n",
      "Perfect for everyday use, it provides excellent value for money. It features a sleek and \n",
      "modern design. Crafted with premium materials, it is built to last. This product offers \n",
      "unmatched performance and reliability. Designed with the latest technology, it ensures top-\n",
      "notch quality.\n",
      "Key Features\n",
      "This item has received rave reviews from customers worldwide. Designed with the latest \n",
      "technology, it ensures top-notch quality. This product offers unmatched performance and \n",
      "reliability. It is environmentally friendly and energy-efficient. Crafted with premium \n",
      "materials, it is built to last.\n",
      "Product Details - Section 1\n",
      "Feature\n",
      "Who is \n",
      "Responsible\n",
      "Additional \n",
      "for \n",
      "Vulnerable \n",
      "Customers\n",
      "Rechargeabl\n",
      "e to \n",
      "Customer\n",
      "Reportable \n",
      "by \n",
      "Leaseholder\n",
      "s & Shared \n",
      "Owners\n",
      "Target \n",
      "Priority\n",
      "Power \n",
      "Source\n",
      "Customer\n",
      "No\n",
      "No, normal \n",
      "wear and \n",
      "tear\n",
      "Yes, in all \n",
      "cases\n",
      "Routine\n",
      "Availability\n",
      "Servicing \n",
      "Team\n",
      "No\n",
      "Customer \n",
      "action\n",
      "Depending \n",
      "on policy\n",
      "Emergency\n",
      "Price\n",
      "Maintenance \n",
      "Team\n",
      "Special cases\n",
      "Yes, if \n",
      "damaged\n",
      "Depending \n",
      "on policy\n",
      "Routine\n",
      "Color \n",
      "Options\n",
      "Servicing \n",
      "Team\n",
      "No\n",
      "Yes, if \n",
      "damaged\n",
      "No, specific \n",
      "cases only\n",
      "Emergency\n",
      "Power \n",
      "Source\n",
      "Servicing \n",
      "Team\n",
      "No\n",
      "Customer \n",
      "action\n",
      "Yes, in all \n",
      "cases\n",
      "Critical \n",
      "Emergency\n",
      "Price\n",
      "Customer\n",
      "No\n",
      "Customer \n",
      "action\n",
      "No, specific \n",
      "cases only\n",
      "Emergency\n",
      "Compatibilit\n",
      "y\n",
      "Customer\n",
      "Special cases\n",
      "No, normal \n",
      "wear and \n",
      "tear\n",
      "No, specific \n",
      "cases only\n",
      "Critical \n",
      "Emergency\n",
      "Dimensions\n",
      "Servicing \n",
      "Team\n",
      "No\n",
      "Yes, if \n",
      "damaged\n",
      "Depending \n",
      "on policy\n",
      "Batch\n",
      "User Ratings\n",
      "Servicing \n",
      "Team\n",
      "No\n",
      "Yes, if \n",
      "damaged\n",
      "Depending \n",
      "on policy\n",
      "Emergency\n"
    ]
  },
  {
    "page": 3,
    "content": [
      "Product Details - Section 2\n",
      "Feature\n",
      "Who is \n",
      "Responsible\n",
      "Additional \n",
      "for \n",
      "Vulnerable \n",
      "Customers\n",
      "Rechargeabl\n",
      "e to \n",
      "Customer\n",
      "Reportable \n",
      "by \n",
      "Leaseholder\n",
      "s & Shared \n",
      "Owners\n",
      "Target \n",
      "Priority\n",
      "Compatibilit\n",
      "y\n",
      "Customer\n",
      "No\n",
      "Yes, if \n",
      "damaged\n",
      "Depending \n",
      "on policy\n",
      "Critical \n",
      "Emergency\n",
      "Dimensions\n",
      "Maintenance \n",
      "Team\n",
      "Special cases\n",
      "No, normal \n",
      "wear and \n",
      "tear\n",
      "Yes, in all \n",
      "cases\n",
      "Batch\n",
      "Dimensions\n",
      "Servicing \n",
      "Team\n",
      "No\n",
      "Yes, if \n",
      "damaged\n",
      "Depending \n",
      "on policy\n",
      "Emergency\n",
      "Compatibilit\n",
      "y\n",
      "Maintenance \n",
      "Team\n",
      "If critical \n",
      "condition\n",
      "No, normal \n",
      "wear and \n",
      "tear\n",
      "Yes, in all \n",
      "cases\n",
      "Batch\n",
      "Dimensions\n",
      "Maintenance \n",
      "Team\n",
      "If critical \n",
      "condition\n",
      "No, normal \n",
      "wear and \n",
      "tear\n",
      "No, specific \n",
      "cases only\n",
      "Critical \n",
      "Emergency\n",
      "Material\n",
      "Servicing \n",
      "Team\n",
      "No\n",
      "No, normal \n",
      "wear and \n",
      "tear\n",
      "Depending \n",
      "on policy\n",
      "Routine\n",
      "Availability\n",
      "Maintenance \n",
      "Team\n",
      "No\n",
      "Yes, if \n",
      "damaged\n",
      "Depending \n",
      "on policy\n",
      "Routine\n",
      "Power \n",
      "Source\n",
      "Maintenance \n",
      "Team\n",
      "No\n",
      "No, normal \n",
      "wear and \n",
      "tear\n",
      "Yes, in all \n",
      "cases\n",
      "Critical \n",
      "Emergency\n",
      "Dimensions\n",
      "Servicing \n",
      "Team\n",
      "No\n",
      "Customer \n",
      "action\n",
      "Depending \n",
      "on policy\n",
      "Routine\n"
    ]
  },
  {
    "page": 4,
    "content": [
      "Product Details - Section 3\n",
      "Feature\n",
      "Who is \n",
      "Responsible\n",
      "Additional \n",
      "for \n",
      "Vulnerable \n",
      "Customers\n",
      "Rechargeabl\n",
      "e to \n",
      "Customer\n",
      "Reportable \n",
      "by \n",
      "Leaseholder\n",
      "s & Shared \n",
      "Owners\n",
      "Target \n",
      "Priority\n",
      "Weight\n",
      "Customer\n",
      "If critical \n",
      "condition\n",
      "Customer \n",
      "action\n",
      "Depending \n",
      "on policy\n",
      "Batch\n",
      "Color \n",
      "Options\n",
      "Servicing \n",
      "Team\n",
      "Special cases\n",
      "Yes, if \n",
      "damaged\n",
      "Depending \n",
      "on policy\n",
      "Batch\n",
      "Compatibilit\n",
      "y\n",
      "Maintenance \n",
      "Team\n",
      "Special cases\n",
      "Yes, if \n",
      "damaged\n",
      "Depending \n",
      "on policy\n",
      "Emergency\n",
      "Color \n",
      "Options\n",
      "Customer\n",
      "No\n",
      "Yes, if \n",
      "damaged\n",
      "Yes, in all \n",
      "cases\n",
      "Critical \n",
      "Emergency\n",
      "Weight\n",
      "Customer\n",
      "If critical \n",
      "condition\n",
      "Customer \n",
      "action\n",
      "No, specific \n",
      "cases only\n",
      "Routine\n",
      "Weight\n",
      "Servicing \n",
      "Team\n",
      "No\n",
      "Customer \n",
      "action\n",
      "Depending \n",
      "on policy\n",
      "Batch\n",
      "Price\n",
      "Customer\n",
      "If critical \n",
      "condition\n",
      "Yes, if \n",
      "damaged\n",
      "No, specific \n",
      "cases only\n",
      "Routine\n",
      "Color \n",
      "Options\n",
      "Servicing \n",
      "Team\n",
      "No\n",
      "No, normal \n",
      "wear and \n",
      "tear\n",
      "Depending \n",
      "on policy\n",
      "Critical \n",
      "Emergency\n",
      "Compatibilit\n",
      "y\n",
      "Servicing \n",
      "Team\n",
      "No\n",
      "No, normal \n",
      "wear and \n",
      "tear\n",
      "Depending \n",
      "on policy\n",
      "Routine\n"
    ]
  }
]