[
  {
    "pagenum": 1,
    "content1": [
      "Innovative Home Appliance - Detailed \n",
      "Overview\n",
      "Product Description\n",
      "Perfect for everyday use, it provides excellent value for money. It features a sleek and \n",
      "modern design. Crafted with premium materials, it is built to last. This product offers \n",
      "unmatched performance and reliability. Designed with the latest technology, it ensures top-\n",
      "notch quality.\n",
      "Key Features\n",
      "This item has received rave reviews from customers worldwide. Designed with the latest \n",
      "technology, it ensures top-notch quality. This product offers unmatched performance and \n",
      "reliability. It is environmentally friendly and energy-efficient. Crafted with premium \n",
      "materials, it is built to last.\n",
      "Product Details - Section 1\n"
    ],
    "table": {
      "columns": [
        "Feature",
        "Who is Responsible",
        "Additional for Vulnerable Customers",
        "Rechargeable to Customer",
        "Reportable by Leaseholders & Shared Owners",
        "Target Priority"
      ],
      "rows": [
        {
          "Feature": "Power Source",
          "Who is Responsible": "Customer",
          "Additional for Vulnerable Customers": "No",
          "Rechargeable to Customer": "No, normal wear and tear",
          "Reportable by Leaseholders & Shared Owners": "Yes, in all cases",
          "Target Priority": "Routine"
        },
        {
          "Feature": "Availability",
          "Who is Responsible": "Servicing Team",
          "Additional for Vulnerable Customers": "No",
          "Rechargeable to Customer": "Customer action",
          "Reportable by Leaseholders & Shared Owners": "Depending on policy",
          "Target Priority": "Emergency"
        },
        {
          "Feature": "Price",
          "Who is Responsible": "Maintenance Team",
          "Additional for Vulnerable Customers": "Special cases",
          "Rechargeable to Customer": "Yes, if damaged",
          "Reportable by Leaseholders & Shared Owners": "Depending on policy",
          "Target Priority": "Routine"
        },
        {
          "Feature": "Color Options",
          "Who is Responsible": "Servicing Team",
          "Additional for Vulnerable Customers": "No",
          "Rechargeable to Customer": "Yes, if damaged",
          "Reportable by Leaseholders & Shared Owners": "No, specific cases only",
          "Target Priority": "Emergency"
        },
        {
          "Feature": "Power Source",
          "Who is Responsible": "Servicing Team",
          "Additional for Vulnerable Customers": "No",
          "Rechargeable to Customer": "Customer action",
          "Reportable by Leaseholders & Shared Owners": "Yes, in all cases",
          "Target Priority": "Critical Emergency"
        },
        {
          "Feature": "Price",
          "Who is Responsible": "Customer",
          "Additional for Vulnerable Customers": "No",
          "Rechargeable to Customer": "Customer action",
          "Reportable by Leaseholders & Shared Owners": "No, specific cases only",
          "Target Priority": "Emergency"
        },
        {
          "Feature": "Compatibility",
          "Who is Responsible": "Customer",
          "Additional for Vulnerable Customers": "Special cases",
          "Rechargeable to Customer": "No, normal wear and tear",
          "Reportable by Leaseholders & Shared Owners": "No, specific cases only",
          "Target Priority": "Critical Emergency"
        },
        {
          "Feature": "Dimensions",
          "Who is Responsible": "Servicing Team",
          "Additional for Vulnerable Customers": "No",
          "Rechargeable to Customer": "Yes, if damaged",
          "Reportable by Leaseholders & Shared Owners": "Depending on policy",
          "Target Priority": "Batch"
        },
        {
          "Feature": "User Ratings",
          "Who is Responsible": "Servicing Team",
          "Additional for Vulnerable Customers": "No",
          "Rechargeable to Customer": "Yes, if damaged",
          "Reportable by Leaseholders & Shared Owners": "Depending on policy",
          "Target Priority": "Emergency"
        }
      ]
    },
    "content2": []
  },
  {
    "pagebreak": "pagebreak"
  },
  {
    "pagenum": 3,
    "content1": [
      "Product Details - Section 2\n"
    ],
    "table": {
      "columns": [
        "Feature",
        "Who is Responsible",
        "Additional for Vulnerable Customers",
        "Rechargeable to Customer",
        "Reportable by Leaseholders & Shared Owners",
        "Target Priority"
      ],
      "rows": [
        {
          "Feature": "Power Source",
          "Who is Responsible": "Customer",
          "Additional for Vulnerable Customers": "No",
          "Rechargeable to Customer": "No, normal wear and tear",
          "Reportable by Leaseholders & Shared Owners": "Yes, in all cases",
          "Target Priority": "Routine"
        },
        {
          "Feature": "Availability",
          "Who is Responsible": "Servicing Team",
          "Additional for Vulnerable Customers": "No",
          "Rechargeable to Customer": "Customer action",
          "Reportable by Leaseholders & Shared Owners": "Depending on policy",
          "Target Priority": "Emergency"
        },
        {
          "Feature": "Price",
          "Who is Responsible": "Maintenance Team",
          "Additional for Vulnerable Customers": "Special cases",
          "Rechargeable to Customer": "Yes, if damaged",
          "Reportable by Leaseholders & Shared Owners": "Depending on policy",
          "Target Priority": "Routine"
        },
        {
          "Feature": "Color Options",
          "Who is Responsible": "Servicing Team",
          "Additional for Vulnerable Customers": "No",
          "Rechargeable to Customer": "Yes, if damaged",
          "Reportable by Leaseholders & Shared Owners": "No, specific cases only",
          "Target Priority": "Emergency"
        },
        {
          "Feature": "Power Source",
          "Who is Responsible": "Servicing Team",
          "Additional for Vulnerable Customers": "No",
          "Rechargeable to Customer": "Customer action",
          "Reportable by Leaseholders & Shared Owners": "Yes, in all cases",
          "Target Priority": "Critical Emergency"
        },
        {
          "Feature": "Price",
          "Who is Responsible": "Customer",
          "Additional for Vulnerable Customers": "No",
          "Rechargeable to Customer": "Customer action",
          "Reportable by Leaseholders & Shared Owners": "No, specific cases only",
          "Target Priority": "Emergency"
        },
        {
          "Feature": "Compatibility",
          "Who is Responsible": "Customer",
          "Additional for Vulnerable Customers": "Special cases",
          "Rechargeable to Customer": "No, normal wear and tear",
          "Reportable by Leaseholders & Shared Owners": "No, specific cases only",
          "Target Priority": "Critical Emergency"
        },
        {
          "Feature": "Dimensions",
          "Who is Responsible": "Servicing Team",
          "Additional for Vulnerable Customers": "No",
          "Rechargeable to Customer": "Yes, if damaged",
          "Reportable by Leaseholders & Shared Owners": "Depending on policy",
          "Target Priority": "Batch"
        },
        {
          "Feature": "User Ratings",
          "Who is Responsible": "Servicing Team",
          "Additional for Vulnerable Customers": "No",
          "Rechargeable to Customer": "Yes, if damaged",
          "Reportable by Leaseholders & Shared Owners": "Depending on policy",
          "Target Priority": "Emergency"
        }
      ]
    },
    "content2": []
  },
  {
    "pagebreak": "pagebreak"
  },
  {
    "pagenum": 4,
    "content1": [
      "Product Details - Section 3\n"
    ],
    "table": {
      "columns": [
        "Feature",
        "Who is Responsible",
        "Additional for Vulnerable Customers",
        "Rechargeable to Customer",
        "Reportable by Leaseholders & Shared Owners",
        "Target Priority"
      ],
      "rows": [
        {
          "Feature": "Power Source",
          "Who is Responsible": "Customer",
          "Additional for Vulnerable Customers": "No",
          "Rechargeable to Customer": "No, normal wear and tear",
          "Reportable by Leaseholders & Shared Owners": "Yes, in all cases",
          "Target Priority": "Routine"
        },
        {
          "Feature": "Availability",
          "Who is Responsible": "Servicing Team",
          "Additional for Vulnerable Customers": "No",
          "Rechargeable to Customer": "Customer action",
          "Reportable by Leaseholders & Shared Owners": "Depending on policy",
          "Target Priority": "Emergency"
        },
        {
          "Feature": "Price",
          "Who is Responsible": "Maintenance Team",
          "Additional for Vulnerable Customers": "Special cases",
          "Rechargeable to Customer": "Yes, if damaged",
          "Reportable by Leaseholders & Shared Owners": "Depending on policy",
          "Target Priority": "Routine"
        },
        {
          "Feature": "Color Options",
          "Who is Responsible": "Servicing Team",
          "Additional for Vulnerable Customers": "No",
          "Rechargeable to Customer": "Yes, if damaged",
          "Reportable by Leaseholders & Shared Owners": "No, specific cases only",
          "Target Priority": "Emergency"
        },
        {
          "Feature": "Power Source",
          "Who is Responsible": "Servicing Team",
          "Additional for Vulnerable Customers": "No",
          "Rechargeable to Customer": "Customer action",
          "Reportable by Leaseholders & Shared Owners": "Yes, in all cases",
          "Target Priority": "Critical Emergency"
        },
        {
          "Feature": "Price",
          "Who is Responsible": "Customer",
          "Additional for Vulnerable Customers": "No",
          "Rechargeable to Customer": "Customer action",
          "Reportable by Leaseholders & Shared Owners": "No, specific cases only",
          "Target Priority": "Emergency"
        },
        {
          "Feature": "Compatibility",
          "Who is Responsible": "Customer",
          "Additional for Vulnerable Customers": "Special cases",
          "Rechargeable to Customer": "No, normal wear and tear",
          "Reportable by Leaseholders & Shared Owners": "No, specific cases only",
          "Target Priority": "Critical Emergency"
        },
        {
          "Feature": "Dimensions",
          "Who is Responsible": "Servicing Team",
          "Additional for Vulnerable Customers": "No",
          "Rechargeable to Customer": "Yes, if damaged",
          "Reportable by Leaseholders & Shared Owners": "Depending on policy",
          "Target Priority": "Batch"
        },
        {
          "Feature": "User Ratings",
          "Who is Responsible": "Servicing Team",
          "Additional for Vulnerable Customers": "No",
          "Rechargeable to Customer": "Yes, if damaged",
          "Reportable by Leaseholders & Shared Owners": "Depending on policy",
          "Target Priority": "Emergency"
        }
      ]
    },
    "content2": []
  },
  {
    "pagebreak": "pagebreak"
  }
]