[
  {
    "pagenum": 1,
    "content1": [
      "Luxury Instrument - Detailed Overview\n",
      "Product Description\n",
      "It is environmentally friendly and energy-efficient. This product offers unmatched \n",
      "performance and reliability. Designed with the latest technology, it ensures top-notch \n",
      "quality. Crafted with premium materials, it is built to last. Available in various sizes and \n",
      "colors to suit your needs.\n",
      "Key Features\n",
      "Easy to maintain and highly durable. This product offers unmatched performance and \n",
      "reliability. It features a sleek and modern design. Its ergonomic design makes it easy to use \n",
      "and handle. Designed with the latest technology, it ensures top-notch quality.\n",
      "Product Details - Section 1\n"
    ],
    "table": {
      "columns": [
        "Feature",
        "Who is Responsible",
        "Additional for Vulnerable Customers",
        "Rechargeable to Customer",
        "Reportable by Leaseholders & Shared Owners",
        "Target Priority"
      ],
      "rows": [
        {
          "Feature": "Dimensions",
          "Who is Responsible": "Maintenance Team",
          "Additional for Vulnerable Customers": "No",
          "Rechargeable to Customer": "No, normal wear and tear",
          "Reportable by Leaseholders & Shared Owners": "Yes, in all cases",
          "Target Priority": "Critical Emergency"
        },
        {
          "Feature": "Weight",
          "Who is Responsible": "Servicing Team",
          "Additional for Vulnerable Customers": "Special cases",
          "Rechargeable to Customer": "Customer action",
          "Reportable by Leaseholders & Shared Owners": "Depending on policy",
          "Target Priority": "Batch"
        },
        {
          "Feature": "Price",
          "Who is Responsible": "Customer",
          "Additional for Vulnerable Customers": "No",
          "Rechargeable to Customer": "Yes, if damaged",
          "Reportable by Leaseholders & Shared Owners": "Depending on policy",
          "Target Priority": "Critical Emergency"
        },
        {
          "Feature": "Availability",
          "Who is Responsible": "Servicing Team",
          "Additional for Vulnerable Customers": "If critical condition",
          "Rechargeable to Customer": "Customer action",
          "Reportable by Leaseholders & Shared Owners": "Yes, in all cases",
          "Target Priority": "Emergency"
        },
        {
          "Feature": "Price",
          "Who is Responsible": "Servicing Team",
          "Additional for Vulnerable Customers": "Special cases",
          "Rechargeable to Customer": "Customer action",
          "Reportable by Leaseholders & Shared Owners": "No, specific cases only",
          "Target Priority": "Critical Emergency"
        },
        {
          "Feature": "Availability",
          "Who is Responsible": "Maintenance Team",
          "Additional for Vulnerable Customers": "If critical condition",
          "Rechargeable to Customer": "Yes, if damaged",
          "Reportable by Leaseholders & Shared Owners": "No, specific cases only",
          "Target Priority": "Batch"
        },
        {
          "Feature": "Compatibility",
          "Who is Responsible": "Servicing Team",
          "Additional for Vulnerable Customers": "If critical condition",
          "Rechargeable to Customer": "No, normal wear and tear",
          "Reportable by Leaseholders & Shared Owners": "Yes, in all cases",
          "Target Priority": "Critical Emergency"
        },
        {
          "Feature": "Dimensions",
          "Who is Responsible": "Customer",
          "Additional for Vulnerable Customers": "If critical condition",
          "Rechargeable to Customer": "Customer action",
          "Reportable by Leaseholders & Shared Owners": "No, specific cases only",
          "Target Priority": "Routine"
        },
        {
          "Feature": "Dimensions",
          "Who is Responsible": "Maintenance Team",
          "Additional for Vulnerable Customers": "If critical condition",
          "Rechargeable to Customer": "Yes, if damaged",
          "Reportable by Leaseholders & Shared Owners": "Depending on policy",
          "Target Priority": "Emergency"
        }
      ]
    },
    "content2": []
  },
  {
    "pagebreak": "pagebreak"
  },
  {
    "pagenum": 2,
    "content1": [
      "Product Details - Section 2\n"
    ],
    "table": {
      "columns": [
        "Feature",
        "Who is Responsible",
        "Additional for Vulnerable Customers",
        "Rechargeable to Customer",
        "Reportable by Leaseholders & Shared Owners",
        "Target Priority"
      ],
      "rows": [
        {
          "Feature": "Dimensions",
          "Who is Responsible": "Maintenance Team",
          "Additional for Vulnerable Customers": "No",
          "Rechargeable to Customer": "No, normal wear and tear",
          "Reportable by Leaseholders & Shared Owners": "Yes, in all cases",
          "Target Priority": "Critical Emergency"
        },
        {
          "Feature": "Weight",
          "Who is Responsible": "Servicing Team",
          "Additional for Vulnerable Customers": "Special cases",
          "Rechargeable to Customer": "Customer action",
          "Reportable by Leaseholders & Shared Owners": "Depending on policy",
          "Target Priority": "Batch"
        },
        {
          "Feature": "Price",
          "Who is Responsible": "Customer",
          "Additional for Vulnerable Customers": "No",
          "Rechargeable to Customer": "Yes, if damaged",
          "Reportable by Leaseholders & Shared Owners": "Depending on policy",
          "Target Priority": "Critical Emergency"
        },
        {
          "Feature": "Availability",
          "Who is Responsible": "Servicing Team",
          "Additional for Vulnerable Customers": "If critical condition",
          "Rechargeable to Customer": "Customer action",
          "Reportable by Leaseholders & Shared Owners": "Yes, in all cases",
          "Target Priority": "Emergency"
        },
        {
          "Feature": "Price",
          "Who is Responsible": "Servicing Team",
          "Additional for Vulnerable Customers": "Special cases",
          "Rechargeable to Customer": "Customer action",
          "Reportable by Leaseholders & Shared Owners": "No, specific cases only",
          "Target Priority": "Critical Emergency"
        },
        {
          "Feature": "Availability",
          "Who is Responsible": "Maintenance Team",
          "Additional for Vulnerable Customers": "If critical condition",
          "Rechargeable to Customer": "Yes, if damaged",
          "Reportable by Leaseholders & Shared Owners": "No, specific cases only",
          "Target Priority": "Batch"
        },
        {
          "Feature": "Compatibility",
          "Who is Responsible": "Servicing Team",
          "Additional for Vulnerable Customers": "If critical condition",
          "Rechargeable to Customer": "No, normal wear and tear",
          "Reportable by Leaseholders & Shared Owners": "Yes, in all cases",
          "Target Priority": "Critical Emergency"
        },
        {
          "Feature": "Dimensions",
          "Who is Responsible": "Customer",
          "Additional for Vulnerable Customers": "If critical condition",
          "Rechargeable to Customer": "Customer action",
          "Reportable by Leaseholders & Shared Owners": "No, specific cases only",
          "Target Priority": "Routine"
        },
        {
          "Feature": "Dimensions",
          "Who is Responsible": "Maintenance Team",
          "Additional for Vulnerable Customers": "If critical condition",
          "Rechargeable to Customer": "Yes, if damaged",
          "Reportable by Leaseholders & Shared Owners": "Depending on policy",
          "Target Priority": "Emergency"
        }
      ]
    },
    "content2": []
  },
  {
    "pagebreak": "pagebreak"
  },
  {
    "pagenum": 3,
    "content1": [
      "Product Details - Section 3\n"
    ],
    "table": {
      "columns": [
        "Feature",
        "Who is Responsible",
        "Additional for Vulnerable Customers",
        "Rechargeable to Customer",
        "Reportable by Leaseholders & Shared Owners",
        "Target Priority"
      ],
      "rows": [
        {
          "Feature": "Dimensions",
          "Who is Responsible": "Maintenance Team",
          "Additional for Vulnerable Customers": "No",
          "Rechargeable to Customer": "No, normal wear and tear",
          "Reportable by Leaseholders & Shared Owners": "Yes, in all cases",
          "Target Priority": "Critical Emergency"
        },
        {
          "Feature": "Weight",
          "Who is Responsible": "Servicing Team",
          "Additional for Vulnerable Customers": "Special cases",
          "Rechargeable to Customer": "Customer action",
          "Reportable by Leaseholders & Shared Owners": "Depending on policy",
          "Target Priority": "Batch"
        },
        {
          "Feature": "Price",
          "Who is Responsible": "Customer",
          "Additional for Vulnerable Customers": "No",
          "Rechargeable to Customer": "Yes, if damaged",
          "Reportable by Leaseholders & Shared Owners": "Depending on policy",
          "Target Priority": "Critical Emergency"
        },
        {
          "Feature": "Availability",
          "Who is Responsible": "Servicing Team",
          "Additional for Vulnerable Customers": "If critical condition",
          "Rechargeable to Customer": "Customer action",
          "Reportable by Leaseholders & Shared Owners": "Yes, in all cases",
          "Target Priority": "Emergency"
        },
        {
          "Feature": "Price",
          "Who is Responsible": "Servicing Team",
          "Additional for Vulnerable Customers": "Special cases",
          "Rechargeable to Customer": "Customer action",
          "Reportable by Leaseholders & Shared Owners": "No, specific cases only",
          "Target Priority": "Critical Emergency"
        },
        {
          "Feature": "Availability",
          "Who is Responsible": "Maintenance Team",
          "Additional for Vulnerable Customers": "If critical condition",
          "Rechargeable to Customer": "Yes, if damaged",
          "Reportable by Leaseholders & Shared Owners": "No, specific cases only",
          "Target Priority": "Batch"
        },
        {
          "Feature": "Compatibility",
          "Who is Responsible": "Servicing Team",
          "Additional for Vulnerable Customers": "If critical condition",
          "Rechargeable to Customer": "No, normal wear and tear",
          "Reportable by Leaseholders & Shared Owners": "Yes, in all cases",
          "Target Priority": "Critical Emergency"
        },
        {
          "Feature": "Dimensions",
          "Who is Responsible": "Customer",
          "Additional for Vulnerable Customers": "If critical condition",
          "Rechargeable to Customer": "Customer action",
          "Reportable by Leaseholders & Shared Owners": "No, specific cases only",
          "Target Priority": "Routine"
        },
        {
          "Feature": "Dimensions",
          "Who is Responsible": "Maintenance Team",
          "Additional for Vulnerable Customers": "If critical condition",
          "Rechargeable to Customer": "Yes, if damaged",
          "Reportable by Leaseholders & Shared Owners": "Depending on policy",
          "Target Priority": "Emergency"
        }
      ]
    },
    "content2": []
  },
  {
    "pagebreak": "pagebreak"
  }
]