[
  {
    "page": 1,
    "content": [
      "Amended 16/11/2022 \n",
      "1 \n",
      "Working Hours Repair Obligations & \n",
      "Classification Technical Guide \n"
    ]
  },
  {
    "page": 2,
    "content": [
      "Amended 16/11/2022 \n",
      "2 \n",
      "Repairs Obligations & Classification Guide  \n",
      "The matrix below is a detailed guide to the repair obligations that the Maintenance Team has under the Aster Group’s tenancy \n",
      "agreements. The guide details what repairs the Maintenance Team will carry out for customers, leaseholders and owners under the \n",
      "shared ownership scheme. A condensed version of this matrix is contained within the customers’ and leaseholders handbooks.  \n",
      "The matrix gives response timescales based on the repair priority. The repair priorities have been enhanced for vulnerable and \n",
      "disabled customers, where appropriate. The priorities have been developed by the customer focus group and will be reviewed on a \n",
      "regular basis.  \n",
      "Aster follows and promotes a safety first culture, and the guide has been created with this in mind. If additional guidance is required \n",
      "regarding a specific repair which is not listed, please refer to your line manager for further advice. Depending on the circumstances, \n",
      "Aster can increase the priority of the repair if required using their professional judgement.  \n",
      "The repairs policy matrix should be used in conjunction with the following:  \n",
      "• Repairs & Maintenance Policy \n",
      "• Repairs Re-charge Policy \n",
      "• OOH Procedure \n",
      "• Void Standard  \n",
      "• Business Continuity Plan  \n",
      "Vulnerabilities - When a customer contacts us about a repair, we may give them a higher priority if they are considered vulnerable \n",
      "and the repair affects their condition.   \n"
    ]
  },
  {
    "page": 3,
    "content": [
      "Amended 16/11/2022 \n",
      "3 \n",
      "The Repairs handbook states: \n",
      "If you have total loss of your heating and/or hot water we will come out within 24 hours. If we can’t fix your boiler during this \n",
      "appointment we will offer you temporary heating. \n",
      "One Job Approach \n",
      "In line with Aster’s one job approach, if we attend to a job and carry out an initial repair, then it is possible that this same job can \n",
      "be amended to a new priority appropriate for the follow on works. For example, if an emergency is raised for a burst pipe and Aster \n",
      "attend to stop the leak and need to return for follow on work then it can be amended to another priority (e.g. urgent or routine \n",
      "depending on circumstances). \n"
    ]
  },
  {
    "page": 4,
    "content": [
      "Version 2 \n",
      "4 \n",
      "Priority Guidance: \n",
      "Response level \n",
      "KPI \n",
      "Classification \n",
      "Time scale  \n",
      "Description  \n",
      "Critical \n",
      "Emergency \n",
      "         E4 \n",
      "4 Hours \n",
      "Critical repair is Make Safe: any defect or situation that has the potential to \n",
      "endanger life or limb, cause major damage to the dwelling or affect a large \n",
      "number of customers. \n",
      "Emergency \n",
      "         E \n",
      " 24 Hours \n",
      "Emergency repair is: any defect that puts the health, safety or security of the \n",
      "customer or third party at immediate risk or adversely affects the structure of \n",
      "the property and may well consist initially of Make Safe only. Normally a \n",
      "single dwelling. \n",
      "Next Working \n",
      "Day \n",
      "NWD \n",
      "36 Hours \n",
      "NWD repair is: only for a beeping smoke alarm. If this is continually \n",
      "sounding, this is an Emergency.  \n",
      "Urgent \n",
      "U \n",
      "Non emergency but likely to cause further issues if left to a R such as, \n",
      "containable leak (plumbing/roof leak), mains door entry system, WC not \n",
      "flushing (if second WC is available) \n",
      "Routine \n",
      "R \n",
      "20 Working Days \n",
      "Routine repair is: any defect that can be deferred without serious discomfort, \n",
      "inconvenience or nuisance to the Customer or a third party. \n",
      "Batch \n",
      "60 \n",
      "60 Working Days \n",
      "Planned one-off repair or any defect typically larger in nature & has resulted \n",
      "from recent deterioration with a medium or high priority. These work \n",
      "requests must come from a team leader or surveyor. Works that need to be \n",
      "completed low priority would form a programme request.  \n"
    ]
  },
  {
    "page": 5,
    "content": [
      "Version 2 \n",
      "5 \n",
      "Vulnerable Customers:  \n",
      "If it is discovered that a customer has incorrectly claimed vulnerability to obtain additional repairs, Aster will charge them with the cost of any repairs \n",
      "undertaken as a result of the incorrect claim.  \n",
      "Rechargeable to customer:  \n",
      "Repair costs for any damage caused by the customer or their family or visitors will be recharged to them. This excludes repairs resulting from normal wear \n",
      "and tear.  \n",
      "Reportable by Leaseholders & Shared Owners:  \n",
      "Repairs that Aster are responsible for variances according to the leases. This list covers the majority of leases. Leaseholders should not request repairs that \n",
      "are listed here as a customer responsibility.  \n",
      "Reportable by Private Rent:  \n",
      "Private Rent customers pay higher than average rent meaning that Aster will be responsible for nearly everything within these properties.  \n",
      "Reportable by Intermediate Rent:  \n",
      "Intermediate Rent properties are old shared ownership properties which have been sold. The majority of repairs are the same as general needs properties.  \n",
      "Target Priority:  \n",
      "The priority levels can be raised if required based on professional judgement or where large number of customers may be affected, such as sheltered housing \n",
      "communal areas. \n"
    ]
  },
  {
    "page": 6,
    "content": [
      "Version 2 \n",
      "6 \n",
      "TYPE OF REPAIR \n",
      "Who is \n",
      "Responsible  \n",
      "Additional for \n",
      "Vulnerable \n",
      "Customers \n",
      "Rechargeable to \n",
      "Customer \n",
      "Reportable by \n",
      "Leaseholders & \n",
      "Shared Owners \n",
      "Reportable by \n",
      "Private rent  \n",
      "Reportable by \n",
      "Intermediate rent  \n",
      "Target Priority \n",
      "Ceilings \n",
      "Re-plastering or \n",
      "patch repairs to \n",
      "ceilings  \n",
      "Maintenance Team \n",
      "If damage is due to \n",
      "customer action \n",
      "No – Sharedowner \n",
      "Leaseholder – refer \n",
      "to buildings \n",
      "insurance on service \n",
      "now \n",
      "Yes \n",
      "Yes \n",
      "Routine  \n",
      "20 working \n",
      "days \n",
      "Chimneys  \n",
      "Repairs to chimney \n",
      "pot, cowl or stack \n",
      "Maintenance Team \n",
      "No \n",
      "Not in shared \n",
      "ownership houses, \n",
      "flats only  \n",
      "Yes \n",
      "Yes \n",
      "Routine  \n",
      "20 working \n",
      "days  \n",
      "Batch 60 \n",
      "working days  \n",
      "Cookers \n",
      "Connection of \n",
      "cookers \n",
      "Customer \n",
      "No \n",
      "Not applicable \n",
      "No \n",
      "Yes \n",
      "Yes \n",
      "No Response \n",
      "Decoration \n",
      "Internal decorations \n",
      "Customer \n",
      "No \n",
      "Not applicable \n",
      "No \n",
      "Yes \n",
      "Yes \n",
      "No Response \n",
      "Doors \n",
      "Additional keys / \n",
      "fobs for communal \n",
      "entrance doors \n",
      "Customer but extra keys are usually \n",
      "obtained from Housing team at a charge \n",
      "Rechargeable \n",
      "Rechargeable \n",
      "Yes \n",
      "Yes \n",
      "No Response \n",
      "Doors \n",
      "Gain access if keys \n",
      "lost – i.e. force \n",
      "entry & repair or \n",
      "replace lock \n",
      "All customers will be advised to contact \n",
      "locksmith in the first instance. If unable to \n",
      "do this Maintenance Team will attend but \n",
      "customer will be recharged for the visit. \n",
      "Rechargeable for \n",
      "general needs and \n",
      "vulnerable customers. \n",
      "Recharge may be \n",
      "waivered in \n",
      "exceptional \n",
      "circumstances by \n",
      "Housing team \n",
      "No response from \n",
      "Maintenance Team - \n",
      "will be advised to \n",
      "contact locksmith. \n",
      "Yes \n",
      "Yes \n",
      "Emergency  \n",
      "24 hours \n",
      "Doors \n",
      "Person locked in \n",
      "Maintenance Team \n",
      "Yes - if lock is in \n",
      "working order but \n",
      "No response from \n",
      "Maintenance – will \n",
      "Yes \n",
      "Yes \n",
      "Critical \n",
      "Emergency \n"
    ]
  },
  {
    "page": 7,
    "content": [
      "Version 2 \n",
      "7 \n",
      "TYPE OF REPAIR \n",
      "Who is \n",
      "Responsible  \n",
      "Additional for \n",
      "Vulnerable \n",
      "Customers \n",
      "Rechargeable to \n",
      "Customer \n",
      "Reportable by \n",
      "Leaseholders & \n",
      "Shared Owners \n",
      "Reportable by \n",
      "Private rent  \n",
      "Reportable by \n",
      "Intermediate rent  \n",
      "Target Priority \n",
      "customer has lost the \n",
      "key \n",
      "be advised to \n",
      "contact locksmith. \n",
      "4 hours \n",
      "(If only one \n",
      "door for access) \n",
      "Door \n",
      "Re-secure front or \n",
      "back door to \n",
      "dwelling \n",
      "Maintenance Team \n",
      "If damage is due to \n",
      "customer action \n",
      "No  \n",
      "Yes \n",
      "Yes \n",
      "Critical \n",
      "Emergency  \n",
      "4 hours  \n",
      "- Unable to close \n",
      "shut (door ajar) \n",
      "- Unable to lock \n",
      "and no chain or \n",
      "deadbolt  \n",
      "Emergency  \n",
      "- Unable to lock \n",
      "but there is a \n",
      "chain  \n",
      "Routine  \n",
      "- Unable to lock \n",
      "but they have a \n",
      "deadbolt which \n",
      "secures it & can \n",
      "access/ exit the \n",
      "property via \n",
      "another door  \n",
      "Automatic Doors \n",
      "Repairs to auto \n",
      "doors  \n",
      "Servicing Team  \n",
      "If vandalism is \n",
      "identified  \n",
      "Yes – communal  \n",
      "Yes  \n",
      "Yes \n",
      "Critical \n",
      "Emergency \n",
      "4 hours \n",
      "Door \n",
      "Repair or replace \n",
      "defective locks to \n",
      "external doors \n",
      "Maintenance Team \n",
      "If needed as a result \n",
      "of keys being lost or \n",
      "through customer \n",
      "damage. \n",
      "Free for domestic \n",
      "violence cases (If \n",
      "referred via ASB \n",
      "Team) \n",
      "No - communal \n",
      "doors only \n",
      "Yes \n",
      "Yes – recharge \n",
      "possible if customer \n",
      "damage \n",
      "Emergency  \n",
      "24 hours \n"
    ]
  }
]