[
  {
    "page": 1,
    "table": {
      "columns": [
        "Response level",
        "KPI Classification",
        "Time scale",
        "Description"
      ],
      "rows": [
        {
          "Response level": "Critical Emergency",
          "KPI Classification": "E4",
          "Time scale": "4 Hours",
          "Description": "Critical repair is Make Safe: any defect or situation that has the potential to endanger life or limb, cause major damage to the dwelling or affect a large number of customers."
        },
        {
          "Response level": "Emergency",
          "KPI Classification": "E",
          "Time scale": "24 Hours",
          "Description": "Emergency repair is: any defect that puts the health, safety or security of the customer or third party at immediate risk or adversely affects the structure of the property and may well consist initially of Make Safe only. Normally a single dwelling."
        },
        {
          "Response level": "Next Working Day",
          "KPI Classification": "NWD",
          "Time scale": "36 Hours",
          "Description": "NWD repair is: only for a beeping smoke alarm. If this is continually sounding, this is an Emergency."
        },
        {
          "Response level": "Urgent",
          "KPI Classification": "U",
          "Description": "Non emergency but likely to cause further issues if left to a R such as, containable leak (plumbing/roof leak), mains door entry system, WC not flushing (if second WC is available)"
        },
        {
          "Response level": "Routine",
          "KPI Classification": "R",
          "Time scale": "20 Working Days",
          "Description": "Routine repair is: any defect that can be deferred without serious discomfort, inconvenience or nuisance to the Customer or a third party."
        },
        {
          "Response level": "Batch",
          "KPI Classification": "60",
          "Time scale": "60 Working Days",
          "Description": "Planned one-off repair or any defect typically larger in nature & has resulted from recent deterioration with a medium or high priority. These work requests must come from a team leader or surveyor. Works that need to be completed low priority would form a programme request."
        }
      ]
    }
  },
  {
    "page": 2,
    "table": {
      "columns": [
        "TYPE OF REPAIR",
        "Who is Responsible",
        "Additional for Vulnerable Customers",
        "Rechargeable to Customer",
        "Reportable by Leaseholders & Shared Owners",
        "Reportable by Private rent",
        "Reportable by Intermediate rent",
        "Target Priority"
      ],
      "rows": [
        {
          "TYPE OF REPAIR": "Ceilings\nRe-plastering or patch repairs to ceilings",
          "Who is Responsible": "Maintenance Team",
          "Additional for Vulnerable Customers": "Maintenance Team",
          "Rechargeable to Customer": "If damage is due to customer action",
          "Reportable by Leaseholders & Shared Owners": "No – Sharedowner\nLeaseholder – refer to buildings insurance on service now",
          "Reportable by Private rent": "Yes",
          "Reportable by Intermediate rent": "Yes",
          "Target Priority": "Routine \n20 working days"
        },
        {
          "TYPE OF REPAIR": "Ceilings\nRe-plastering or patch repairs to ceilings",
          "Who is Responsible": "Maintenance Team",
          "Additional for Vulnerable Customers": "Maintenance Team",
          "Rechargeable to Customer": "If damage is due to customer action",
          "Reportable by Leaseholders & Shared Owners": "No – Sharedowner\nLeaseholder – refer to buildings insurance on service now",
          "Target Priority": "Routine \n20 working days"
        },
        {
          "TYPE OF REPAIR": "Chimneys \nRepairs to chimney pot, cowl or stack",
          "Who is Responsible": "Maintenance Team",
          "Additional for Vulnerable Customers": "Maintenance Team",
          "Rechargeable to Customer": "No",
          "Reportable by Leaseholders & Shared Owners": "Not in shared ownership houses, flats only",
          "Reportable by Private rent": "Yes",
          "Reportable by Intermediate rent": "Yes",
          "Target Priority": "Routine \n20 working days"
        },
        {
          "TYPE OF REPAIR": "Chimneys \nRepairs to chimney pot, cowl or stack",
          "Who is Responsible": "Maintenance Team",
          "Additional for Vulnerable Customers": "Maintenance Team",
          "Rechargeable to Customer": "No",
          "Reportable by Leaseholders & Shared Owners": "Not in shared ownership houses, flats only",
          "Reportable by Private rent": "Yes",
          "Reportable by Intermediate rent": "Yes",
          "Target Priority": "Batch 60 working days"
        },
        {
          "TYPE OF REPAIR": "Cookers\nConnection of cookers",
          "Who is Responsible": "Customer",
          "Additional for Vulnerable Customers": "No",
          "Rechargeable to Customer": "Not applicable",
          "Reportable by Leaseholders & Shared Owners": "No",
          "Reportable by Private rent": "Yes",
          "Reportable by Intermediate rent": "Yes",
          "Target Priority": "No Response"
        },
        {
          "TYPE OF REPAIR": "Cookers\nConnection of cookers",
          "Who is Responsible": "Customer",
          "Additional for Vulnerable Customers": "No",
          "Rechargeable to Customer": "Not applicable",
          "Reportable by Leaseholders & Shared Owners": "No"
        },
        {
          "TYPE OF REPAIR": "Decoration\nInternal decorations",
          "Who is Responsible": "Customer",
          "Additional for Vulnerable Customers": "No",
          "Rechargeable to Customer": "Not applicable",
          "Reportable by Leaseholders & Shared Owners": "No",
          "Reportable by Private rent": "Yes",
          "Reportable by Intermediate rent": "Yes",
          "Target Priority": "No Response"
        },
        {
          "TYPE OF REPAIR": "Decoration\nInternal decorations",
          "Who is Responsible": "Customer",
          "Additional for Vulnerable Customers": "No",
          "Rechargeable to Customer": "Not applicable",
          "Reportable by Leaseholders & Shared Owners": "No"
        },
        {
          "TYPE OF REPAIR": "Doors\nAdditional keys / fobs for communal entrance doors",
          "Who is Responsible": "Customer but extra keys are usually obtained from Housing team at a charge",
          "Additional for Vulnerable Customers": "Customer but extra keys are usually obtained from Housing team at a charge",
          "Rechargeable to Customer": "Rechargeable",
          "Reportable by Leaseholders & Shared Owners": "Rechargeable",
          "Reportable by Private rent": "Yes",
          "Reportable by Intermediate rent": "Yes",
          "Target Priority": "No Response"
        },
        {
          "TYPE OF REPAIR": "Doors\nAdditional keys / fobs for communal entrance doors",
          "Who is Responsible": "Customer but extra keys are usually obtained from Housing team at a charge",
          "Additional for Vulnerable Customers": "Customer but extra keys are usually obtained from Housing team at a charge",
          "Rechargeable to Customer": "Rechargeable",
          "Reportable by Leaseholders & Shared Owners": "Rechargeable"
        },
        {
          "TYPE OF REPAIR": "Doors\nGain access if keys lost – i.e. force entry & repair or replace lock",
          "Who is Responsible": "All customers will be advised to contact locksmith in the first instance. If unable to do this Maintenance Team will attend but customer will be recharged for the visit.",
          "Additional for Vulnerable Customers": "All customers will be advised to contact locksmith in the first instance. If unable to do this Maintenance Team will attend but customer will be recharged for the visit.",
          "Rechargeable to Customer": "Rechargeable for general needs and vulnerable customers. Recharge may be waivered in exceptional circumstances by Housing team",
          "Reportable by Leaseholders & Shared Owners": "No response from Maintenance Team - will be advised to contact locksmith.",
          "Reportable by Private rent": "Yes",
          "Reportable by Intermediate rent": "Yes",
          "Target Priority": "Emergency \n24 hours"
        },
        {
          "TYPE OF REPAIR": "Doors\nGain access if keys lost – i.e. force entry & repair or replace lock",
          "Who is Responsible": "All customers will be advised to contact locksmith in the first instance. If unable to do this Maintenance Team will attend but customer will be recharged for the visit.",
          "Additional for Vulnerable Customers": "All customers will be advised to contact locksmith in the first instance. If unable to do this Maintenance Team will attend but customer will be recharged for the visit.",
          "Rechargeable to Customer": "Rechargeable for general needs and vulnerable customers. Recharge may be waivered in exceptional circumstances by Housing team",
          "Reportable by Leaseholders & Shared Owners": "No response from Maintenance Team - will be advised to contact locksmith."
        },
        {
          "TYPE OF REPAIR": "Doors\nPerson locked in",
          "Who is Responsible": "Maintenance Team",
          "Additional for Vulnerable Customers": "Maintenance Team",
          "Rechargeable to Customer": "Yes - if lock is in working order but customer has lost the key",
          "Reportable by Leaseholders & Shared Owners": "No response from Maintenance – will be advised to contact locksmith.",
          "Reportable by Private rent": "Yes",
          "Reportable by Intermediate rent": "Yes",
          "Target Priority": "Critical Emergency\n4 hours\n(If only one door for access)"
        },
        {
          "TYPE OF REPAIR": "Doors\nPerson locked in",
          "Who is Responsible": "Maintenance Team",
          "Additional for Vulnerable Customers": "Maintenance Team",
          "Rechargeable to Customer": "Yes - if lock is in working order but customer has lost the key",
          "Reportable by Leaseholders & Shared Owners": "No response from Maintenance – will be advised to contact locksmith."
        },
        {
          "TYPE OF REPAIR": "Door\nRe-secure front or back door to dwelling",
          "Who is Responsible": "Maintenance Team",
          "Additional for Vulnerable Customers": "Maintenance Team",
          "Rechargeable to Customer": "If damage is due to customer action",
          "Reportable by Leaseholders & Shared Owners": "No",
          "Reportable by Private rent": "Yes",
          "Reportable by Intermediate rent": "Yes",
          "Target Priority": "Critical\nEmergency \n4 hours \n- Unable to close shut (door ajar)\n- Unable to lock and no chain or deadbolt"
        },
        {
          "TYPE OF REPAIR": "Door\nRe-secure front or back door to dwelling",
          "Who is Responsible": "Maintenance Team",
          "Additional for Vulnerable Customers": "Maintenance Team",
          "Rechargeable to Customer": "If damage is due to customer action",
          "Reportable by Leaseholders & Shared Owners": "No",
          "Reportable by Private rent": "Yes",
          "Reportable by Intermediate rent": "Yes",
          "Target Priority": "Emergency \n- Unable to lock but there is a chain"
        },
        {
          "TYPE OF REPAIR": "Door\nRe-secure front or back door to dwelling",
          "Who is Responsible": "Maintenance Team",
          "Additional for Vulnerable Customers": "Maintenance Team",
          "Rechargeable to Customer": "If damage is due to customer action",
          "Reportable by Leaseholders & Shared Owners": "No",
          "Reportable by Private rent": "Yes",
          "Reportable by Intermediate rent": "Yes",
          "Target Priority": "Routine \n- Unable to lock but they have a deadbolt which secures it & can access/ exit the property via another door"
        },
        {
          "TYPE OF REPAIR": "Automatic Doors\nRepairs to auto doors",
          "Who is Responsible": "Servicing Team",
          "Additional for Vulnerable Customers": "Servicing Team",
          "Rechargeable to Customer": "If vandalism is identified",
          "Reportable by Leaseholders & Shared Owners": "Yes – communal",
          "Reportable by Private rent": "Yes",
          "Reportable by Intermediate rent": "Yes",
          "Target Priority": "Critical Emergency\n4 hours"
        },
        {
          "TYPE OF REPAIR": "Door\nRepair or replace defective locks to external doors",
          "Who is Responsible": "Maintenance Team",
          "Additional for Vulnerable Customers": "Maintenance Team",
          "Rechargeable to Customer": "If needed as a result of keys being lost or through customer damage.\nFree for domestic violence cases (If referred via ASB Team)",
          "Reportable by Leaseholders & Shared Owners": "No - communal doors only",
          "Reportable by Private rent": "Yes",
          "Reportable by Intermediate rent": "Yes – recharge possible if customer damage",
          "Target Priority": "Emergency \n24 hours"
        }
      ]
    }
  }
]